-- phpMyAdmin SQL Dump
-- version 4.3.8
-- http://www.phpmyadmin.net
--
-- Host: localhost
-- Generation Time: Nov 29, 2017 at 12:04 PM
-- Server version: 5.6.32-78.1-log
-- PHP Version: 5.6.30

SET SQL_MODE = "NO_AUTO_VALUE_ON_ZERO";
SET time_zone = "+00:00";


/*!40101 SET @OLD_CHARACTER_SET_CLIENT=@@CHARACTER_SET_CLIENT */;
/*!40101 SET @OLD_CHARACTER_SET_RESULTS=@@CHARACTER_SET_RESULTS */;
/*!40101 SET @OLD_COLLATION_CONNECTION=@@COLLATION_CONNECTION */;
/*!40101 SET NAMES utf8 */;

--
-- Database: `bluewol5_zodiaccounters`
--

-- --------------------------------------------------------

--
-- Table structure for table `cuts`
--

CREATE TABLE IF NOT EXISTS `cuts` (
  `id` int(11) NOT NULL,
  `mo` varchar(30) NOT NULL,
  `cn` varchar(200) NOT NULL,
  `roll_id` int(11) NOT NULL,
  `user_id` int(11) DEFAULT NULL,
  `software_init` timestamp NULL DEFAULT NULL,
  `hardware_init` timestamp NULL DEFAULT NULL,
  `software_end` timestamp NULL DEFAULT NULL,
  `hardware_end` timestamp NULL DEFAULT NULL,
  `location_assigned_id` int(11) DEFAULT NULL,
  `number_position` int(11) NOT NULL,
  `orden` int(11) NOT NULL,
  `status` int(11) NOT NULL DEFAULT '0',
  `recut_comment` varchar(200) DEFAULT NULL,
  `length_measured` int(5) DEFAULT NULL,
  `created_at` timestamp NOT NULL DEFAULT '0000-00-00 00:00:00',
  `deleted_at` timestamp NULL DEFAULT NULL,
  `updated_at` timestamp NULL DEFAULT NULL,
  `id_cut_type` int(11) NOT NULL,
  `id_programa` int(11) NOT NULL,
  `length_consumed` float NOT NULL DEFAULT '0',
  `length_defect` float NOT NULL DEFAULT '0',
  `parte` varchar(30) NOT NULL,
  `error` text NOT NULL,
  `prod_user_id` int(11) NOT NULL DEFAULT '0',
  `pausa` int(11) NOT NULL DEFAULT '0',
  `balance` float NOT NULL DEFAULT '0',
  `fiber_id` varchar(30) NOT NULL,
  `length_parcial` float NOT NULL DEFAULT '0',
  `length_defect_parcial` float NOT NULL DEFAULT '0',
  `short_length` float NOT NULL DEFAULT '0',
  `short_length_defect` float NOT NULL DEFAULT '0',
  `short_time_stamp` varchar(30) NOT NULL DEFAULT '',
  `short_type` int(11) NOT NULL DEFAULT '0',
  `prev_short` float NOT NULL DEFAULT '0',
  `prev_short_defect` float NOT NULL DEFAULT '0'
) ENGINE=MyISAM AUTO_INCREMENT=150 DEFAULT CHARSET=latin1;

--
-- Dumping data for table `cuts`
--

INSERT INTO `cuts` (`id`, `mo`, `cn`, `roll_id`, `user_id`, `software_init`, `hardware_init`, `software_end`, `hardware_end`, `location_assigned_id`, `number_position`, `orden`, `status`, `recut_comment`, `length_measured`, `created_at`, `deleted_at`, `updated_at`, `id_cut_type`, `id_programa`, `length_consumed`, `length_defect`, `parte`, `error`, `prod_user_id`, `pausa`, `balance`, `fiber_id`, `length_parcial`, `length_defect_parcial`, `short_length`, `short_length_defect`, `short_time_stamp`, `short_type`, `prev_short`, `prev_short_defect`) VALUES
(17, 'x', '', 0, 8, NULL, NULL, NULL, NULL, 0, 0, 1, 0, NULL, 0, '2017-03-18 18:44:23', NULL, '2017-05-17 00:04:35', 0, 0, 0, 0, '0', '', 0, 0, 0, '0', 0, 0, 0, 0, '', 0, 0, 0),
(18, 'X1', '', 0, 8, NULL, NULL, NULL, NULL, 0, 0, 2, 0, NULL, 0, '2017-03-18 18:45:47', NULL, '2017-05-17 00:04:35', 0, 0, 0, 0, '0', '', 0, 0, 0, '0', 0, 0, 0, 0, '', 0, 0, 0),
(19, 'x2', '', 0, 8, NULL, NULL, NULL, NULL, 0, 0, 3, 0, NULL, 0, '2017-03-18 18:47:09', NULL, '2017-05-17 00:04:35', 0, 0, 0, 0, '0', '', 0, 0, 0, '0', 0, 0, 0, 0, '', 0, 0, 0),
(20, 'X3', '', 0, 8, NULL, NULL, NULL, NULL, 0, 0, 4, 0, NULL, 0, '2017-03-18 18:50:24', NULL, '2017-05-17 00:04:35', 0, 0, 0, 0, '0', '', 0, 0, 0, '0', 0, 0, 0, 0, '', 0, 0, 0),
(51, 'prueba2', '0605', 1, 8, '2017-10-15 21:44:36', '2017-10-15 21:44:37', '2017-10-15 21:46:24', '2017-10-15 21:46:24', 3, 0, 0, 3, NULL, 0, '2017-06-09 15:41:49', NULL, '2017-10-15 21:44:36', 1, 1, -82.5, 0, 'Z60070-103-CKP', '', 13, 1, 100082, 'ZM11480', 0, 0, 0, 0, '', 0, 0, 0),
(24, 'ttt1', '0502', 36, 8, '2017-05-16 23:28:34', '2017-05-16 22:40:00', '2017-05-16 23:28:51', '0000-00-00 00:00:00', 1, 2, 0, 3, NULL, 0, '0000-00-00 00:00:00', NULL, '2017-05-16 23:28:34', 1, 1, 30, 8, 'Z60070-103-CKP', '', 13, 0, 7162, 'ZM11479', 30, 8, 0, 0, '', 0, 0, 0),
(25, 'ttt1', '0502', 0, 8, '2017-05-15 11:00:00', '2017-05-15 12:17:00', '2017-05-15 14:00:00', '2017-05-15 14:07:00', 1, 0, 2, 0, NULL, 0, '2017-05-07 22:30:46', '2017-05-08 01:22:19', NULL, 1, 1, 0, 0, 'Z60070-103-CKP', '', 0, 0, 0, 'ZM11480', 0, 0, 0, 0, '', 0, 0, 0),
(26, 'ttt1', '0502', 0, 8, NULL, NULL, NULL, NULL, 1, 0, 1, 0, NULL, 0, '2017-05-07 22:30:46', '2017-05-31 15:08:00', '2017-05-16 23:28:51', 1, 1, 0, 0, 'Z60070-103-CKP', '', 0, 0, 0, 'ZM11673', 0, 0, 0, 0, '', 0, 0, 0),
(27, 'ttt1', '0502', 0, 8, NULL, NULL, NULL, NULL, 1, 0, 1, 0, NULL, 0, '2017-05-07 22:30:46', '2017-05-31 15:08:10', '2017-05-31 15:08:00', 1, 1, 0, 0, 'Z60070-103-CKP', '', 0, 0, 0, 'ZM11755', 0, 0, 0, 0, '', 0, 0, 0),
(50, 'prueba2', '0605', 47, 8, '2017-06-12 16:10:15', '2017-06-09 21:08:56', '2017-06-12 16:23:14', '2017-06-12 16:23:14', 3, 0, 0, 3, NULL, 0, '2017-06-09 15:41:49', NULL, '2017-06-12 16:10:15', 1, 1, 124.054, 11.7665, 'Z60070-103-CKP', '', 13, 1, 17867, 'ZM11479', 124.054, 11.7665, 0, 0, '', 0, 0, 0),
(49, 'prueba1', '0604', 39, 8, '2017-07-17 16:51:25', '2017-07-13 18:18:58', '2017-07-17 16:52:16', '2017-07-17 16:52:16', 3, 0, 0, 3, NULL, 0, '2017-06-07 20:47:50', NULL, '2017-07-17 16:51:25', 1, 1, 278.766, 28.426, 'Z60070-103-CKP', '', 13, 1, -474487, 'ZM11673', 278.766, 28.426, 0, 0, '', 0, 0, 0),
(30, 'Fer10', '0501', 42, 8, '2017-05-17 03:56:32', '0000-00-00 00:00:00', '2017-05-17 03:59:10', '2017-05-17 03:59:09', 3, 0, 0, 3, NULL, 0, '2017-05-15 17:17:00', NULL, '2017-05-17 03:56:32', 1, 6, 106.287, 25.7465, 'Z31910-129-CKP', '', 13, 1, 17870, 'ZM12040', 106.287, 25.7465, 0, 0, '', 0, 0, 0),
(31, 'test2302', '0502', 39, 8, '2017-05-17 14:11:17', '0000-00-00 00:00:00', '2017-05-17 14:12:51', '2017-05-17 14:12:47', 3, 0, 0, 3, NULL, 0, '2017-05-16 04:02:23', NULL, '2017-05-17 14:11:17', 1, 2, 87.0255, 24.232, 'Z30674-113-CKP', '', 13, 0, 7089, 'ZM11673', 87.0255, 24.232, 0, 0, '', 0, 0, 0),
(32, 'Test0024', '0503', 39, 8, '2017-06-01 01:43:53', '2017-06-01 01:06:59', '2017-06-01 01:44:21', '2017-06-01 01:44:20', 3, 0, 0, 3, NULL, 0, '2017-05-16 05:24:28', NULL, '2017-06-01 01:43:53', 1, 2, 252.922, 0, 'Z30674-111-CKP', '', 13, 1, 6795, 'ZM11673', 252.922, 0, 0, 0, '', 0, 0, 0),
(33, 'test2302', '0502', 39, 8, '2017-05-17 14:15:03', '0000-00-00 00:00:00', '2017-05-17 14:17:18', '2017-05-17 14:17:14', 3, 0, 0, 3, NULL, 0, '2017-05-17 14:12:51', NULL, '2017-05-17 14:15:03', 1, 2, 13.6305, 0, 'Z30674-113-CKP', '', 13, 0, 7075, 'ZM11673', 13.6305, 0, 0, 0, '', 0, 0, 0),
(34, 'test2302', '0502', 39, 8, '2017-05-17 14:18:04', '0000-00-00 00:00:00', '2017-05-17 14:18:29', '2017-05-17 14:18:24', 3, 0, 0, 3, NULL, 0, '2017-05-17 14:17:18', NULL, '2017-05-17 14:18:04', 1, 2, 25.63, 0, 'Z30674-113-CKP', '', 13, 0, 7049, 'ZM11673', 25.63, 0, 0, 0, '', 0, 0, 0),
(35, 'test31may', '0504', 39, 8, '2017-06-01 01:49:20', '2017-06-01 01:44:34', '2017-06-01 01:49:52', '2017-06-01 01:49:51', 3, 0, 0, 3, NULL, 0, '2017-06-01 01:43:20', NULL, '2017-06-01 01:49:20', 1, 2, 1.7475, 0, 'Z30674-111-CKP', '', 13, 1, 6793, 'ZM11673', 1.7475, 0, 0, 0, '', 0, 0, 0),
(36, 'test31may2', '0505', 46, 8, '2017-06-01 01:54:20', '2017-06-01 01:51:15', '2017-06-01 01:54:35', '2017-06-01 01:54:34', 3, 0, 0, 3, NULL, 0, '2017-06-01 01:49:51', NULL, '2017-06-01 01:54:20', 1, 2, 187.896, 0, 'Z30674-111-CKP', '', 13, 1, 359813, 'ZM11849-5', 187.896, 0, 0, 0, '', 0, 0, 0),
(37, 'test31may2', '0506', 46, 8, '2017-06-01 05:27:35', '2017-06-01 01:54:45', '2017-06-01 05:31:28', '2017-06-01 05:31:27', 3, 0, 0, 3, NULL, 0, '2017-06-01 01:51:58', NULL, '2017-06-01 05:27:35', 1, 2, -82.5, 0, 'Z30674-111-CKP', '', 13, 1, 359896, 'ZM11849-5', -82.5, 0, 0, 0, '', 0, 0, 0),
(38, 'test31may2', '0506', 46, 8, '2017-06-01 05:34:09', '2017-06-01 05:34:09', '2017-06-01 05:36:02', '2017-06-01 05:36:00', 3, 0, 0, 3, NULL, 0, '2017-06-01 05:31:28', NULL, '2017-06-01 05:34:09', 1, 2, 45.7665, 0, 'Z30674-111-CKP', '', 13, 0, 359850, 'ZM11849-5', 45.7665, 0, 0, 0, '', 0, 0, 0),
(48, 'prueba1', '0604', 1, 8, '2017-10-15 22:12:10', '2017-10-15 22:12:11', '2017-10-15 22:12:50', '2017-10-15 22:12:50', 3, 0, 0, 3, NULL, 0, '2017-06-07 20:47:50', NULL, '2017-10-15 22:12:10', 1, 1, 29.0085, 0, 'Z60070-103-CKP', '', 13, 0, 100054, 'ZM11480', 0, 0, 0, 0, '', 0, 0, 0),
(47, 'prueba1', '0604', 47, 8, '2017-06-23 23:14:40', '2017-06-23 15:46:31', '2017-06-23 23:18:59', '2017-06-23 23:18:59', 3, 0, 0, 3, NULL, 0, '2017-06-07 20:47:50', NULL, '2017-06-23 23:14:40', 1, 1, 383.15, 33.9015, 'Z60070-103-CKP', '', 13, 0, 17449, 'ZM11479', 383.15, 33.9015, 0, 0, '', 0, 0, 0),
(46, 'Fer011', '0603', 46, 8, '2017-06-04 02:44:07', '2017-06-04 02:44:08', '2017-06-04 02:46:53', '2017-06-04 02:46:53', 3, 0, 0, 3, NULL, 0, '2017-06-04 02:42:38', NULL, '2017-06-04 02:44:07', 1, 1, 59.0475, 18.407, 'Z60070-103-CKP', '', 13, 0, 359498, 'ZM11849-5', 59.0475, 18.407, 0, 0, '', 0, 0, 0),
(45, 'Fer011', '0603', 46, 8, '2017-06-04 02:40:07', '2017-06-04 02:40:09', '2017-06-04 02:42:38', '2017-06-04 02:42:38', 3, 0, 0, 3, NULL, 0, '2017-06-04 02:38:29', NULL, '2017-06-04 02:40:07', 1, 1, 275.272, 0, 'Z60070-103-CKP', '', 13, 0, 359573, 'ZM11849-5', 275.272, 0, 0, 0, '', 0, 0, 0),
(52, 'prueba2', '0605', 39, 8, '2017-07-11 18:30:05', '2017-06-28 23:22:51', '2017-07-12 15:38:51', '2017-07-12 15:38:50', 3, 0, 0, 3, NULL, 0, '2017-06-09 15:41:49', NULL, '2017-07-11 18:30:05', 1, 1, 99752.6, 380622, 'Z60070-103-CKP', '', 13, 1, -473583, 'ZM11673', 99752.6, 380622, 0, 0, '', 0, 0, 0),
(100, 'FCR1', '1005', 1, 8, '2017-10-18 17:04:47', '2017-10-18 16:46:07', '2017-10-18 17:04:55', '2017-10-18 17:04:55', 2, 0, 0, 3, NULL, 0, '2017-10-18 16:02:35', NULL, '2017-10-18 17:04:47', 1, 2, 101.938, 63.143, 'Z30674-111-CKP', '', 13, 1, 97453, 'ZM11673', 101.938, 63.143, 101.938, 63.143, '0', 0, 0, 0),
(99, 'FCR1', '1005', 1, 8, '2017-10-18 16:03:18', '2017-10-18 16:03:18', '2017-10-18 16:04:09', '2017-10-18 16:04:08', 2, 0, 0, 3, NULL, 0, '2017-10-18 16:02:35', NULL, '2017-10-18 16:03:18', 1, 2, 39.61, 15.611, 'Z30674-111-CKP', '', 13, 0, 97618, 'ZM11480', 39.61, 15.611, 20.504, 5.825, '2017-10-18 10:03:39', 0, 0, 0),
(56, 'prueba2', '0605', 39, 8, '2017-07-13 18:15:47', '2017-07-12 20:12:44', '2017-07-13 18:18:05', '2017-07-13 18:18:04', 3, 0, 0, 3, NULL, 0, '2017-07-12 15:38:51', NULL, '2017-07-13 18:15:47', 1, 1, 569.784, 25.164, 'Z60070-103-CKP', '', 13, 1, -474176, 'ZM11673', 569.784, 25.164, 0, 0, '', 0, 0, 0),
(57, 'Prueba14jul_1', '0701', 48, 8, '2017-08-06 18:41:41', '2017-07-14 23:00:32', '2017-08-06 18:44:29', '2017-08-06 18:44:28', 4, 0, 0, 3, NULL, 0, '2017-07-14 22:05:01', NULL, '2017-08-06 18:41:41', 1, 1, 603.115, 244.564, 'Z60070-103-CKP', '', 13, 1, 17149, 'ZM11479', 603.115, 244.564, 0, 0, '', 0, 0, 0),
(97, 'FC2', '1004', 1, 8, '2017-10-18 03:56:26', '2017-10-18 00:16:18', '2017-10-18 03:59:33', '2017-10-18 03:59:33', 2, 0, 0, 3, NULL, 0, '2017-10-17 23:45:34', NULL, '2017-10-18 03:56:26', 1, 2, 71.531, 24.698, 'Z30674-111-CKP', '', 13, 1, 97763, 'ZM11849-5', 71.531, 24.698, 65.3565, 24.698, '2017-10-17 21:56:45', 1, 0, 0),
(61, 'prueba1', '0604', 39, 8, '2017-08-15 02:30:56', '2017-08-15 02:30:57', '2017-08-15 02:44:08', '2017-08-15 02:44:07', 3, 0, 0, 3, NULL, 0, '2017-07-17 16:52:16', NULL, '2017-08-15 02:30:56', 1, 1, 188.981, 36.2315, 'Z60070-103-CKP', '', 13, 1, -474713, 'ZM11673', 188.981, 36.2315, 0, 0, '', 0, 0, 0),
(65, 'prueba1', '0604', 39, 8, '2017-08-15 02:45:06', '2017-08-15 02:45:07', '2017-08-15 02:52:00', '2017-08-15 02:52:00', 3, 0, 0, 3, NULL, 0, '2017-08-15 02:44:08', NULL, '2017-08-15 02:45:06', 1, 1, 158.458, 38.7945, 'Z60070-103-CKP', '', 13, 1, -474911, 'ZM11673', 158.458, 38.7945, 0, 0, '', 0, 0, 0),
(66, 'prueba1', '0604', 1, 8, '2017-10-15 23:26:15', '2017-10-15 22:48:36', '2017-10-15 23:30:06', '2017-10-15 23:30:05', 3, 0, 0, 3, NULL, 0, '2017-08-15 02:52:00', NULL, '2017-10-15 23:26:15', 1, 1, 130.036, 20.038, 'Z60070-103-CKP', '', 13, 1, 99551.9, 'ZM11673', 50, 0, 50, 0, '2017-10-15 16:49:00', 0, 0, 0),
(108, 'FCU2', '1006', 1, 8, '2017-10-19 19:18:09', '2017-10-19 19:18:09', '2017-10-19 19:19:08', '2017-10-19 19:19:08', 2, 0, 0, 3, NULL, 0, '2017-10-19 18:46:02', NULL, '2017-10-19 19:18:09', 1, 2, 11.883, 0, 'Z30674-111-CKP', '', 13, 0, 97234, 'ZM11673', 11.883, 0, 11.883, 0, '0', 0, 0, 0),
(109, 'FCU2', '1006', 1, 8, '2017-10-19 19:45:48', '2017-10-19 19:45:48', '2017-10-19 19:47:15', '2017-10-19 19:47:13', 2, 0, 0, 3, NULL, 0, '2017-10-19 18:46:02', NULL, '2017-10-19 19:45:48', 1, 2, 10.1355, 0, 'Z30674-111-CKP', '', 13, 0, 97224, 'ZM11849-5', 10.1355, 0, 10.1355, 0, '0', 0, 0, 0),
(102, 'FCR1', '1005', 1, 8, '2017-10-19 15:53:16', '2017-10-19 15:53:17', '2017-10-19 16:07:21', '2017-10-19 16:07:20', 2, 0, 0, 3, NULL, 0, '2017-10-19 15:51:56', NULL, '2017-10-19 15:53:16', 1, 2, 52.0755, 6.1745, 'Z30674-111-CKP', '', 13, 1, 97306, 'ZM11849-5', 52.0755, 6.1745, 14.5625, 6.1745, '2017-10-19 10:06:41', 1, 0, 0),
(103, 'FCR1', '1005', 1, 8, '2017-10-19 16:07:42', '2017-10-19 16:07:43', '2017-10-19 16:08:21', '2017-10-19 16:08:21', 2, 0, 0, 3, NULL, 0, '2017-10-19 16:07:21', NULL, '2017-10-19 16:07:42', 1, 2, 13.514, 0, 'Z30674-111-CKP', '', 13, 0, 97292, 'ZM11849-5', 13.514, 0, 13.514, 0, '0', 0, 0, 0),
(104, 'FCR1', '1005', 1, 8, '2017-10-19 16:28:00', '2017-10-19 16:28:00', '2017-10-19 16:56:54', '2017-10-19 16:56:54', 2, 0, 0, 3, NULL, 0, '2017-10-19 16:08:21', NULL, '2017-10-19 16:28:00', 1, 2, 13.3975, 0.3495, 'Z30674-111-CKP', '', 13, 1, 97279, 'ZM11849-5', 13.3975, 0.3495, 13.3975, 0.3495, '2017-10-19 10:56:19', 1, 0, 0),
(105, 'FCR1', '1005', 1, 8, '2017-10-19 16:57:14', '2017-10-19 16:57:14', '2017-10-19 17:00:23', '2017-10-19 17:00:23', 2, 0, 0, 3, NULL, 0, '2017-10-19 16:56:54', NULL, '2017-10-19 16:57:14', 1, 2, 23.533, 0, 'Z30674-111-CKP', '', 13, 0, 97255, 'ZM11849-5', 23.533, 0, 23.533, 0, '0', 0, 0, 0),
(106, 'FCR1', '1005', 1, 8, '2017-10-19 17:11:32', '2017-10-19 17:11:33', '2017-10-19 17:13:54', '2017-10-19 17:13:54', 2, 0, 0, 3, NULL, 0, '2017-10-19 17:00:23', NULL, '2017-10-19 17:11:32', 1, 2, 8.7375, 0, 'Z30674-111-CKP', '', 13, 0, 97246, 'ZM11849-5', 8.7375, 0, 8.7375, 0, '0', 0, 0, 0),
(107, 'FCU2', '1006', 57, 8, '2017-10-19 18:47:01', '2017-10-19 18:47:02', '2017-10-19 18:47:19', '2017-10-19 18:47:19', 2, 0, 0, 3, NULL, 0, '2017-10-19 18:46:02', NULL, '2017-10-19 18:47:01', 1, 2, 15.9605, 0, 'Z30674-111-CKP', '', 13, 0, 333, 'ZM11480', 15.9605, 0, 15.9605, 0, '0', 0, 0, 0),
(101, 'FCR1', '1005', 1, 8, '2017-10-19 15:51:42', '2017-10-19 15:21:37', '2017-10-19 15:51:56', '2017-10-19 15:51:55', 2, 0, 0, 3, NULL, 0, '2017-10-18 16:02:35', NULL, '2017-10-19 15:51:42', 1, 2, 62.211, 26.6785, 'Z30674-111-CKP', '', 13, 1, 97364, 'ZM11849-5', 62.211, 26.6785, 62.211, 26.6785, '0', 0, 0, 0),
(98, 'FC2', '1004', 1, 8, '2017-10-18 16:00:54', '2017-10-18 04:06:28', '2017-10-18 16:01:03', '2017-10-18 16:01:02', 2, 0, 0, 3, NULL, 0, '2017-10-18 03:59:33', NULL, '2017-10-18 16:00:54', 1, 2, 54.056, 35.416, 'Z30674-111-CKP', '', 13, 0, 97674, 'ZM11849-5', 54.056, 35.416, 54.056, 35.416, '0', 0, 0, 0),
(96, 'FC2', '1004', 1, 8, '2017-10-18 00:05:26', '2017-10-18 00:05:27', '2017-10-18 00:09:44', '2017-10-18 00:09:44', 2, 0, 0, 3, NULL, 0, '2017-10-17 23:45:34', NULL, '2017-10-18 00:05:26', 1, 2, 109.859, 72.23, 'Z30674-111-CKP', '', 13, 0, 97859, 'ZM11673', 109.859, 72.23, 0, 0, '0', 0, 0, 0),
(86, 'MR', '1001', 1, 8, '2017-10-15 22:14:12', '2017-10-15 22:14:12', '2017-10-15 22:36:24', '2017-10-15 22:36:23', 3, 0, 0, 3, NULL, 0, '2017-10-06 01:03:58', NULL, '2017-10-15 22:14:12', 1, 2, 119.995, 80.0355, 'Z30674-111-CKP', '', 13, 1, 99802, 'ZM11480', 0, 0, 0, 0, '', 0, 0, 0),
(87, 'MR', '1001', 1, 8, '2017-10-16 23:58:06', '2017-10-15 22:48:36', '2017-10-16 23:58:37', '2017-10-16 23:58:37', 3, 0, 0, 3, NULL, 0, '2017-10-06 01:03:58', NULL, '2017-10-16 23:58:06', 1, 2, 93.571, 30, 'Z30674-111-CKP', '', 13, 0, 99428.4, 'ZM11673', 50, 30, 50, 30, '2017-10-15 16:50:00', 0, 0, 0),
(94, 'FC1', '1003', 1, 8, '2017-10-17 23:33:18', '2017-10-17 23:33:18', '2017-10-17 23:43:35', '2017-10-17 23:43:33', 2, 0, 0, 3, NULL, 0, '2017-10-17 19:29:00', NULL, '2017-10-17 23:33:18', 1, 2, 122.791, 44.3865, 'Z30674-111-CKP', '', 13, 0, 98155, 'ZM11849-5', 122.791, 44.3865, 0, 0, '0', 0, 0, 0),
(91, 'prueba1', '0604', 1, 8, '2017-10-15 22:13:22', '0000-00-00 00:00:00', '2017-10-15 22:13:38', '2017-10-15 22:13:38', 3, 0, 0, 3, NULL, 0, '2017-10-15 22:10:06', NULL, '2017-10-15 22:13:22', 1, 1, 51.959, 0, 'Z60070-103-CKP', '', 13, 0, 100002, '', 0, 0, 0, 0, '', 0, 0, 0),
(110, 'FCU3', '1007', 57, 8, '2017-10-20 00:25:10', '2017-10-20 00:25:11', '2017-10-20 00:26:12', '2017-10-20 00:26:11', 2, 0, 0, 3, NULL, 0, '2017-10-20 00:19:21', NULL, '2017-10-20 00:25:10', 1, 2, 27.3775, 0, 'Z30674-111-CKP', '', 13, 0, 306, 'ZM11480', 27.3775, 0, 27.3775, 0, '0', 0, 0, 0),
(111, 'FCU3', '1007', 1, 8, '2017-10-20 01:16:06', '2017-10-20 00:35:44', '2017-10-20 01:16:16', '2017-10-20 01:16:15', 2, 0, 0, 3, NULL, 0, '2017-10-20 00:19:21', NULL, '2017-10-20 01:16:06', 1, 2, 53.4735, 0, 'Z30674-111-CKP', '', 13, 0, 97171, 'ZM11673', 53.4735, 0, 53.4735, 0, '0', 0, 0, 0),
(112, 'FCU3', '1007', 1, 8, '2017-10-20 01:21:14', '2017-10-20 01:21:14', '2017-10-20 01:22:00', '2017-10-20 01:21:59', 2, 0, 0, 3, NULL, 0, '2017-10-20 00:19:21', NULL, '2017-10-20 01:21:14', 1, 2, 0, 3.495, 'Z30674-111-CKP', '', 13, 0, 97168, 'ZM11849-5', 0, 3.495, 0, 3.495, '0', 1, 0, 0),
(113, 'FCU4', '1008', 57, 8, '2017-10-20 01:27:54', '2017-10-20 01:27:55', '2017-10-20 01:28:17', '2017-10-20 01:28:16', 2, 0, 0, 3, NULL, 0, '2017-10-20 01:27:02', NULL, '2017-10-20 01:27:54', 1, 2, 36.6975, 22.834, 'Z30674-111-CKP', '', 13, 0, 246.469, 'ZM11480', 0, 0, 0, 0, '', 0, 0, 0),
(114, 'FCU4', '1008', 1, 8, '2017-10-20 01:33:49', '2017-10-20 01:33:49', '2017-10-20 01:34:17', '2017-10-20 01:34:16', 2, 0, 0, 3, NULL, 0, '2017-10-20 01:27:02', NULL, '2017-10-20 01:33:49', 1, 2, 20.3875, 5.9415, 'Z30674-111-CKP', '', 13, 0, 97141.7, 'ZM11673', 0, 0, 0, 0, '', 0, 0, 0),
(115, 'FCU4', '1008', 1, 8, '2017-10-20 01:44:18', '2017-10-20 01:44:19', '2017-10-20 01:44:50', '2017-10-20 01:44:49', 2, 0, 0, 3, NULL, 0, '2017-10-20 01:27:02', NULL, '2017-10-20 01:44:18', 1, 2, 20.6205, 10.019, 'Z30674-111-CKP', '', 13, 0, 97111.4, 'ZM11849-5', 0, 0, 0, 0, '', 0, 0, 0),
(116, 'FCU5', '1009', 57, 8, '2017-10-20 01:55:01', '2017-10-20 01:55:01', '2017-10-20 02:14:14', '2017-10-20 02:14:13', 2, 0, 0, 3, NULL, 0, '2017-10-20 01:54:16', NULL, '2017-10-20 01:55:01', 1, 2, 40.4255, 15.145, 'Z30674-111-CKP', '', 13, 1, 191, 'ZM11480', 40.4255, 15.145, 40.4255, 15.145, '0', 0, 0, 0),
(117, 'FCU5', '1009', 1, 8, '2017-10-20 03:30:40', '2017-10-20 03:30:40', '2017-10-20 03:31:54', '2017-10-20 03:31:53', 2, 0, 0, 3, NULL, 0, '2017-10-20 01:54:16', NULL, '2017-10-20 03:30:40', 1, 2, 20.1545, 5.4755, 'Z30674-111-CKP', '', 13, 0, 97086.1, 'ZM11673', 20.271, 5.4755, 20.271, 5.4755, '0', 0, 10.1355, 5.4755),
(118, 'FCU5', '1009', 1, 8, '2017-10-20 03:39:24', '2017-10-20 03:38:13', '2017-10-20 03:39:41', '2017-10-20 03:39:40', 2, 0, 0, 3, NULL, 0, '2017-10-20 01:54:16', NULL, '2017-10-20 03:39:24', 1, 2, 20.1545, 10.252, 'Z30674-111-CKP', '', 13, 0, 97055, 'ZM11849-5', 20.1545, 10.252, 20.1545, 10.252, '0', 1, 20.1545, 5.2425),
(119, 'FCU5', '1009', 57, 8, '2017-10-20 02:16:06', '2017-10-20 02:14:38', '2017-10-20 02:24:18', '2017-10-20 02:24:17', 2, 0, 0, 3, NULL, 0, '2017-10-20 02:14:14', NULL, '2017-10-20 02:16:06', 1, 2, 20.8535, 6.524, 'Z30674-111-CKP', '', 13, 1, 164, 'ZM11480', 20.8535, 6.524, 20.8535, 6.524, '0', 1, 0, 0),
(120, 'FCU5', '1010', 57, 8, '2017-10-24 01:57:31', '2017-10-24 01:57:32', '2017-10-24 01:58:01', '2017-10-24 01:58:00', 2, 0, 0, 3, NULL, 0, '2017-10-24 01:55:12', NULL, '2017-10-24 01:57:31', 1, 2, 21.7855, 9.786, 'Z30674-111-CKP', '', 13, 0, 132.428, 'ZM11480', 0, 0, 0, 0, '0', 1, 0, 0),
(121, 'FCU5', '1010', 1, 8, '2017-10-24 02:05:54', '2017-10-24 02:05:54', '2017-10-24 02:06:17', '2017-10-24 02:06:16', 2, 0, 0, 3, NULL, 0, '2017-10-24 01:55:12', NULL, '2017-10-24 02:05:54', 1, 2, 12.4655, 5.9415, 'Z30674-111-CKP', '', 13, 0, 97037, 'ZM11673', 12.4655, 5.9415, 12.4655, 5.9415, '0', 0, 7.223, 5.9415),
(122, 'FCU5', '1010', 1, 8, '2017-10-24 02:10:52', '2017-10-24 02:10:53', '2017-10-24 02:12:16', '2017-10-24 02:12:15', 2, 0, 0, 3, NULL, 0, '2017-10-24 01:55:12', NULL, '2017-10-24 02:10:52', 1, 2, 36.115, 33.319, 'Z30674-111-CKP', '', 13, 0, 96968, 'ZM11849-5', 36.115, 33.319, 36.115, 33.319, '0', 0, 36.115, 33.319),
(123, 'FCU5', '1010', 1, 8, '2017-10-24 02:13:16', '2017-10-24 02:13:17', '2017-10-24 02:14:58', '2017-10-24 02:14:57', 2, 0, 0, 3, NULL, 0, '2017-10-24 02:12:16', NULL, '2017-10-24 02:13:16', 1, 2, 16.543, 13.6305, 'Z30674-111-CKP', '', 13, 0, 96938, 'ZM11849-5', 16.543, 13.6305, 16.543, 13.6305, '0', 0, 9.786, 13.6305),
(124, 'FCU5', '1010', 1, 8, '2017-10-24 02:18:22', '2017-10-24 02:15:30', '2017-10-24 02:21:11', '2017-10-24 02:21:10', 2, 0, 0, 3, NULL, 0, '2017-10-24 02:14:58', NULL, '2017-10-24 02:18:22', 1, 2, 26.329, 0, 'Z30674-111-CKP', '', 13, 0, 96913, 'ZM11849-5', 26.329, 0, 26.329, 0, '0', 0, 26.329, 0),
(125, 'FCU6', '1011', 57, 8, '2017-10-24 02:28:50', '2017-10-24 02:27:40', '2017-10-24 02:29:11', '2017-10-24 02:29:10', 2, 0, 0, 3, NULL, 0, '2017-10-24 02:26:26', NULL, '2017-10-24 02:28:50', 1, 2, 20.271, 7.223, 'Z30674-111-CKP', '', 13, 0, 105, 'ZM11480', 20.271, 7.223, 20.271, 7.223, '0', 0, 20.271, 7.223),
(126, 'FCU6', '1011', 1, 8, '2017-10-24 18:18:44', '2017-10-24 18:18:44', '2017-10-24 18:19:52', '2017-10-24 18:19:51', 2, 0, 0, 3, NULL, 0, '2017-10-24 02:26:26', NULL, '2017-10-24 18:18:44', 1, 2, 36.4645, 26.795, 'Z30674-111-CKP', '', 13, 0, 96819, 'ZM11673', 36.4645, 26.795, 0, 0, '0', 0, 33.552, 26.795),
(127, 'FCU6', '1011', 0, 8, NULL, NULL, NULL, NULL, 2, 0, 6, 0, NULL, 0, '2017-10-24 02:26:26', NULL, '2017-11-29 18:24:51', 1, 2, 0, 0, 'Z30674-111-CKP', '', 0, 0, 0, 'ZM11849-5', 0, 0, 0, 0, '', 0, 0, 0),
(128, 'FCU7', '1012', 57, 8, '2017-10-24 18:06:11', '2017-10-24 05:07:25', '2017-10-24 18:06:22', '2017-10-24 18:06:21', 2, 0, 0, 3, NULL, 0, '2017-10-24 05:04:05', NULL, '2017-10-24 18:06:11', 1, 2, 53.4735, 8.0385, 'Z30674-115-CKP', '', 13, 0, 45, 'ZM11480', 53.4735, 8.0385, 53.4735, 8.0385, '0', 0, 21.669, 8.0385),
(129, 'FCU7', '1012', 1, 8, '2017-10-24 18:10:00', '2017-10-24 18:10:00', '2017-10-24 18:10:50', '2017-10-24 18:10:49', 2, 0, 0, 3, NULL, 0, '2017-10-24 05:04:05', NULL, '2017-10-24 18:10:00', 1, 2, 24.1155, 6.524, 'Z30674-115-CKP', '', 13, 0, 96882, 'ZM11673', 24.1155, 6.524, 0, 0, '0', 0, 20.271, 6.524),
(130, 'FCU7', '1012', 0, 8, NULL, NULL, NULL, NULL, 2, 0, 8, 0, NULL, 0, '2017-10-24 05:04:05', NULL, '2017-11-29 18:24:51', 1, 2, 0, 0, 'Z30674-115-CKP', '', 0, 0, 0, 'ZM11849-5', 0, 0, 0, 0, '', 0, 0, 0),
(131, 'FCU9', '1001', 1, 8, '2017-11-29 17:08:22', '2017-11-13 01:17:20', '2017-11-29 17:15:02', '2017-11-29 17:15:01', 2, 0, 0, 3, NULL, 0, '2017-10-31 23:13:38', NULL, '2017-11-29 17:08:22', 1, 3, 26.562, 88.8895, 'Z68231-101-CKP', '', 13, 0, 96584, 'ZM11480', 26.562, 88.8895, 26.562, 88.8895, '0', 1, 26.562, 0),
(132, 'FCU9', '1001', 1, 8, '2017-11-29 18:04:36', '2017-11-29 18:00:59', '2017-11-29 18:24:51', '2017-11-29 18:24:51', 2, 0, 0, 3, NULL, 0, '2017-10-31 23:13:38', NULL, '2017-11-29 18:04:36', 1, 3, 116.85, 69.5505, 'Z68231-101-CKP', '', 13, 1, 96396, 'ZM11654-45', 116.85, 69.5505, 0, 0, '0', 0, 115.335, 69.5505),
(133, 'FCU9', '1001', 0, 8, NULL, NULL, NULL, NULL, 2, 0, 2, 0, NULL, 0, '2017-10-31 23:13:38', NULL, '2017-11-29 18:24:51', 1, 3, 0, 0, 'Z68231-101-CKP', '', 0, 0, 0, 'ZM11673', 0, 0, 0, 0, '', 0, 0, 0),
(134, 'FCU9', '1001', 0, 8, NULL, NULL, NULL, NULL, 2, 0, 5, 0, NULL, 0, '2017-10-31 23:13:38', NULL, '2017-11-29 18:24:51', 1, 3, 0, 0, 'Z68231-101-CKP', '', 0, 0, 0, 'ZM11849-5', 0, 0, 0, 0, '', 0, 0, 0),
(135, 'FCU9', '1001', 0, 8, NULL, NULL, NULL, NULL, 2, 0, 9, 0, NULL, 0, '2017-10-31 23:13:38', NULL, '2017-11-29 18:24:51', 1, 3, 0, 0, 'Z68231-101-CKP', '', 0, 0, 0, 'ZM12231', 0, 0, 0, 0, '', 0, 0, 0),
(136, 'FCU9', '1001', 0, 8, NULL, NULL, NULL, NULL, 2, 0, 10, 0, NULL, 0, '2017-10-31 23:13:38', NULL, '2017-11-29 18:24:51', 1, 3, 0, 0, 'Z68231-101-CKP', '', 0, 0, 0, 'ZM12276', 0, 0, 0, 0, '', 0, 0, 0),
(148, 'EU1', '1105', 0, 8, NULL, NULL, NULL, NULL, 1, 0, 2, 0, NULL, 0, '2017-11-25 03:26:31', NULL, '2017-11-25 03:26:31', 1, 2, 0, 0, 'Z30674-111-CKP', '', 0, 0, 0, 'ZM11673', 0, 0, 0, 0, '', 0, 0, 0),
(138, 'IOT1', '1101', 0, 8, NULL, NULL, NULL, NULL, 2, 0, 3, 0, NULL, 0, '2017-11-06 20:21:03', NULL, '2017-11-29 18:24:51', 1, 2, 0, 0, 'Z30674-111-CKP', '', 0, 0, 0, 'ZM11673', 0, 0, 0, 0, '', 0, 0, 0),
(139, 'IOT1', '1101', 0, 8, NULL, NULL, NULL, NULL, 2, 0, 7, 0, NULL, 0, '2017-11-06 20:21:03', NULL, '2017-11-29 18:24:51', 1, 2, 0, 0, 'Z30674-111-CKP', '', 0, 0, 0, 'ZM11849-5', 0, 0, 0, 0, '', 0, 0, 0),
(141, 'iot2', '1102', 1, 8, '2017-11-29 18:39:04', '2017-11-29 18:33:21', NULL, NULL, 2, 0, 1, 2, NULL, 0, '2017-11-06 21:36:36', NULL, '2017-11-29 18:39:04', 1, 2, 5.7085, 8.854, 'Z30674-111-CKP', '', 13, 0, 96381, 'ZM11673', 5.7085, 8.854, 5.7085, 8.854, '2017-11-29 11:51:46', 1, 5.7085, 8.854),
(142, 'iot2', '1102', 0, 8, NULL, NULL, NULL, NULL, 2, 0, 4, 0, NULL, 0, '2017-11-06 21:36:36', NULL, '2017-11-29 18:24:51', 1, 2, 0, 0, 'Z30674-111-CKP', '', 0, 0, 0, 'ZM11849-5', 0, 0, 0, 0, '', 0, 0, 0),
(143, 'mo234', '1103', 1, 8, '2017-11-12 23:21:20', '2017-11-12 23:21:20', '2017-11-12 23:23:44', '2017-11-12 23:23:43', 2, 0, 0, 3, NULL, 0, '2017-11-12 22:55:38', NULL, '2017-11-12 23:21:20', 1, 2, 0, 3.3785, 'Z61271-105', '', 13, 0, 96699, 'ZM11481', 0, 3.3785, 0, 3.3785, '2017-11-12 16:23:35', 0, 0, 0),
(145, 'FCU6', '1104', 0, 8, NULL, NULL, NULL, NULL, 3, 0, 1, 0, NULL, 0, '2017-11-22 03:44:34', NULL, '2017-11-22 04:22:11', 1, 2, 0, 0, 'Z30674-111-CKP', '', 0, 0, 0, 'ZM11673', 0, 0, 0, 0, '', 0, 0, 0),
(146, 'FCU6', '1104', 0, 8, NULL, NULL, NULL, NULL, 3, 0, 2, 0, NULL, 0, '2017-11-22 03:44:34', NULL, '2017-11-22 04:22:11', 1, 2, 0, 0, 'Z30674-111-CKP', '', 0, 0, 0, 'ZM11849-5', 0, 0, 0, 0, '', 0, 0, 0),
(147, 'EU1', '1105', 1, 8, NULL, NULL, NULL, NULL, 1, 0, 1, 0, NULL, 0, '2017-11-25 03:26:31', NULL, '2017-11-25 03:26:31', 1, 2, 0, 0, 'Z30674-111-CKP', '', 0, 0, 0, 'ZM11480', 0, 0, 0, 0, '', 0, 0, 0),
(149, 'EU1', '1105', 0, 8, NULL, NULL, NULL, NULL, 1, 0, 3, 0, NULL, 0, '2017-11-25 03:26:31', NULL, '2017-11-25 03:26:31', 1, 2, 0, 0, 'Z30674-111-CKP', '', 0, 0, 0, 'ZM11849-5', 0, 0, 0, 0, '', 0, 0, 0);

-- --------------------------------------------------------

--
-- Table structure for table `cut_defect`
--

CREATE TABLE IF NOT EXISTS `cut_defect` (
  `id` int(11) NOT NULL,
  `id_cut` int(11) NOT NULL,
  `lenght` float NOT NULL,
  `type` int(11) NOT NULL DEFAULT '0',
  `razon` int(11) NOT NULL DEFAULT '0'
) ENGINE=MyISAM DEFAULT CHARSET=latin1;

-- --------------------------------------------------------

--
-- Table structure for table `cut_mos_to_products`
--

CREATE TABLE IF NOT EXISTS `cut_mos_to_products` (
  `mo` varchar(30) NOT NULL,
  `product_id` int(11) NOT NULL,
  `created_at` timestamp NOT NULL DEFAULT CURRENT_TIMESTAMP ON UPDATE CURRENT_TIMESTAMP,
  `deleted_at` timestamp NULL DEFAULT NULL,
  `updated_at` timestamp NULL DEFAULT NULL
) ENGINE=MyISAM DEFAULT CHARSET=latin1;

-- --------------------------------------------------------

--
-- Table structure for table `cut_pause`
--

CREATE TABLE IF NOT EXISTS `cut_pause` (
  `id` int(11) NOT NULL,
  `id_cut` int(11) NOT NULL,
  `inicio` datetime DEFAULT NULL,
  `fin` datetime DEFAULT NULL,
  `razon_id` int(11) NOT NULL DEFAULT '0',
  `razon` varchar(100) NOT NULL DEFAULT ''
) ENGINE=MyISAM AUTO_INCREMENT=245 DEFAULT CHARSET=latin1;

--
-- Dumping data for table `cut_pause`
--

INSERT INTO `cut_pause` (`id`, `id_cut`, `inicio`, `fin`, `razon_id`, `razon`) VALUES
(1, 1, '2017-02-11 22:07:00', '2017-02-11 23:36:00', 2, ''),
(3, 1, '2017-02-12 16:46:48', '2017-02-12 16:48:07', 1, ''),
(4, 40, '2017-02-12 16:49:08', '2017-02-12 16:49:36', 2, ''),
(5, 40, '2017-02-12 16:50:37', '2017-02-12 16:50:38', 2, ''),
(6, 40, '2017-02-12 16:50:38', '2017-02-12 16:50:59', 2, ''),
(7, 40, '2017-02-12 16:50:59', NULL, 3, ''),
(8, 43, '2017-02-13 20:27:17', '2017-02-13 20:27:28', 1, ''),
(9, 43, '2017-02-13 20:27:28', '2017-02-13 20:27:39', 2, ''),
(10, 43, '2017-02-13 20:27:39', NULL, 3, ''),
(11, 45, '2017-02-14 07:48:58', '2017-06-03 20:42:24', 3, ''),
(12, 50, '2017-02-14 07:56:01', '2017-02-14 07:57:10', 1, ''),
(13, 50, '2017-02-14 07:57:10', '2017-06-09 15:25:33', 1, ''),
(14, 51, '2017-02-14 07:58:48', '2017-10-05 19:23:30', 4, ''),
(15, 52, '2017-02-14 07:59:44', '2017-02-14 08:00:06', 2, ''),
(16, 52, '2017-02-14 08:00:06', '2017-02-14 08:00:21', 2, ''),
(17, 52, '2017-02-14 08:00:21', '2017-02-14 08:00:23', 2, ''),
(18, 52, '2017-02-14 08:00:23', '2017-06-28 17:23:24', 2, ''),
(19, 53, '2017-02-14 08:03:13', NULL, 1, ''),
(20, 54, '2017-02-14 08:04:38', NULL, 4, ''),
(21, 55, '2017-02-14 08:05:59', NULL, 3, ''),
(22, 56, '2017-02-14 08:07:54', '2017-02-14 08:08:24', 1, ''),
(23, 56, '2017-02-14 08:08:24', '2017-07-12 14:13:18', 2, ''),
(24, 57, '2017-02-14 08:28:53', '2017-02-14 08:28:53', 1, 'prueba'),
(25, 57, '2017-02-14 08:28:53', '2017-07-14 17:06:20', 3, 'prueba2'),
(26, 58, '2017-02-14 08:44:56', '2017-02-14 08:44:56', 0, ''),
(27, 58, '2017-02-14 08:44:56', '2017-02-14 08:45:19', 0, ''),
(28, 58, '2017-02-14 08:45:19', '2017-02-14 08:45:19', 0, ''),
(29, 58, '2017-02-14 08:45:19', '2017-02-14 08:45:47', 0, ''),
(30, 58, '2017-02-14 08:45:47', '2017-02-14 08:45:47', 0, ''),
(31, 58, '2017-02-14 08:45:47', '2017-02-14 08:50:36', 0, ''),
(32, 58, '2017-02-14 08:50:36', NULL, 0, ''),
(33, 59, '2017-02-15 16:10:08', '2017-02-15 16:29:20', 0, ''),
(34, 59, '2017-02-15 16:29:20', '2017-02-15 17:27:27', 0, ''),
(35, 59, '2017-02-15 17:27:27', NULL, 0, ''),
(36, 61, '2017-02-15 19:38:36', '2017-08-14 20:36:50', 0, ''),
(37, 62, '2017-02-15 19:40:06', '2017-08-06 12:46:49', 1, 'jesus'),
(38, 63, '2017-02-16 00:20:57', NULL, 0, ''),
(39, 64, '2017-02-16 09:30:05', NULL, 0, ''),
(40, 65, '2017-02-16 09:32:00', '2017-08-14 20:51:55', 0, ''),
(41, 66, '2017-02-17 17:14:15', '2017-02-17 17:17:17', 1, ''),
(42, 66, '2017-02-17 17:22:25', '2017-02-17 17:24:58', 1, ''),
(43, 66, '2017-02-17 17:25:22', '2017-02-17 17:29:24', 2, ''),
(44, 66, '2017-02-17 17:29:24', '2017-02-17 17:35:29', 0, ''),
(45, 66, '2017-02-17 17:35:29', '2017-02-17 17:35:36', 0, ''),
(46, 66, '2017-02-17 17:35:36', '2017-02-17 17:35:45', 0, ''),
(47, 66, '2017-02-17 17:35:45', '2017-02-17 17:35:48', 0, ''),
(48, 66, '2017-02-17 17:35:48', '2017-02-17 17:35:51', 0, ''),
(49, 66, '2017-02-17 17:35:51', '2017-02-17 17:40:54', 0, ''),
(50, 66, '2017-02-17 17:40:54', '2017-02-17 17:42:42', 0, ''),
(51, 66, '2017-02-17 17:42:42', '2017-02-17 17:43:13', 0, ''),
(52, 66, '2017-02-17 17:43:13', '2017-10-15 17:30:03', 0, ''),
(53, 67, '2017-02-17 17:45:12', '2017-02-17 17:45:37', 0, ''),
(54, 67, '2017-02-17 17:45:37', '2017-10-16 20:11:59', 0, ''),
(55, 68, '2017-02-17 18:10:17', '2017-02-17 18:20:40', 0, ''),
(56, 68, '2017-02-17 18:20:40', '2017-02-17 18:20:42', 0, ''),
(57, 68, '2017-02-17 18:20:42', '2017-02-17 18:21:02', 0, ''),
(58, 68, '2017-02-17 18:21:02', '2017-10-16 20:48:39', 0, ''),
(59, 69, '2017-02-17 18:26:20', '2017-02-17 18:26:31', 0, ''),
(60, 69, '2017-02-17 18:26:32', '2017-02-17 18:26:40', 0, ''),
(61, 69, '2017-02-17 18:26:40', NULL, 0, ''),
(62, 70, '2017-02-17 18:42:29', '2017-02-17 19:42:19', 0, ''),
(63, 70, '2017-02-17 19:42:19', '2017-02-17 19:42:30', 0, ''),
(64, 70, '2017-02-17 19:42:30', '2017-02-17 19:42:30', 0, ''),
(65, 70, '2017-02-17 19:42:30', '2017-02-17 19:47:34', 0, ''),
(66, 70, '2017-02-17 19:47:34', '2017-02-17 21:19:14', 0, ''),
(67, 70, '2017-02-17 21:19:14', '2017-02-17 21:19:16', 0, ''),
(68, 70, '2017-02-17 21:19:16', '2017-02-17 21:24:51', 0, ''),
(69, 70, '2017-02-17 21:24:51', '2017-02-17 22:18:50', 0, ''),
(70, 70, '2017-02-17 22:24:44', '2017-02-17 22:32:30', 0, ''),
(71, 70, '2017-02-17 22:32:31', '2017-02-17 22:32:38', 0, ''),
(72, 70, '2017-02-17 22:32:38', '2017-10-16 20:58:18', 0, ''),
(73, 71, '2017-02-18 11:28:58', '2017-02-18 11:37:31', 3, ''),
(74, 71, '2017-02-18 11:37:31', '2017-02-18 11:45:56', 0, ''),
(75, 71, '2017-02-18 11:45:56', '2017-02-18 11:46:06', 0, ''),
(76, 71, '2017-02-18 11:46:33', '2017-02-18 11:48:52', 0, ''),
(77, 71, '2017-02-18 11:48:52', '2017-02-18 11:49:25', 0, ''),
(78, 71, '2017-02-18 11:49:25', '2017-02-18 11:49:28', 0, ''),
(79, 71, '2017-02-18 11:49:28', '2017-02-18 11:54:32', 0, ''),
(80, 71, '2017-02-18 11:54:32', '2017-02-18 12:00:53', 0, ''),
(81, 71, '2017-02-18 13:29:19', '2017-02-18 13:29:25', 0, ''),
(82, 73, '2017-02-20 11:01:05', '2017-02-20 11:01:08', 0, ''),
(83, 72, '2017-02-20 18:39:50', '2017-02-20 18:53:02', 1, ''),
(84, 72, '2017-02-20 18:54:12', '2017-02-20 20:09:09', 0, ''),
(85, 72, '2017-02-20 20:09:09', '2017-02-20 20:45:11', 0, ''),
(86, 72, '2017-02-20 20:45:11', '2017-02-20 20:45:16', 0, ''),
(87, 74, '2017-02-20 20:50:21', '2017-02-20 20:50:24', 0, ''),
(88, 75, '2017-02-20 20:57:57', '2017-02-20 21:50:50', 0, ''),
(89, 75, '2017-02-20 21:50:50', '2017-02-20 21:50:53', 0, ''),
(90, 76, '2017-02-20 21:53:45', '2017-02-20 21:53:49', 0, ''),
(91, 30, '2017-05-15 22:04:28', '2017-05-15 22:12:00', 0, ''),
(92, 32, '2017-05-31 19:14:51', '2017-05-31 19:15:09', 4, ''),
(93, 32, '2017-05-31 19:17:04', '2017-05-31 19:23:00', 1, ''),
(94, 32, '2017-05-31 19:23:00', '2017-05-31 19:23:50', 5, ''),
(95, 32, '2017-05-31 19:24:02', '2017-05-31 19:24:24', 1, ''),
(96, 32, '2017-05-31 19:24:36', '2017-05-31 19:41:03', 0, ''),
(97, 32, '2017-05-31 19:41:03', '2017-05-31 19:42:03', 0, ''),
(98, 32, '2017-05-31 19:42:15', '2017-05-31 19:44:06', 0, ''),
(99, 32, '2017-05-31 19:44:06', '2017-05-31 19:44:09', 0, ''),
(100, 35, '2017-05-31 19:44:46', '2017-05-31 19:48:36', 0, ''),
(101, 35, '2017-05-31 19:48:36', '2017-05-31 19:48:40', 0, ''),
(102, 35, '2017-05-31 19:49:33', '2017-05-31 19:49:36', 0, ''),
(103, 36, '2017-05-31 19:52:29', '2017-05-31 19:52:57', 1, ''),
(104, 36, '2017-05-31 19:52:57', '2017-05-31 19:53:49', 0, ''),
(105, 37, '2017-05-31 19:55:27', '2017-05-31 20:14:04', 0, ''),
(106, 37, '2017-05-31 23:28:08', '2017-05-31 23:28:23', 0, ''),
(107, 37, '2017-05-31 23:28:55', '2017-05-31 23:29:03', 0, ''),
(108, 37, '2017-05-31 23:30:14', '2017-05-31 23:30:35', 0, ''),
(109, 50, '2017-06-09 15:25:33', '2017-06-09 15:29:26', 1, ''),
(110, 50, '2017-06-09 15:34:28', '2017-06-09 15:40:48', 5, ''),
(111, 50, '2017-06-12 10:15:46', '2017-06-12 10:22:29', 0, ''),
(112, 52, '2017-06-28 17:23:24', '2017-06-28 17:25:07', 3, ''),
(113, 52, '2017-06-28 17:29:12', '2017-06-28 17:29:40', 0, ''),
(114, 52, '2017-06-28 17:30:12', '2017-06-28 17:49:59', 0, ''),
(115, 52, '2017-06-28 17:49:59', '2017-06-28 17:57:06', 0, ''),
(116, 52, '2017-06-28 17:58:15', '2017-06-28 17:58:56', 0, ''),
(117, 52, '2017-06-28 17:59:48', '2017-06-28 18:00:16', 0, ''),
(118, 52, '2017-06-28 18:04:25', '2017-06-28 18:04:38', 0, ''),
(119, 52, '2017-06-28 18:09:10', '2017-06-28 18:09:16', 0, ''),
(120, 52, '2017-06-28 18:09:54', '2017-06-28 18:10:26', 0, ''),
(121, 52, '2017-06-28 18:11:03', '2017-06-28 18:12:28', 0, ''),
(122, 52, '2017-06-28 18:13:17', '2017-06-28 18:13:27', 0, ''),
(123, 52, '2017-06-28 18:14:00', '2017-06-28 18:29:34', 0, ''),
(124, 52, '2017-06-28 18:29:34', '2017-06-28 18:30:02', 0, ''),
(125, 52, '2017-06-28 18:30:35', '2017-06-28 18:31:04', 0, ''),
(126, 52, '2017-06-28 18:31:44', '2017-06-28 18:43:26', 0, ''),
(127, 52, '2017-06-28 18:44:38', '2017-06-28 18:48:42', 0, ''),
(128, 52, '2017-06-28 18:49:21', '2017-06-28 18:50:51', 0, ''),
(129, 52, '2017-06-28 18:51:24', '2017-06-28 19:10:14', 0, ''),
(130, 52, '2017-06-28 22:57:49', '2017-06-28 22:57:54', 0, ''),
(131, 52, '2017-06-28 22:58:30', '2017-06-29 04:20:19', 0, ''),
(132, 52, '2017-06-29 04:20:19', '2017-06-29 04:48:43', 0, ''),
(133, 52, '2017-06-29 04:49:16', '2017-06-29 05:10:58', 0, ''),
(134, 52, '2017-06-29 05:10:58', '2017-06-29 05:13:43', 0, ''),
(135, 52, '2017-06-29 05:16:31', '2017-06-29 05:17:06', 0, ''),
(136, 52, '2017-06-29 05:17:38', '2017-06-29 05:22:24', 0, ''),
(137, 52, '2017-06-29 05:22:24', '2017-06-29 05:23:37', 0, ''),
(138, 52, '2017-06-29 05:28:15', '2017-06-29 05:28:42', 0, ''),
(139, 52, '2017-06-29 05:29:34', '2017-06-29 05:32:41', 0, ''),
(140, 52, '2017-06-29 05:32:41', '2017-06-29 05:38:21', 0, ''),
(141, 52, '2017-06-29 05:38:21', '2017-06-29 05:39:21', 0, ''),
(142, 52, '2017-06-29 05:41:35', '2017-06-29 05:53:03', 0, ''),
(143, 52, '2017-06-29 05:53:37', '2017-06-29 05:54:19', 0, ''),
(144, 52, '2017-06-29 05:54:54', '2017-06-29 06:06:14', 0, ''),
(145, 52, '2017-06-29 06:06:14', '2017-06-29 06:06:25', 0, ''),
(146, 52, '2017-06-29 06:11:54', '2017-06-30 05:54:28', 0, ''),
(147, 52, '2017-06-30 05:54:28', '2017-06-30 06:10:41', 0, ''),
(148, 52, '2017-06-30 06:10:41', '2017-06-30 07:59:03', 0, ''),
(149, 52, '2017-06-30 07:59:03', '2017-06-30 08:24:11', 0, ''),
(150, 52, '2017-06-30 08:24:11', '2017-06-30 10:13:49', 0, ''),
(151, 52, '2017-06-30 10:14:27', '2017-06-30 12:22:56', 0, ''),
(152, 52, '2017-06-30 12:23:37', '2017-06-30 18:47:33', 0, ''),
(153, 52, '2017-06-30 18:48:05', '2017-06-30 18:48:28', 0, ''),
(154, 52, '2017-06-30 18:49:00', '2017-06-30 23:38:58', 0, ''),
(155, 52, '2017-06-30 23:39:37', '2017-07-01 18:50:20', 0, ''),
(156, 52, '2017-07-01 18:50:20', '2017-07-02 07:55:46', 0, ''),
(157, 52, '2017-07-02 07:55:46', '2017-07-02 07:57:44', 0, ''),
(158, 52, '2017-07-02 07:57:44', '2017-07-02 11:17:51', 0, ''),
(159, 52, '2017-07-02 11:18:35', '2017-07-04 16:04:26', 0, ''),
(160, 52, '2017-07-04 16:04:26', '2017-07-04 17:30:46', 0, ''),
(161, 52, '2017-07-04 18:01:27', '2017-07-04 18:01:35', 0, ''),
(162, 52, '2017-07-04 18:02:11', '2017-07-04 18:59:04', 0, ''),
(163, 52, '2017-07-04 18:59:04', '2017-07-04 19:01:01', 0, ''),
(164, 52, '2017-07-04 19:02:21', '2017-07-04 20:00:10', 0, ''),
(165, 52, '2017-07-04 20:01:27', '2017-07-04 21:43:14', 0, ''),
(166, 52, '2017-07-04 21:45:01', '2017-07-04 22:20:01', 0, ''),
(167, 52, '2017-07-04 22:21:08', '2017-07-05 18:51:07', 0, ''),
(168, 52, '2017-07-05 18:51:42', '2017-07-05 21:39:21', 0, ''),
(169, 52, '2017-07-05 21:39:57', '2017-07-05 22:24:36', 0, ''),
(170, 52, '2017-07-05 22:25:23', '2017-07-06 07:49:06', 0, ''),
(171, 52, '2017-07-06 07:49:06', '2017-07-06 07:49:53', 0, ''),
(172, 52, '2017-07-06 07:55:33', '2017-07-06 08:04:33', 0, ''),
(173, 52, '2017-07-06 13:15:33', '2017-07-06 17:45:32', 0, ''),
(174, 52, '2017-07-06 17:54:08', '2017-07-09 11:23:51', 0, ''),
(175, 52, '2017-07-09 11:23:51', '2017-07-11 12:30:38', 0, ''),
(176, 52, '2017-07-11 12:30:38', '2017-07-12 09:37:42', 0, ''),
(177, 56, '2017-07-12 14:13:19', '2017-07-12 14:50:39', 0, ''),
(178, 56, '2017-07-12 14:51:29', '2017-07-12 18:14:52', 0, ''),
(179, 56, '2017-07-12 18:15:24', '2017-07-12 18:25:56', 0, ''),
(180, 56, '2017-07-12 18:26:29', '2017-07-12 19:05:05', 0, ''),
(181, 56, '2017-07-12 19:05:51', '2017-07-12 19:14:20', 0, ''),
(182, 56, '2017-07-12 19:15:02', '2017-07-12 19:28:41', 0, ''),
(183, 56, '2017-07-12 19:29:23', '2017-07-12 19:47:50', 0, ''),
(184, 56, '2017-07-12 19:47:50', '2017-07-12 19:48:01', 0, ''),
(185, 56, '2017-07-12 19:48:47', '2017-07-12 19:50:15', 0, ''),
(186, 56, '2017-07-12 19:50:57', '2017-07-12 20:56:33', 0, ''),
(187, 56, '2017-07-12 20:57:10', '2017-07-12 21:04:23', 0, ''),
(188, 56, '2017-07-12 21:05:20', '2017-07-12 21:16:02', 0, ''),
(189, 56, '2017-07-12 21:17:18', '2017-07-12 21:22:30', 0, ''),
(190, 56, '2017-07-12 21:23:08', '2017-07-12 21:23:54', 0, ''),
(191, 56, '2017-07-12 21:24:33', '2017-07-12 21:36:04', 0, ''),
(192, 56, '2017-07-12 21:36:04', '2017-07-12 21:41:17', 0, ''),
(193, 56, '2017-07-12 21:41:49', '2017-07-12 21:43:24', 0, ''),
(194, 56, '2017-07-12 21:44:03', '2017-07-12 21:54:59', 0, ''),
(195, 56, '2017-07-12 21:55:46', '2017-07-13 09:48:59', 0, ''),
(196, 56, '2017-07-13 09:50:19', '2017-07-13 10:09:54', 0, ''),
(197, 56, '2017-07-13 10:11:09', '2017-07-13 11:38:24', 0, ''),
(198, 56, '2017-07-13 11:39:24', '2017-07-13 11:55:56', 0, ''),
(199, 56, '2017-07-13 11:55:56', '2017-07-13 11:57:10', 0, ''),
(200, 56, '2017-07-13 11:59:45', '2017-07-13 12:00:23', 0, ''),
(201, 56, '2017-07-13 12:03:05', '2017-07-13 12:11:05', 0, ''),
(202, 56, '2017-07-13 12:11:05', '2017-07-13 12:11:45', 0, ''),
(203, 56, '2017-07-13 12:16:07', '2017-07-13 12:16:25', 0, ''),
(204, 56, '2017-07-13 12:16:44', '2017-07-13 12:17:34', 0, ''),
(205, 56, '2017-07-13 12:17:50', '2017-07-13 12:17:58', 0, ''),
(206, 49, '2017-07-13 12:19:31', '2017-07-13 12:19:41', 3, ''),
(207, 49, '2017-07-13 12:20:04', '2017-07-13 12:20:19', 4, ''),
(208, 49, '2017-07-13 12:20:44', '2017-07-13 12:36:23', 0, ''),
(209, 49, '2017-07-13 12:36:23', '2017-07-13 21:07:07', 0, ''),
(210, 49, '2017-07-13 21:07:07', '2017-07-13 21:48:58', 0, ''),
(211, 49, '2017-07-13 21:54:09', '2017-07-13 22:16:53', 0, ''),
(212, 49, '2017-07-13 22:22:14', '2017-07-17 10:51:54', 0, ''),
(213, 57, '2017-07-14 17:06:20', '2017-07-14 17:12:35', 0, ''),
(214, 57, '2017-07-14 17:17:45', '2017-07-14 18:55:42', 0, ''),
(215, 57, '2017-07-14 19:00:43', '2017-07-14 20:32:58', 0, ''),
(216, 57, '2017-07-14 20:37:58', '2017-07-14 22:38:48', 0, ''),
(217, 57, '2017-07-14 22:43:58', '2017-07-15 09:37:01', 0, ''),
(218, 57, '2017-07-15 09:37:01', '2017-07-15 09:47:21', 3, ''),
(219, 57, '2017-07-16 01:18:13', '2017-08-02 13:02:16', 0, ''),
(220, 57, '2017-08-02 13:02:16', '2017-08-05 21:45:29', 0, ''),
(221, 57, '2017-08-05 21:45:29', '2017-08-06 12:44:24', 0, ''),
(222, 62, '2017-08-06 12:52:55', '2017-08-06 12:54:07', 3, 'luis'),
(223, 61, '2017-08-14 20:36:50', '2017-08-14 20:37:22', 0, ''),
(224, 61, '2017-08-14 20:42:23', '2017-08-14 20:43:25', 0, ''),
(225, 51, '2017-10-05 19:32:00', '2017-10-07 20:52:27', 0, ''),
(226, 51, '2017-10-07 20:59:25', '2017-10-08 22:02:57', 0, ''),
(227, 51, '2017-10-08 22:09:51', '2017-10-11 01:24:04', 0, ''),
(228, 51, '2017-10-11 01:24:04', '2017-10-15 15:46:21', 0, ''),
(229, 86, '2017-10-15 16:21:18', '2017-10-15 16:28:58', 0, ''),
(230, 82, '2017-10-16 19:30:58', NULL, 0, ''),
(231, 67, '2017-10-16 20:11:59', NULL, 0, ''),
(232, 68, '2017-10-16 20:48:39', NULL, 0, ''),
(233, 70, '2017-10-16 20:58:18', NULL, 0, ''),
(234, 97, '2017-10-17 18:45:28', '2017-10-17 21:59:27', 0, ''),
(235, 100, '2017-10-18 10:54:23', '2017-10-18 11:04:52', 0, ''),
(236, 101, '2017-10-19 09:25:49', '2017-10-19 09:26:09', 0, ''),
(237, 101, '2017-10-19 09:28:40', '2017-10-19 09:51:51', 0, ''),
(238, 102, '2017-10-19 09:56:15', '2017-10-19 10:06:58', 0, ''),
(239, 104, '2017-10-19 10:30:42', '2017-10-19 10:56:46', 0, ''),
(240, 116, '2017-10-19 19:58:29', '2017-10-19 20:14:03', 0, ''),
(241, 119, '2017-10-19 20:20:54', '2017-10-19 20:23:23', 0, ''),
(242, 137, '2017-11-12 16:40:48', NULL, 0, ''),
(243, 132, '2017-11-29 11:21:51', '2017-11-29 11:24:31', 0, ''),
(244, 141, '2017-11-29 11:58:47', NULL, 0, '');

-- --------------------------------------------------------

--
-- Table structure for table `cut_presets`
--

CREATE TABLE IF NOT EXISTS `cut_presets` (
  `id` int(11) NOT NULL,
  `fiber_id` int(11) NOT NULL,
  `length` int(5) NOT NULL,
  `created_at` timestamp NOT NULL DEFAULT CURRENT_TIMESTAMP ON UPDATE CURRENT_TIMESTAMP,
  `deleted_at` timestamp NULL DEFAULT NULL,
  `updated_at` timestamp NULL DEFAULT NULL
) ENGINE=MyISAM DEFAULT CHARSET=latin1;

-- --------------------------------------------------------

--
-- Table structure for table `cut_presets_to_products`
--

CREATE TABLE IF NOT EXISTS `cut_presets_to_products` (
  `preset_id` int(11) NOT NULL,
  `product_id` int(11) NOT NULL,
  `created_at` timestamp NOT NULL DEFAULT CURRENT_TIMESTAMP ON UPDATE CURRENT_TIMESTAMP,
  `deleted_at` timestamp NULL DEFAULT NULL,
  `updated_at` timestamp NULL DEFAULT NULL
) ENGINE=MyISAM DEFAULT CHARSET=latin1;

-- --------------------------------------------------------

--
-- Table structure for table `cut_products`
--

CREATE TABLE IF NOT EXISTS `cut_products` (
  `id` int(11) NOT NULL,
  `description` varchar(200) NOT NULL,
  `created_at` timestamp NOT NULL DEFAULT CURRENT_TIMESTAMP ON UPDATE CURRENT_TIMESTAMP,
  `deleted_at` timestamp NULL DEFAULT NULL,
  `updated_at` timestamp NULL DEFAULT NULL
) ENGINE=MyISAM DEFAULT CHARSET=latin1;

-- --------------------------------------------------------

--
-- Table structure for table `cut_type`
--

CREATE TABLE IF NOT EXISTS `cut_type` (
  `id` int(11) NOT NULL,
  `nombre` varchar(200) NOT NULL
) ENGINE=MyISAM AUTO_INCREMENT=6 DEFAULT CHARSET=latin1;

--
-- Dumping data for table `cut_type`
--

INSERT INTO `cut_type` (`id`, `nombre`) VALUES
(1, 'MO/Fibra'),
(2, 'Entrenamiento'),
(3, 'Parches'),
(4, 'MO Recut'),
(5, 'Ingeniería');

-- --------------------------------------------------------

--
-- Table structure for table `defects`
--

CREATE TABLE IF NOT EXISTS `defects` (
  `id` int(11) NOT NULL,
  `nombre` varchar(50) NOT NULL
) ENGINE=MyISAM AUTO_INCREMENT=100 DEFAULT CHARSET=latin1;

--
-- Dumping data for table `defects`
--

INSERT INTO `defects` (`id`, `nombre`) VALUES
(1, 'Defecto 1'),
(99, 'Ajuste por sistema');

-- --------------------------------------------------------

--
-- Table structure for table `down_time_reason`
--

CREATE TABLE IF NOT EXISTS `down_time_reason` (
  `id` int(11) NOT NULL,
  `reason` varchar(20) NOT NULL
) ENGINE=MyISAM AUTO_INCREMENT=6 DEFAULT CHARSET=latin1;

--
-- Dumping data for table `down_time_reason`
--

INSERT INTO `down_time_reason` (`id`, `reason`) VALUES
(1, 'Food'),
(2, 'Baño'),
(3, 'Paro de Mtto'),
(4, 'Enfermeria.'),
(5, 'Junta/Reunion');

-- --------------------------------------------------------

--
-- Table structure for table `languaje`
--

CREATE TABLE IF NOT EXISTS `languaje` (
  `id` int(11) NOT NULL,
  `lang` int(11) NOT NULL,
  `idioma` varchar(15) NOT NULL,
  `language` varchar(15) NOT NULL
) ENGINE=MyISAM DEFAULT CHARSET=latin1;

--
-- Dumping data for table `languaje`
--

INSERT INTO `languaje` (`id`, `lang`, `idioma`, `language`) VALUES
(1, 0, 'Español', 'Spanish'),
(2, 1, 'Ingles', 'English');

-- --------------------------------------------------------

--
-- Table structure for table `locations`
--

CREATE TABLE IF NOT EXISTS `locations` (
  `id` int(11) NOT NULL,
  `name` varchar(200) NOT NULL,
  `capacity` int(5) NOT NULL,
  `created_at` timestamp NOT NULL DEFAULT CURRENT_TIMESTAMP ON UPDATE CURRENT_TIMESTAMP,
  `deleted_at` timestamp NULL DEFAULT NULL,
  `updated_at` timestamp NULL DEFAULT NULL,
  `logged` int(11) NOT NULL DEFAULT '0',
  `last_login` datetime DEFAULT NULL,
  `ip` varchar(15) NOT NULL DEFAULT ''
) ENGINE=MyISAM AUTO_INCREMENT=19 DEFAULT CHARSET=latin1;

--
-- Dumping data for table `locations`
--

INSERT INTO `locations` (`id`, `name`, `capacity`, `created_at`, `deleted_at`, `updated_at`, `logged`, `last_login`, `ip`) VALUES
(1, 'LECTRA 1', 16, '2017-11-29 16:57:10', NULL, NULL, 0, NULL, ''),
(2, 'LECTRA 2', 16, '2017-11-29 19:03:18', NULL, NULL, 13, '2017-11-29 12:03:18', 'wlan0-192.168.1'),
(3, 'LECTRA 3', 22, '2017-11-22 04:20:56', NULL, NULL, 0, NULL, 'wlan0-192.168.1'),
(4, 'LECTRA 4', 25, '2017-11-09 02:13:13', NULL, NULL, 0, NULL, '192.168.1.4'),
(5, 'LECTRA 5', 12, '2017-11-09 02:13:34', NULL, NULL, 0, NULL, '192.168.1.4\n'),
(6, 'LECTRA 6', 12, '2017-02-10 19:31:54', NULL, NULL, 0, NULL, ''),
(7, 'LECTRA 7', 12, '2017-02-10 19:32:12', NULL, NULL, 0, NULL, ''),
(8, 'LECTRA 8', 1, '2017-05-11 13:21:09', NULL, NULL, 0, NULL, ''),
(9, 'LECTRA 9', 1, '2017-02-10 19:32:58', NULL, NULL, 0, NULL, ''),
(10, 'LECTRA 10', 1, '2017-03-02 19:18:56', NULL, '2017-03-02 19:18:56', 0, NULL, ''),
(11, 'MIMAKI 1', 1, '2017-02-10 19:33:03', NULL, NULL, 0, NULL, ''),
(12, 'MIMAKI 2', 1, '2017-02-10 19:32:48', NULL, NULL, 0, NULL, ''),
(13, 'LECTRA 10', 3, '2017-08-23 18:48:26', '2017-08-23 18:48:26', NULL, 0, NULL, ''),
(14, 'LECTRA 13', 3, '2017-08-23 18:48:45', NULL, NULL, 0, NULL, ''),
(15, 'prueba', 2, '2017-08-23 18:59:05', '2017-08-23 18:59:05', NULL, 0, NULL, ''),
(16, 'LECTRA 20', 6, '2017-09-20 20:33:35', '2017-09-20 20:33:35', NULL, 0, NULL, ''),
(17, 'LECTRA 21', 3, '2017-09-20 21:38:11', '2017-09-20 21:38:11', NULL, 0, NULL, ''),
(18, 'LECTRA 1', 5, '2017-11-09 02:14:15', NULL, '2017-10-17 16:18:10', 0, NULL, '');

-- --------------------------------------------------------

--
-- Table structure for table `location_capacities`
--

CREATE TABLE IF NOT EXISTS `location_capacities` (
  `id` int(11) NOT NULL,
  `id_location` int(11) NOT NULL DEFAULT '0',
  `number` int(5) NOT NULL,
  `created_at` timestamp NOT NULL DEFAULT CURRENT_TIMESTAMP ON UPDATE CURRENT_TIMESTAMP,
  `deleted_at` timestamp NULL DEFAULT NULL,
  `updated_at` timestamp NULL DEFAULT NULL
) ENGINE=MyISAM AUTO_INCREMENT=153 DEFAULT CHARSET=latin1;

--
-- Dumping data for table `location_capacities`
--

INSERT INTO `location_capacities` (`id`, `id_location`, `number`, `created_at`, `deleted_at`, `updated_at`) VALUES
(1, 1, 1, '2017-01-11 15:26:39', NULL, NULL),
(2, 1, 2, '2017-01-11 15:26:47', NULL, NULL),
(3, 1, 3, '2017-01-11 15:26:52', NULL, NULL),
(4, 1, 4, '2017-01-11 15:26:56', NULL, NULL),
(5, 1, 5, '2017-01-11 15:27:00', NULL, NULL),
(6, 1, 6, '2017-01-11 15:27:06', NULL, NULL),
(7, 1, 7, '2017-01-11 15:27:10', NULL, NULL),
(8, 1, 8, '2017-01-11 15:27:14', NULL, NULL),
(9, 1, 9, '2017-01-11 15:27:18', NULL, NULL),
(12, 1, 12, '2017-02-10 19:38:13', NULL, NULL),
(10, 1, 10, '2017-02-10 19:34:37', NULL, NULL),
(11, 1, 11, '2017-02-10 19:34:57', NULL, NULL),
(13, 1, 13, '2017-02-10 19:38:23', NULL, NULL),
(14, 1, 14, '2017-02-10 19:38:29', NULL, NULL),
(15, 1, 15, '2017-02-10 19:38:33', NULL, NULL),
(16, 1, 16, '2017-02-10 19:38:36', NULL, NULL),
(17, 2, 1, '2017-02-10 07:00:00', NULL, NULL),
(18, 2, 2, '2017-02-10 07:00:00', NULL, NULL),
(19, 2, 3, '2017-02-10 07:00:00', NULL, NULL),
(20, 2, 4, '2017-02-10 07:00:00', NULL, NULL),
(21, 2, 5, '2017-02-10 07:00:00', NULL, NULL),
(22, 2, 6, '2017-02-10 07:00:00', NULL, NULL),
(23, 2, 7, '2017-02-10 07:00:00', NULL, NULL),
(24, 2, 8, '2017-02-10 07:00:00', NULL, NULL),
(25, 2, 9, '2017-02-10 07:00:00', NULL, NULL),
(26, 2, 10, '2017-02-10 07:00:00', NULL, NULL),
(27, 2, 11, '2017-02-10 07:00:00', NULL, NULL),
(28, 2, 12, '2017-02-10 07:00:00', NULL, NULL),
(29, 2, 13, '2017-02-10 07:00:00', NULL, NULL),
(30, 2, 14, '2017-02-10 07:00:00', NULL, NULL),
(31, 2, 15, '2017-02-10 07:00:00', NULL, NULL),
(32, 2, 16, '2017-02-10 07:00:00', NULL, NULL),
(33, 3, 1, '2017-02-10 07:00:00', NULL, NULL),
(34, 3, 2, '2017-02-10 07:00:00', NULL, NULL),
(35, 3, 3, '2017-02-10 07:00:00', NULL, NULL),
(36, 3, 4, '2017-02-10 07:00:00', NULL, NULL),
(37, 3, 5, '2017-02-10 07:00:00', NULL, NULL),
(38, 3, 6, '2017-02-10 07:00:00', NULL, NULL),
(39, 3, 7, '2017-02-10 07:00:00', NULL, NULL),
(40, 3, 8, '2017-02-10 07:00:00', NULL, NULL),
(41, 3, 9, '2017-02-10 07:00:00', NULL, NULL),
(42, 3, 10, '2017-02-10 07:00:00', NULL, NULL),
(43, 3, 11, '2017-02-10 07:00:00', NULL, NULL),
(44, 3, 12, '2017-02-10 07:00:00', NULL, NULL),
(45, 3, 13, '2017-02-10 07:00:00', NULL, NULL),
(46, 3, 14, '2017-02-10 07:00:00', NULL, NULL),
(47, 3, 15, '2017-02-10 07:00:00', NULL, NULL),
(48, 3, 16, '2017-02-10 07:00:00', NULL, NULL),
(49, 3, 17, '2017-02-10 07:00:00', NULL, NULL),
(50, 3, 18, '2017-02-10 07:00:00', NULL, NULL),
(51, 3, 19, '2017-02-10 07:00:00', NULL, NULL),
(52, 3, 20, '2017-02-10 07:00:00', NULL, NULL),
(53, 3, 21, '2017-02-10 07:00:00', NULL, NULL),
(54, 3, 22, '2017-02-10 07:00:00', NULL, NULL),
(55, 4, 1, '2017-02-10 07:00:00', NULL, NULL),
(56, 4, 2, '2017-02-10 07:00:00', NULL, NULL),
(57, 4, 3, '2017-02-10 07:00:00', NULL, NULL),
(58, 4, 4, '2017-02-10 07:00:00', NULL, NULL),
(59, 4, 5, '2017-02-10 07:00:00', NULL, NULL),
(60, 4, 6, '2017-02-10 07:00:00', NULL, NULL),
(61, 4, 7, '2017-02-10 07:00:00', NULL, NULL),
(62, 4, 8, '2017-02-10 07:00:00', NULL, NULL),
(63, 4, 9, '2017-02-10 07:00:00', NULL, NULL),
(64, 4, 10, '2017-02-10 07:00:00', NULL, NULL),
(65, 4, 11, '2017-02-10 07:00:00', NULL, NULL),
(66, 4, 12, '2017-02-10 07:00:00', NULL, NULL),
(67, 4, 13, '2017-02-10 07:00:00', NULL, NULL),
(68, 4, 14, '2017-02-10 07:00:00', NULL, NULL),
(69, 4, 15, '2017-02-10 07:00:00', NULL, NULL),
(70, 4, 16, '2017-02-10 07:00:00', NULL, NULL),
(71, 4, 17, '2017-02-10 07:00:00', NULL, NULL),
(72, 4, 18, '2017-02-10 07:00:00', NULL, NULL),
(73, 4, 19, '2017-02-10 07:00:00', NULL, NULL),
(74, 4, 20, '2017-02-10 07:00:00', NULL, NULL),
(75, 4, 21, '2017-02-10 07:00:00', NULL, NULL),
(76, 4, 22, '2017-02-10 07:00:00', NULL, NULL),
(77, 4, 23, '2017-02-10 07:00:00', NULL, NULL),
(78, 4, 24, '2017-02-10 07:00:00', NULL, NULL),
(79, 4, 25, '2017-02-10 07:00:00', NULL, NULL),
(80, 5, 1, '2017-02-10 07:00:00', NULL, NULL),
(81, 5, 2, '2017-02-10 07:00:00', NULL, NULL),
(82, 5, 3, '2017-02-10 07:00:00', NULL, NULL),
(83, 5, 4, '2017-02-10 07:00:00', NULL, NULL),
(84, 5, 5, '2017-02-10 07:00:00', NULL, NULL),
(85, 5, 6, '2017-02-10 07:00:00', NULL, NULL),
(86, 5, 7, '2017-02-10 07:00:00', NULL, NULL),
(87, 5, 8, '2017-02-10 07:00:00', NULL, NULL),
(88, 5, 9, '2017-02-10 07:00:00', NULL, NULL),
(89, 5, 10, '2017-02-10 07:00:00', NULL, NULL),
(90, 5, 11, '2017-02-10 07:00:00', NULL, NULL),
(91, 5, 12, '2017-02-10 07:00:00', NULL, NULL),
(92, 6, 1, '2017-02-10 07:00:00', NULL, NULL),
(93, 6, 2, '2017-02-10 07:00:00', NULL, NULL),
(94, 6, 3, '2017-02-10 07:00:00', NULL, NULL),
(95, 6, 4, '2017-02-10 07:00:00', NULL, NULL),
(96, 6, 5, '2017-02-10 07:00:00', NULL, NULL),
(97, 6, 6, '2017-02-10 07:00:00', NULL, NULL),
(98, 6, 7, '2017-02-10 07:00:00', NULL, NULL),
(99, 6, 8, '2017-02-10 07:00:00', NULL, NULL),
(100, 6, 9, '2017-02-10 07:00:00', NULL, NULL),
(101, 6, 10, '2017-02-10 07:00:00', NULL, NULL),
(102, 6, 11, '2017-02-10 07:00:00', NULL, NULL),
(103, 6, 12, '2017-02-10 07:00:00', NULL, NULL),
(104, 7, 1, '2017-02-10 07:00:00', NULL, NULL),
(105, 7, 2, '2017-02-10 07:00:00', NULL, NULL),
(106, 7, 3, '2017-02-10 07:00:00', NULL, NULL),
(107, 7, 4, '2017-02-10 07:00:00', NULL, NULL),
(108, 7, 5, '2017-02-10 07:00:00', NULL, NULL),
(109, 7, 6, '2017-02-10 07:00:00', NULL, NULL),
(110, 7, 7, '2017-02-10 07:00:00', NULL, NULL),
(111, 7, 8, '2017-02-10 07:00:00', NULL, NULL),
(112, 7, 9, '2017-02-10 07:00:00', NULL, NULL),
(113, 7, 10, '2017-02-10 07:00:00', NULL, NULL),
(114, 7, 11, '2017-02-10 07:00:00', NULL, NULL),
(115, 7, 12, '2017-02-10 07:00:00', NULL, NULL),
(116, 8, 1, '2017-02-10 07:00:00', NULL, NULL),
(117, 9, 1, '2017-02-10 07:00:00', NULL, NULL),
(118, 10, 1, '2017-02-10 07:00:00', NULL, NULL),
(119, 11, 1, '2017-02-10 07:00:00', NULL, NULL),
(120, 12, 1, '2017-02-10 07:00:00', NULL, NULL),
(121, 13, 3, '2017-08-23 18:44:36', NULL, NULL),
(122, 14, 3, '2017-08-23 18:48:45', NULL, NULL),
(123, 15, 2, '2017-08-23 18:55:21', NULL, NULL),
(124, 16, 1, '2017-08-23 18:59:23', NULL, NULL),
(125, 16, 2, '2017-08-23 18:59:23', NULL, NULL),
(126, 16, 3, '2017-08-23 18:59:23', NULL, NULL),
(127, 16, 4, '2017-08-23 18:59:23', NULL, NULL),
(128, 16, 5, '2017-08-23 18:59:23', NULL, NULL),
(129, 16, 6, '2017-08-23 18:59:23', NULL, NULL),
(130, 17, 1, '2017-09-20 21:38:11', '2017-09-20 21:38:11', NULL),
(131, 17, 2, '2017-09-20 21:38:11', '2017-09-20 21:38:11', NULL),
(132, 17, 3, '2017-09-20 21:38:11', '2017-09-20 21:38:11', NULL),
(133, 18, 1, '2017-09-22 15:57:56', NULL, NULL),
(134, 18, 2, '2017-09-22 15:57:56', NULL, NULL),
(135, 18, 3, '2017-09-22 15:57:56', NULL, NULL),
(136, 18, 4, '2017-09-22 15:57:56', NULL, NULL),
(137, 18, 5, '2017-09-22 15:57:56', NULL, NULL),
(138, 0, 1, '2017-10-17 16:15:16', NULL, NULL),
(139, 0, 2, '2017-10-17 16:15:16', NULL, NULL),
(140, 0, 3, '2017-10-17 16:15:16', NULL, NULL),
(141, 0, 4, '2017-10-17 16:15:16', NULL, NULL),
(142, 0, 5, '2017-10-17 16:15:16', NULL, NULL),
(143, 0, 1, '2017-10-17 16:15:54', NULL, NULL),
(144, 0, 2, '2017-10-17 16:15:54', NULL, NULL),
(145, 0, 3, '2017-10-17 16:15:54', NULL, NULL),
(146, 0, 4, '2017-10-17 16:15:54', NULL, NULL),
(147, 0, 5, '2017-10-17 16:15:54', NULL, NULL),
(148, 0, 1, '2017-10-17 16:18:10', NULL, NULL),
(149, 0, 2, '2017-10-17 16:18:10', NULL, NULL),
(150, 0, 3, '2017-10-17 16:18:10', NULL, NULL),
(151, 0, 4, '2017-10-17 16:18:10', NULL, NULL),
(152, 0, 5, '2017-10-17 16:18:10', NULL, NULL);

-- --------------------------------------------------------

--
-- Table structure for table `parte`
--

CREATE TABLE IF NOT EXISTS `parte` (
  `id` int(11) NOT NULL,
  `parte` varchar(50) NOT NULL,
  `producto` varchar(50) NOT NULL,
  `created_at` date NOT NULL,
  `updated_at` date DEFAULT NULL,
  `deleted_at` date DEFAULT NULL
) ENGINE=MyISAM AUTO_INCREMENT=431 DEFAULT CHARSET=latin1;

--
-- Dumping data for table `parte`
--

INSERT INTO `parte` (`id`, `parte`, `producto`, `created_at`, `updated_at`, `deleted_at`) VALUES
(1, 'Z13036-105', 'POCKET ASSEMBLY.', '2017-02-08', NULL, '2017-08-22'),
(2, 'Z13476-109', 'SEA ANCHOR, LIFE RAFT', '2017-02-08', NULL, '2017-08-22'),
(3, 'Z13476-113', 'SEA ANCHOR, LIFE RAFT', '2017-02-08', NULL, NULL),
(4, 'Z13618-101', 'PANEL ASSEMBLY', '2017-02-08', NULL, NULL),
(5, 'Z13632-101', 'CANOPY ASSEMBLY', '2017-02-08', NULL, NULL),
(6, 'Z19010-1', 'COLLAR', '2017-02-08', NULL, NULL),
(7, 'Z19583-107P', 'PATCH ASSEMBLY, HIGH STRENGTH', '2017-02-08', NULL, NULL),
(8, 'Z19988-101', 'SHEATH ASSEMBLY, KNIFE', '2017-02-08', NULL, NULL),
(9, 'Z22253-101', 'SLIDE ASSEMBLY CONTAINER', '2017-02-08', NULL, NULL),
(10, 'Z23383-113', 'BAG ASSEMBLY, BALLAST RAFT', '2017-02-08', NULL, NULL),
(11, 'Z23938-105', 'CARRYING CASE ASSEMBLY', '2017-02-08', NULL, NULL),
(12, 'Z23961-101', 'CANOPY ASSEMBLY, 6 MAN RAFT', '2017-02-08', NULL, NULL),
(13, 'Z23965-101', 'CARRYING CASE ASSEMBLY', '2017-02-08', NULL, NULL),
(14, 'Z23976-101', 'CANOPY ASSEMBLY, 10 MAN RAFT', '2017-02-08', NULL, NULL),
(15, 'Z23995-101', 'CARRYING CASE ASSEMBLY', '2017-02-08', NULL, NULL),
(16, 'Z25204-109P', 'PLACARD, IDENTIFICATION', '2017-02-08', NULL, NULL),
(17, 'Z30219-503', 'KEEPER ASSEMBLY, WIRE BEACON T', '2017-02-08', NULL, NULL),
(18, 'Z30219-503P', 'KEEPER ASSEMBLY, WIRE BEACON T', '2017-02-08', NULL, NULL),
(19, 'Z30615-103', 'POCKET ASSEMBLY, HEAVING LINE', '2017-02-08', NULL, NULL),
(20, 'Z30674-111-CKP', 'CUT KIT, SLIDE SUB-ASSEMBLY', '2017-02-08', NULL, NULL),
(21, 'Z30674-113-CKP', 'CUT KIT, SLIDE/RAFT SUB-ASSEMB', '2017-02-08', NULL, NULL),
(22, 'Z30674-115-CKP', 'CUT KIT, SLIDE/RAFT SUB-ASSEMB', '2017-02-08', NULL, NULL),
(23, 'Z31871-101', 'GIRT ASSEMBLY', '2017-02-08', NULL, NULL),
(24, 'Z31876-113', 'GIRT ASSEMBLY', '2017-02-08', NULL, NULL),
(25, 'Z31876-117', 'GIRT ASSEMBLY', '2017-02-08', NULL, NULL),
(26, 'Z31882-107', 'LACING COVER ASSEMBLY', '2017-02-08', NULL, NULL),
(27, 'Z31910-129-CKP', 'CUT KIT, SLIDE ASSEMBLY', '2017-02-08', NULL, NULL),
(28, 'Z31910-131-CKP', 'CUT KIT, SLIDE ASSEMBLY', '2017-02-08', NULL, NULL),
(29, 'Z60000-101', 'POUCH, HAND PUMP', '2017-02-08', NULL, NULL),
(30, 'Z60070-103-CKP', 'CUT KIT, RAMP/SLIDE ASSEMBLY', '2017-02-08', NULL, NULL),
(31, 'Z60070-104-CKP', 'CUT KIT, RAMP/SLIDE ASSEMBLY', '2017-02-08', NULL, NULL),
(32, 'Z60157-103', 'RESERVOIR SLING ASSEMBLY', '2017-02-08', NULL, NULL),
(33, 'Z60256-101', 'CONTAINER, A320 SLIDE/RAFT SUR', '2017-02-08', NULL, NULL),
(34, 'Z60256-103', 'CONTAINER, A320 SLIDE/RAFT SUR', '2017-02-08', NULL, NULL),
(35, 'Z60293-101', 'CANOPY CONTAINER', '2017-02-08', NULL, NULL),
(36, 'Z60294-101', 'GIRT ASSEMBLY', '2017-02-08', NULL, NULL),
(37, 'Z60294-103', 'GIRT ASSEMBLY', '2017-02-08', NULL, NULL),
(38, 'Z60400-101', 'CANOPY ASSEMBLY', '2017-02-08', NULL, NULL),
(39, 'Z60522-101', 'CASE, CARRYING DOOR 1', '2017-02-08', NULL, NULL),
(40, 'Z60994-101', 'CANOPY ASSEMBLY, C17A LIFERAFT', '2017-02-08', NULL, NULL),
(41, 'Z61120-101', 'LACING SIDES ASSEMBLY', '2017-02-08', NULL, NULL),
(42, 'Z61271-105', 'LOWER LACING COVER, A320-SLIDE', '2017-02-08', NULL, NULL),
(43, 'Z61272-101', 'SIDE LACING COVER, RIGHT', '2017-02-08', NULL, NULL),
(44, 'Z61273-103', 'SIDE LACING COVER, A320 S/R', '2017-02-08', NULL, NULL),
(45, 'Z61273-105', 'SIDE LACING COVER, A320 S/R', '2017-02-08', NULL, NULL),
(46, 'Z61486-101', 'CANOPY SUBASSY, 46 PERSON LIFE', '2017-02-08', NULL, NULL),
(47, 'Z61919-105', 'LACING COVER, UPPER', '2017-02-08', NULL, NULL),
(48, 'Z61920-103', 'LACING COVER, LOWER', '2017-02-08', NULL, NULL),
(49, 'Z61921-101', 'GIRT ASSEMBLY, UPPER', '2017-02-08', NULL, NULL),
(50, 'Z61922-101', 'GIRT ASSEMBLY, LOWER', '2017-02-08', NULL, NULL),
(51, 'Z61922-102', 'GIRT ASSEMBLY, LOWER', '2017-02-08', NULL, NULL),
(52, 'Z61923-105', 'LACING COVER, MIDDLE', '2017-02-08', NULL, NULL),
(53, 'Z62010-101', 'UPPER LACING COVER ASSEMBLY', '2017-02-08', NULL, NULL),
(54, 'Z62010-102', 'UPPER LACING COVER ASSEMBLY', '2017-02-08', NULL, NULL),
(55, 'Z62228-107', 'COVER RESTRAINT ASSEMBLY', '2017-02-08', NULL, NULL),
(56, 'Z62309-103', 'CONTAINER, SURVIVAL KIT', '2017-02-08', NULL, NULL),
(57, 'Z62348-105-CKP', 'CUT KIT, A321 SLIDE', '2017-02-08', NULL, NULL),
(58, 'Z62348-106-CKP', 'CUT KIT, A321 SLIDE', '2017-02-08', NULL, NULL),
(59, 'Z62349-105-CKP', 'CUT KIT, A321 SLIDE DR 3 (L.H.', '2017-02-08', NULL, NULL),
(60, 'Z62349-106-CKP', 'CUT KIT, A321 SLIDE DR 3 (R.H.', '2017-02-08', NULL, NULL),
(61, 'Z62354-101', 'GIRT ASSEMBLY, UPPER', '2017-02-08', NULL, NULL),
(62, 'Z62355-101', 'GIRT ASSEMBLY, LOWER', '2017-02-08', NULL, NULL),
(63, 'Z62428-217', 'PLACARD, IDENT., GIRT, 777 S/R', '2017-02-08', NULL, NULL),
(64, 'Z62482-107', 'GIRT ASSEMBLY, LEFT ***', '2017-02-08', NULL, NULL),
(65, 'Z62666-103', 'SLING, RESERVOIR', '2017-02-08', NULL, NULL),
(66, 'Z62674-101', 'SIDE WRAPPER', '2017-02-08', NULL, NULL),
(67, 'Z62676-101', 'INTERMEDIATE RESTRAINT', '2017-02-08', NULL, NULL),
(68, 'Z62701-103', 'MOORING LINE ASSEMBLY', '2017-02-08', NULL, NULL),
(69, 'Z62829-101', 'CANOPY, 777 DR 3 SLIDE/RAFT', '2017-02-08', NULL, NULL),
(70, 'Z62969-105', 'GIRT ASSEMBLY, LEFT', '2017-02-08', NULL, NULL),
(71, 'Z62970-106', 'GIRT ASSEMBLY, RIGHT', '2017-02-08', NULL, NULL),
(72, 'Z63053-106', 'GIRT ASSEMBLY, RIGHT', '2017-02-08', NULL, NULL),
(73, 'Z63101-105-CKP', 'CUT KIT, TRAINING S/R, 777 DR1', '2017-02-08', NULL, NULL),
(74, 'Z63101-105P', 'TRAINING SLIDE/RAFT ASSY, 777', '2017-02-08', NULL, NULL),
(75, 'Z63101-106-CKP', 'CUT KIT, TRAINING S/R, 777 DR1', '2017-02-08', NULL, NULL),
(76, 'Z63101-106P', 'TRAINING SLIDE/RAFT ASSY, 777', '2017-02-08', NULL, NULL),
(77, 'Z63165-101P', 'FLOOR, TRAINING S/R 777 DR 1', '2017-02-08', NULL, NULL),
(78, 'Z63165-107', 'FLOOR, TRAINING S/R 777 DR 1', '2017-02-08', NULL, NULL),
(79, 'Z63165-107P', 'FLOOR, TRAINING S/R 777 DR 1', '2017-02-08', NULL, NULL),
(80, 'Z63285-103', 'LOWER LACING COVER ASSEMBLY', '2017-02-08', NULL, NULL),
(81, 'Z63285-105', 'LOWER LACING COVER ASSEMBLY', '2017-02-08', NULL, NULL),
(82, 'Z63285-107', 'LOWER LACING COVER ASSEMBLY', '2017-02-08', NULL, NULL),
(83, 'Z63420-101P', 'POCKET, EMERGENCY LOCATOR TRAN', '2017-02-08', NULL, NULL),
(84, 'Z63562-103-CKP', 'CUT KIT, SLIDE ASSEMBLY', '2017-02-08', NULL, NULL),
(85, 'Z63717-103', 'CARRYING CASE, 46 PERSON RAFT', '2017-02-08', NULL, NULL),
(86, 'Z63718-103', 'CANOPY ASSEMBLY', '2017-02-08', NULL, NULL),
(87, 'Z63726-101', 'SEA ANCHOR SLING', '2017-02-08', NULL, NULL),
(88, 'Z63732-101P', 'BOARDING HANDLE', '2017-02-08', NULL, NULL),
(89, 'Z63733-101P', 'CANOPY SUPPORT ANCHOR PATCH', '2017-02-08', NULL, NULL),
(90, 'Z63734-103P', 'BOARDING LADDER', '2017-02-08', NULL, NULL),
(91, 'Z63735-105P', 'OUTSIDE LIFE LINE', '2017-02-08', NULL, NULL),
(92, 'Z63735-107P', 'OUTSIDE LIFE LINE', '2017-02-08', NULL, NULL),
(93, 'Z63739-101', 'KNIFE SHEATH ASSEMBLY', '2017-02-08', NULL, NULL),
(94, 'Z63740-103', 'DECK FLOAT ASSEMBLY', '2017-02-08', NULL, NULL),
(95, 'Z63740-105', 'DECK FLOAT ASSEMBLY', '2017-02-08', NULL, NULL),
(96, 'Z63751-101', 'VALISE ASSEMBLY, 737 SLIDE', '2017-02-08', NULL, NULL),
(97, 'Z63757-101', 'BAILING BUCKET ASSEMBLY', '2017-02-08', NULL, NULL),
(98, 'Z63771-101', 'DETACHABLE GIRT ASSEMBLY', '2017-02-08', NULL, NULL),
(99, 'Z63772-101P', 'GIRT ATTACHMENT', '2017-02-08', NULL, NULL),
(100, 'Z63773-101P', 'GIRT ATTACHMENT BOTTOM', '2017-02-08', NULL, NULL),
(101, 'Z63795-101', 'HEAVING LINE SLING', '2017-02-08', NULL, NULL),
(102, 'Z63968-101', 'CARRYING CASE, 46 PERSON RAFT,', '2017-02-08', NULL, NULL),
(103, 'Z64214-103', 'CARRYING CASE 46 PERSON RAFT', '2017-02-08', NULL, NULL),
(104, 'Z64223-101-CKP', 'CUT KIT, LIFERAFT SUB-ASSEMBLY', '2017-02-08', NULL, NULL),
(105, 'Z64223-103-CKP', 'CUT KIT, LIFERAFT SUB-ASSEMBLY', '2017-02-08', NULL, NULL),
(106, 'Z64232-103', 'PLACARD', '2017-02-08', NULL, NULL),
(107, 'Z64273-101', 'CARRYING CASE, 46 PERSON RAFT', '2017-02-08', NULL, NULL),
(108, 'Z64317-101', 'CANOPY ASSEMBLY', '2017-02-08', NULL, NULL),
(109, 'Z64321-101', 'CARRYING CASE, 56 PERSON RAFT', '2017-02-08', NULL, NULL),
(110, 'Z64545-101', 'CONTAINER, SURV. KIT, 56 PERSO', '2017-02-08', NULL, NULL),
(111, 'Z64546-101P', 'CANOPY ROD SHEATH', '2017-02-08', NULL, NULL),
(112, 'Z64579-103', 'GIRT REINFORCEMENT WEB', '2017-02-08', NULL, NULL),
(113, 'Z64725-101', 'CANOPY, 8 PERSON LIFERAFT', '2017-02-08', NULL, NULL),
(114, 'Z64729-101P', 'TAPE, REMOVABLE', '2017-02-08', NULL, NULL),
(115, 'Z64755-101', 'CANOPY, 12 PERSON LIFERAFT', '2017-02-08', NULL, NULL),
(116, 'Z64789-101', 'CANOPY, 20 PERSON LIFERAFT', '2017-02-08', NULL, NULL),
(117, 'Z64822-103', 'VALVE COVER', '2017-02-08', NULL, NULL),
(118, 'Z64932-101', 'CANOPY, 10 PERSON LIFERAFT', '2017-02-08', NULL, NULL),
(119, 'Z64957-101-CKP', 'CUT KIT, LIFERAFT SUB-ASSEMBLY', '2017-02-08', NULL, NULL),
(120, 'Z64957-103-CKP', 'CUT KIT, LIFERAFT SUB-ASSEMBLY', '2017-02-08', NULL, NULL),
(121, 'Z64958-101', 'CARRYING CASE, 25 PERSON LIFER', '2017-02-08', NULL, NULL),
(122, 'Z64970-101', 'CANOPY ASSEMBLY', '2017-02-08', NULL, NULL),
(123, 'Z65130-101', 'SURVIVAL KIT CONTAINER, 20 PER', '2017-02-08', NULL, NULL),
(124, 'Z65200-101', 'CONTAINER, SURVIVAL KIT***', '2017-02-08', NULL, NULL),
(125, 'Z65322-201-CKP', 'CUT KIT, SLIDE/RAFT 777-200LR', '2017-02-08', NULL, NULL),
(126, 'Z65322-202-CKP', 'CUT KIT, SLIDE/RAFT 777-200LR', '2017-02-08', NULL, NULL),
(127, 'Z65324-401-CKP', 'CUT KIT, SLIDE/RAFT ASSY', '2017-02-08', NULL, NULL),
(128, 'Z65324-402-CKP', 'CUT KIT, SLIDE/RAFT ASSY', '2017-02-08', NULL, NULL),
(129, 'Z65430-101', 'CARRYING CASE, 25 PERSON RAFT', '2017-02-08', NULL, NULL),
(130, 'Z65579-101', 'GIRT ASSEMBLY, LEFT', '2017-02-08', NULL, NULL),
(131, 'Z65580-102', 'GIRT ASSEMBLY, RIGHT', '2017-02-08', NULL, NULL),
(132, 'Z65590-101', 'CANOPY ROD SHEATH', '2017-02-08', NULL, NULL),
(133, 'Z65590-101P', 'CANOPY ROD SHEATH', '2017-02-08', NULL, NULL),
(134, 'Z65732-101P', 'MAINTENANCE RECORD POCKET', '2017-02-08', NULL, NULL),
(135, 'Z65734-103P', 'COVER FLAP', '2017-02-08', NULL, NULL),
(136, 'Z65847-101', 'CARRYING CASE, 38 PERSON RAFT', '2017-02-08', NULL, NULL),
(137, 'Z66035-101-CKP', 'CUT KIT, LIFERAFT SUB-ASSEMBLY', '2017-02-08', NULL, NULL),
(138, 'Z66035-103-CKP', 'CUT KIT, LIFERAFT SUB-ASSEMBLY', '2017-02-08', NULL, NULL),
(139, 'Z66035-105-CKP', 'CUT KIT, LIFERAFT SUB-ASSEMBLY', '2017-02-08', NULL, NULL),
(140, 'Z66035-107-CKP', 'CUT KIT, LIFERAFT SUB-ASSY', '2017-02-08', NULL, NULL),
(141, 'Z66035-109-CKP', 'CUT KIT, LIFERAFT SUB-ASSY', '2017-02-08', NULL, NULL),
(142, 'Z66035-111-CKP', 'CUT KIT, LIFERAFT SUB-ASSEMBLY', '2017-02-08', NULL, NULL),
(143, 'Z66035-113-CKP', 'CUT KIT, LIFERAFT SUB-ASSEMBLY', '2017-02-08', NULL, NULL),
(144, 'Z66060-107-CKP', 'CUT KIT, LIFERAFT SUB-ASSEMBLY', '2017-02-08', NULL, NULL),
(145, 'Z66060-111-CKP', 'CUT KIT, LIFERAFT SUB-ASSEMBLY', '2017-02-08', NULL, NULL),
(146, 'Z66078-101', 'BALLAST BAG', '2017-02-08', NULL, NULL),
(147, 'Z66106-103', 'CARRYING CASE, 20 PERSON LIFER', '2017-02-08', NULL, NULL),
(148, 'Z66145-103', 'PLACARD, INFLATION VALVE', '2017-02-08', NULL, NULL),
(149, 'Z66146-103', 'PLACARD, HEAVING LINE', '2017-02-08', NULL, NULL),
(150, 'Z66147-103', 'PLACARD, SURVIVAL KIT PULL', '2017-02-08', NULL, NULL),
(151, 'Z66161-101-CKP', 'CUT KIT, SLIDE/RAFT 777-200/30', '2017-02-08', NULL, NULL),
(152, 'Z66161-102-CKP', 'CUT KIT, SLIDE/RAFT 777-200/30', '2017-02-08', NULL, NULL),
(153, 'Z66162-201-CKP', 'CUT KIT, 777-200 DR 2', '2017-02-08', NULL, NULL),
(154, 'Z66162-202-CKP', 'CUT KIT, 777-200 DR 2', '2017-02-08', NULL, NULL),
(155, 'Z66163-301-CKP', 'CUT KIT, SLIDE/RAFT ASSY, 777', '2017-02-08', NULL, NULL),
(156, 'Z66163-302-CKP', 'CUT KIT, SLIDE/RAFT ASSY, 777', '2017-02-08', NULL, NULL),
(157, 'Z66164-401-CKP', 'CUT KIT, S/R ASSY, 777-200 DR4', '2017-02-08', NULL, NULL),
(158, 'Z66164-402-CKP', 'CUT KIT, S/R ASSY, 777-200 DR4', '2017-02-08', NULL, NULL),
(159, 'Z66165-401-CKP', 'CUT KIT, SLIDE/RAFT ASSY, 777-', '2017-02-08', NULL, NULL),
(160, 'Z66165-402-CKP', 'CUT KIT, SLIDE/RAFT ASSY, 777-', '2017-02-08', NULL, NULL),
(161, 'Z66219-101', 'PLACARD, SMALL ARROW', '2017-02-08', NULL, NULL),
(162, 'Z66255-103-CKP', 'CUT KIT, LIFERAFT SUB-ASSEMBLY', '2017-02-08', NULL, NULL),
(163, 'Z66287-101', 'CARRYING CASE, 25 PERSON RAFT', '2017-02-08', NULL, NULL),
(164, 'Z66326-101', 'CARRYING CASE, 9 PERSON RAFT', '2017-02-08', NULL, NULL),
(165, 'Z66402-103-CKP', 'CUT KIT, LIFERAFT SUB-ASSY 8 P', '2017-02-08', NULL, NULL),
(166, 'Z66452-101', 'TIEDOWN PATCH', '2017-02-08', NULL, NULL),
(167, 'Z66476-101', 'HIGH STRENGTH TIEDOWN PATCH', '2017-02-08', NULL, NULL),
(168, 'Z66498-107-CKP', 'CUT KIT, LIFERAFT SUB-ASSY', '2017-02-08', NULL, NULL),
(169, 'Z66541-101', 'PACKING STRAP', '2017-02-08', NULL, NULL),
(170, 'Z66557-101', 'PLACARD, KNIFE', '2017-02-08', NULL, NULL),
(171, 'Z66558-101', 'PLACARD, ENTER', '2017-02-08', NULL, NULL),
(172, 'Z66558-103', 'PLACARD, ENTER', '2017-02-08', NULL, NULL),
(173, 'Z66559-101', 'PLACARD, CANOPY OPENING', '2017-02-08', NULL, NULL),
(174, 'Z66560-101', 'PLACARD, SEA ANCHOR', '2017-02-08', NULL, NULL),
(175, 'Z66561-101', 'PLACARD, ASPIRATORS', '2017-02-08', NULL, NULL),
(176, 'Z66562-101', 'PLACARD, CANOPY ROD SUPPORT', '2017-02-08', NULL, NULL),
(177, 'Z66563-101', 'PLACARD, CANOPY INST. INSTRUCT', '2017-02-08', NULL, NULL),
(178, 'Z66723-101', 'POUCH, REFUSE', '2017-02-08', NULL, NULL),
(179, 'Z66726-103', 'CANOPY, 10 PERSON LIFERAFT', '2017-02-08', NULL, NULL),
(180, 'Z66766-101', 'CANOPY COVER', '2017-02-08', NULL, NULL),
(181, 'Z66768-101', 'M295 CONTAINER', '2017-02-08', NULL, NULL),
(182, 'Z66770-101-CKP', 'CUT KIT, LIFERAFT SUB-ASSEMBLY', '2017-02-08', NULL, NULL),
(183, 'Z66770-105-CKP', 'CUT KIT, LIFERAFT SUB-ASSEMBLY', '2017-02-08', NULL, NULL),
(184, 'Z66777-101', 'CARRYING CASE, 36 PERSON RAFT', '2017-02-08', NULL, NULL),
(185, 'Z66781-101', 'CANOPY ASSEMBLY', '2017-02-08', NULL, NULL),
(186, 'Z66848-101-CKP', 'CUT KIT, ASSEMBLY, LH 787 DUAL', '2017-02-08', NULL, NULL),
(187, 'Z66877-105', 'LACING COVER, LOWER DUAL LANE', '2017-02-08', NULL, NULL),
(188, 'Z66877-107', 'LACING COVER, LOWER DUAL LANE', '2017-02-08', NULL, NULL),
(189, 'Z66884-103', 'LACING COVER, UPPER', '2017-02-08', NULL, NULL),
(190, 'Z66884-104', 'LACING COVER, UPPER', '2017-02-08', NULL, NULL),
(191, 'Z66998-101', 'CONTAINER, REPAIR KIT', '2017-02-08', NULL, NULL),
(192, 'Z66998-103', 'CONTAINER, REPAIR KIT', '2017-02-08', NULL, NULL),
(193, 'Z67005-101', 'FLOOR ASSEMBLY, DECONTAMINATIO', '2017-02-08', NULL, NULL),
(194, 'Z67005-103', 'FLOOR ASSEMBLY DECONTAMINATION', '2017-02-08', NULL, NULL),
(195, 'Z67007-101', 'CANOPY, ROOF', '2017-02-08', NULL, NULL),
(196, 'Z67016-101', 'CANOPY, FULLY ENCLOSED', '2017-02-08', NULL, NULL),
(197, 'Z67016-103', 'CANOPY, FULLY ENCLOSED', '2017-02-08', NULL, NULL),
(198, 'Z67016-105', 'CANOPY, FULLY ENCLOSED', '2017-02-08', NULL, NULL),
(199, 'Z67054-101', 'BUCKET HOLDER', '2017-02-08', NULL, NULL),
(200, 'Z67054-103', 'BUCKET HOLDER', '2017-02-08', NULL, NULL),
(201, 'Z67094-101', 'CANOPY ASSEMBLY', '2017-02-08', NULL, NULL),
(202, 'Z67094-103', 'CANOPY ASSEMBLY', '2017-02-08', NULL, NULL),
(203, 'Z67094-105', 'CANOPY ASSEMBLY', '2017-02-08', NULL, NULL),
(204, 'Z67096-101', 'SURVIVAL KIT CONTAINER', '2017-02-08', NULL, NULL),
(205, 'Z67115-101', 'VALVE COVER', '2017-02-08', NULL, NULL),
(206, 'Z67118-101', 'CARRYING CASE, 38 PERSON RAFT', '2017-02-08', NULL, NULL),
(207, 'Z67133-101', 'SLEEVE ASSEMBLY', '2017-02-08', NULL, NULL),
(208, 'Z67143-101-CKP', 'CUT KIT, SLIDE/RAFT 757 DR 4', '2017-02-08', NULL, NULL),
(209, 'Z67144-101-CKP', 'CUT KIT, SLIDE/RAFT ASSEMBLY', '2017-02-08', NULL, NULL),
(210, 'Z67149-101', 'PLACARD, NOMENCLATURE', '2017-02-08', NULL, NULL),
(211, 'Z67155-101-CKP', 'CUT KIT, ASSEMBLY LH DR 1 SING', '2017-02-08', NULL, NULL),
(212, 'Z67157-101-CKP', 'CUT KIT, ASSEMBLY, LH 787 DR 4', '2017-02-08', NULL, NULL),
(213, 'Z67158-101-CKP', 'CUT KIT, ASSEMBLY LH 787 DR 3', '2017-02-08', NULL, NULL),
(214, 'Z67159-101-CKP', 'CUT KIT, ASSEMBLY, LH 787 DR 3', '2017-02-08', NULL, NULL),
(215, 'Z67224-101P', 'PLACARD, NOMENCLATURE', '2017-02-08', NULL, NULL),
(216, 'Z67245-101', 'ROD SHEATH', '2017-02-08', NULL, NULL),
(217, 'Z67245-101P', 'ROD SHEATH', '2017-02-08', NULL, NULL),
(218, 'Z67296-105', 'LACING COVER, LOWER DR 1 SINGL', '2017-02-08', NULL, NULL),
(219, 'Z67296-107', 'LACING COVER, LOWER DR 1 SINGL', '2017-02-08', NULL, NULL),
(220, 'Z67317-102-CKP', 'CUT KIT, ASSEMBLY, RH 787 DUAL', '2017-02-08', NULL, NULL),
(221, 'Z67326-102-CKP', 'CUT KIT, ASSEMBLY, RH 787 DR 1', '2017-02-08', NULL, NULL),
(222, 'Z67349-101', 'CARRYING CASE, 36 PERSON RAFT', '2017-02-08', NULL, NULL),
(223, 'Z67433-101', 'CONTAINER, SURVIVAL KIT', '2017-02-08', NULL, NULL),
(224, 'Z67445-101', 'CANOPY ASSEMBLY', '2017-02-08', NULL, NULL),
(225, 'Z67445-103', 'CANOPY ASSEMBLY', '2017-02-08', NULL, NULL),
(226, 'Z67446-102-CKP', 'CUT KIT, ASSY, RH 787 DR 2 D/L', '2017-02-08', NULL, NULL),
(227, 'Z67447-102-CKP', 'CUT KIT, ASSY, 787 DR 4 D/L', '2017-02-08', NULL, NULL),
(228, 'Z67448-102-CKP', 'CUT KIT, ASSEMBLY RH 787 DR 3', '2017-02-08', NULL, NULL),
(229, 'Z67449-102-CKP', 'CUT KIT, ASSEMBLY, RH 787 DR 3', '2017-02-08', NULL, NULL),
(230, 'Z67521-103', 'LACING COVER, LOWER', '2017-02-08', NULL, NULL),
(231, 'Z67521-104', 'LACING COVER, LOWER', '2017-02-08', NULL, NULL),
(232, 'Z67522-103', 'LACING COVER, UPPER', '2017-02-08', NULL, NULL),
(233, 'Z67522-104', 'LACING COVER, UPPER', '2017-02-08', NULL, NULL),
(234, 'Z67571-101', 'CARRYING CASE', '2017-02-08', NULL, NULL),
(235, 'Z67631-103', 'LOWER SIDE COVER, SMALL', '2017-02-08', NULL, NULL),
(236, 'Z67631-104', 'LOWER SIDE COVER, SMALL', '2017-02-08', NULL, NULL),
(237, 'Z67632-103', 'LOWER SIDE COVER', '2017-02-08', NULL, NULL),
(238, 'Z67632-104', 'LOWER SIDE COVER', '2017-02-08', NULL, NULL),
(239, 'Z67637-103', 'CONTAINER, WATER MODULE', '2017-02-08', NULL, NULL),
(240, 'Z67732-101', 'CST CANOPY (STA 2,3,4,5) EXT', '2017-02-08', NULL, NULL),
(241, 'Z67732-103', 'CST CANOPY (STA 2,3,4,5) EXT', '2017-02-08', NULL, NULL),
(242, 'Z67734-101', 'CST CANOPY, (STA 2-3) INTERIOR', '2017-02-08', NULL, NULL),
(243, 'Z67738-101', 'CANOPY, EXTERIOR', '2017-02-08', NULL, NULL),
(244, 'Z68135-101', 'PLUMBING ATTACHMENT ASSEMBLY', '2017-02-08', NULL, NULL),
(245, 'Z68135-101P', 'PLUMBING ATTACHMENT ASSEMBLY', '2017-02-08', NULL, NULL),
(246, 'Z68144-101', 'PACKING STRAP', '2017-02-08', NULL, NULL),
(247, 'Z68172-101', 'FLOOR ASSEMBLY (SHOWER)STA 6-7', '2017-02-08', NULL, NULL),
(248, 'Z68175-101', 'PANEL, CENTER DIVIDER STA 6&7', '2017-02-08', NULL, NULL),
(249, 'Z68198-101', 'ATTACHMENT PATCH (PLUMBING)', '2017-02-08', NULL, NULL),
(250, 'Z68198-103', 'ATTACHMENT PATCH (PLUMBING)', '2017-02-08', NULL, NULL),
(251, 'Z68198-105', 'ATTACHMENT PATCH (PLUMBING)', '2017-02-08', NULL, NULL),
(252, 'Z68198-107', 'ATTACHMENT PATCH (PLUMBING)', '2017-02-08', NULL, NULL),
(253, 'Z68198-109', 'ATTACHMENT PATCH (PLUMBING)', '2017-02-08', NULL, NULL),
(254, 'Z68231-101-CKP', 'CUT KIT, ASSEMBLY LH A350 DR 1', '2017-02-08', NULL, NULL),
(255, 'Z68231-10101CKP', 'CUT KIT, A350 DOOR 1 DL, LH', '2017-02-08', NULL, NULL),
(256, 'Z68232-102-CKP', 'CUT KIT, ASSEMBLY RH A350 DR 1', '2017-02-08', NULL, NULL),
(257, 'Z68232-10201CKP', 'CUT KIT, A350 DOOR 1 D/L, RH', '2017-02-08', NULL, NULL),
(258, 'Z68233-101-CKP', 'CUT KIT, ASS Y LH A350 DR 1 SL', '2017-02-08', NULL, NULL),
(259, 'Z68234-102-CKP', 'CUT KIT, ASSY RH A350 DR 1 SL', '2017-02-08', NULL, NULL),
(260, 'Z68235-101-CKP', 'CUT KIT, ASSEMBLY LH A350 DR 2', '2017-02-08', NULL, NULL),
(261, 'Z68235-10101CKP', 'CUT KIT, A350 DOOR 2 DL, LH', '2017-02-08', NULL, NULL),
(262, 'Z68236-102-CKP', 'CUT KIT, ASSEMBLY A350 DR 2 RH', '2017-02-08', NULL, NULL),
(263, 'Z68236-10201CKP', 'CUT KIT, A350 DOOR 2 D/L, RH', '2017-02-08', NULL, NULL),
(264, 'Z68237-101-CKP', 'CUT KIT, ASSEMBLY, LH A350 DR3', '2017-02-08', NULL, NULL),
(265, 'Z68237-10101CKP', 'CUT KIT, A350 DR 3 D/L, LH', '2017-02-08', NULL, NULL),
(266, 'Z68238-102-CKP', 'CUT KIT, ASSEMBLY, RH A350 DR3', '2017-02-08', NULL, NULL),
(267, 'Z68238-10201CKP', 'CUT KIT, A350 DR 3 D/L, RH', '2017-02-08', NULL, NULL),
(268, 'Z68239-101-CKP', 'CUT KIT, ASSEMBLY, LH A350 DR3', '2017-02-08', NULL, NULL),
(269, 'Z68240-102-CKP', 'CUT KIT, ASSEMBLY, RH A350 DR3', '2017-02-08', NULL, NULL),
(270, 'Z68241-101-CKP', 'CUT KIT, ASSEMBLY LH A350 DR 4', '2017-02-08', NULL, NULL),
(271, 'Z68241-10101CKP', 'CUT KIT, A350 DR 4 D/L, LH', '2017-02-08', NULL, NULL),
(272, 'Z68242-102-CKP', 'CUT KIT, ASSEMBLY RH A350 DR 4', '2017-02-08', NULL, NULL),
(273, 'Z68242-10201CKP', 'CUT KIT, A350 DR 4 D/L, LH', '2017-02-08', NULL, NULL),
(274, 'Z68252-101', 'ATTACHMENT SLEEVE (PLUMBING)', '2017-02-08', NULL, NULL),
(275, 'Z68252-103', 'ATTACHMENT SLEEVE (PLUMBING)', '2017-02-08', NULL, NULL),
(276, 'Z68256-101', 'CANOPY ASSEMBLY', '2017-02-08', NULL, NULL),
(277, 'Z68258-101', 'CANOPY ASSEMBLY', '2017-02-08', NULL, NULL),
(278, 'Z68259-101', 'CANOPY ASSEMBLY', '2017-02-08', NULL, NULL),
(279, 'Z68260-101', 'CANOPY ASSEMBLY', '2017-02-08', NULL, NULL),
(280, 'Z68261-101', 'CANOPY ASSEMBLY', '2017-02-08', NULL, NULL),
(281, 'Z68597-101', 'CANOPY ASSEMBLY', '2017-02-08', NULL, NULL),
(282, 'Z68699-101', 'UPPER LACING COVER A350 DR 1/2', '2017-02-08', NULL, NULL),
(283, 'Z68699-102', 'UPPER LACING COVER A350 DR 1/2', '2017-02-08', NULL, NULL),
(284, 'Z68771-101', 'CARRYING CASE ASSEMBLY', '2017-02-08', NULL, NULL),
(285, 'Z68822-101', 'CANOPY ASSEMBLY', '2017-02-08', NULL, NULL),
(286, 'Z68889-101P', 'WIRE KEEPER, ELT', '2017-02-08', NULL, NULL),
(287, 'Z68941-101-CKP', 'CUT KIT, SLIDE ASSEMBLY LH', '2017-02-08', NULL, NULL),
(288, 'Z68942-102-CKP', 'CUT KIT, SLIDE ASSEMBLY RH', '2017-02-08', NULL, NULL),
(289, 'Z68943-101-CKP', 'CUT KIT, SLIDE ASSY LH BD-500', '2017-02-08', NULL, NULL),
(290, 'Z68944-102-CKP', 'CUT KIT, SLIDE ASSEMBLY, RH', '2017-02-08', NULL, NULL),
(291, 'Z68945-101-CKP', 'CUT KIT, SLIDE ASSEMBLY LH AFT', '2017-02-08', NULL, NULL),
(292, 'Z68946-102-CKP', 'CUT KIT, SLIDE ASSEMBLY RH AFT', '2017-02-08', NULL, NULL),
(293, 'Z68976-101', 'CONTAINER, SURVIVAL KIT', '2017-02-08', NULL, NULL),
(294, 'Z69024-101', 'CANOPY ASSEMBLY A350 DR 1', '2017-02-08', NULL, NULL),
(295, 'Z69025-101', 'CANOPY ASSEMBLY A350 DR 3 DL', '2017-02-08', NULL, NULL),
(296, 'Z69027-101', 'CANOPY ASSEMBLY, A350 DR 1 S/L', '2017-02-08', NULL, NULL),
(297, 'Z69028-101', 'CANOPY ASSEMBLY, A350 DR 3 S/L', '2017-02-08', NULL, NULL),
(298, 'Z69028-102', 'CANOPY ASSEMBLY, A350 DR 3 S/L', '2017-02-08', NULL, NULL),
(299, 'Z69038-101P', 'PLACARD, INFLATABLE ASSY ID', '2017-02-08', NULL, NULL),
(300, 'Z69078-101', 'LOWER LACING COVER ASSEMBLY', '2017-02-08', NULL, NULL),
(301, 'Z69078-103', 'LOWER LACING COVER ASSEMBLY', '2017-02-08', NULL, NULL),
(302, 'Z69215-101', 'CANOPY ASSEMBLY, LH A350 DR 2', '2017-02-08', NULL, NULL),
(303, 'Z69222-101', 'SIDE WRAPPER, DR 1', '2017-02-08', NULL, NULL),
(304, 'Z69222-104', 'SIDE WRAPPER, DR 1', '2017-02-08', NULL, NULL),
(305, 'Z69223-102', 'CANOPY ASSEMBLY, RH A350 DR 2', '2017-02-08', NULL, NULL),
(306, 'Z69235-101', 'UPPER LACING COVER', '2017-02-08', NULL, NULL),
(307, 'Z69235-102', 'UPPER LACING COVER', '2017-02-08', NULL, NULL),
(308, 'Z69297-102', 'SIDE WRAPPER, A350 DR 3 D/L', '2017-02-08', NULL, NULL),
(309, 'Z69301-101', 'SIDE WRAPPER, A350 DR 1 S/L', '2017-02-08', NULL, NULL),
(310, 'Z69301-102', 'SIDE WRAPPER, A350 DR 1 S/L', '2017-02-08', NULL, NULL),
(311, 'Z69301-103', 'SIDE WRAPPER, A350 DR 1 S/L', '2017-02-08', NULL, NULL),
(312, 'Z69301-104', 'SIDE WRAPPER, A350 DR 1 S/L', '2017-02-08', NULL, NULL),
(313, 'Z69322-101', 'CANOPY ROD SHEATH', '2017-02-08', NULL, NULL),
(314, 'Z69469-101', 'UPPER LACING COVER A350 DOOR 4', '2017-02-08', NULL, NULL),
(315, 'Z69469-102', 'UPPER LACING COVER A350 DOOR 4', '2017-02-08', NULL, NULL),
(316, 'Z69487-101', 'CANOPY ASSEMBLY, A350 DR 4', '2017-02-08', NULL, NULL),
(317, 'Z69491-101', 'SIDE WRAPPER, A350 DR 4', '2017-02-08', NULL, NULL),
(318, 'Z69491-102', 'SIDE WRAPPER, A350 DR 4', '2017-02-08', NULL, NULL),
(319, 'Z69547-101-CKP', 'CUT KIT, LIFERAFT SUB-ASSY', '2017-02-08', NULL, NULL),
(320, 'Z69547-103-CKP', 'CUT KIT, LIFERAFT SUB-ASSY', '2017-02-08', NULL, NULL),
(321, 'Z69640-101', 'GIRT RETAINER', '2017-02-08', NULL, NULL),
(322, 'Z69675-101', 'SURVIVAL KIT CONTAINER, A350', '2017-02-08', NULL, NULL),
(323, 'Z69691-101', 'CANOPY MAST SHEATH', '2017-02-08', NULL, NULL),
(324, 'Z69693-101', 'CANOPY ROD SHEATH', '2017-02-08', NULL, NULL),
(325, 'Z69747-101-CKP', 'CUT KIT, LIFERAFT SUB-ASSEMBLY', '2017-02-08', NULL, NULL),
(326, 'Z69767-103', 'SIDE WRAPPER, A350 DR 3 S/L', '2017-02-08', NULL, NULL),
(327, 'Z69767-104', 'SIDE WRAPPER, A350 DR 3 S/L', '2017-02-08', NULL, NULL),
(328, 'Z69863-101', 'UPPER LACING COVER', '2017-02-08', NULL, NULL),
(329, 'Z69863-102', 'UPPER LACING COVER', '2017-02-08', NULL, NULL),
(330, 'Z69882-101', 'BLOWER COVER', '2017-02-08', NULL, NULL),
(331, 'Z69893-101', 'THERMAL PROTECTOR', '2017-02-08', NULL, NULL),
(332, 'Z69893-102', 'THERMAL PROTECTOR', '2017-02-08', NULL, NULL),
(333, 'Z69935-101', 'THERMAL PROTECTOR', '2017-02-08', NULL, NULL),
(334, 'Z69935-102', 'THERMAL PROTECTOR', '2017-02-08', NULL, NULL),
(335, 'Z70024-101', 'CARRYING CASE, 46 PERSON LIFER', '2017-02-08', NULL, NULL),
(336, 'Z70037-101-CKP', 'CUT KIT, LH A350-1000 DR 3 DL', '2017-02-08', NULL, NULL),
(337, 'Z70037-10101CKP', 'CUT KIT, A350-1000 DR 3 D/L LH', '2017-02-08', NULL, NULL),
(338, 'Z70038-102-CKP', 'CUT KIT, RH A350-1000 DR 3 DL', '2017-02-08', NULL, NULL),
(339, 'Z70038-10201CKP', 'CUT KIT, A350-1000 DR 3 D/L RH', '2017-02-08', NULL, NULL),
(340, 'Z70039-101-CKP', 'CUT KIT, LH A350-1000 DR 3 SL', '2017-02-08', NULL, NULL),
(341, 'Z70040-102-CKP', 'CUT KIT, RH A350-1000 DR 3 SL', '2017-02-08', NULL, NULL),
(342, 'Z70061-101', 'CANOPY, EXTERIOR', '2017-02-08', NULL, NULL),
(343, 'Z70063-101', 'LINER, WATER CONTAINMENT', '2017-02-08', NULL, NULL),
(344, 'Z70069-101', 'CENTER DIVIDER ASSEMBLY', '2017-02-08', NULL, NULL),
(345, 'Z70090-101', 'ATTACHMENT ASSEMBLY, GRATING', '2017-02-08', NULL, NULL),
(346, 'Z70107-101', 'CARRYING CASE, 25 PERSON RAFT', '2017-02-08', NULL, NULL),
(347, 'Z70122-101-CKP', 'CUT KIT, LIFERAFT SUB-ASSEMBLY', '2017-02-08', NULL, NULL),
(348, 'Z70122-103-CKP', 'CUT KIT, LIFERAFT SUB-ASSEMBLY', '2017-02-08', NULL, NULL),
(349, 'Z70173-101-CKP', 'CUT KIT, LIFERAFT SUB-ASSEMBLY', '2017-02-08', NULL, NULL),
(350, 'Z70173-103-CKP', 'CUT KIT, LIFERAFT SUB-ASSEMBLY', '2017-02-08', NULL, NULL),
(351, 'Z70179-101', 'SIDE WRAPPER', '2017-02-08', NULL, NULL),
(352, 'Z70221-101', 'SIDE WRAPPER', '2017-02-08', NULL, NULL),
(353, 'Z70233-101-CKP', 'CUT KIT, SLIDE ASSEMBLY, LH', '2017-02-08', NULL, NULL),
(354, 'Z70234-102-CKP', 'CUT KIT, SLIDE ASSEMBLY, RH', '2017-02-08', NULL, NULL),
(355, 'Z70236-101-CKP', 'CUT KIT, LIFERAFT SUB-ASSEMBLY', '2017-02-08', NULL, NULL),
(356, 'Z70240-101', 'CANOPY, 13 PERSON LIFERAFT', '2017-02-08', NULL, NULL),
(357, 'Z70267-101-CKP', 'CUT KIT, SLIDE ASSY LH C919', '2017-02-08', NULL, NULL),
(358, 'Z70280-101P', 'SLING, RESERVOIR', '2017-02-08', NULL, NULL),
(359, 'Z70280-102P', 'SLING, RESERVOIR', '2017-02-08', NULL, NULL),
(360, 'Z70299-101-CKP', 'CUT KIT, LIFERAFT SUB-ASSEMBLY', '2017-02-08', NULL, NULL),
(361, 'Z70299-103-CKP', 'CUT KIT, LIFERAFT SUB-ASSEMBLY', '2017-02-08', NULL, NULL),
(362, 'Z70380-101', 'SURVIVAL KIT CONTAINER', '2017-02-08', NULL, NULL),
(363, 'Z70413-101P', 'GIRT ASSEMBLY', '2017-02-08', NULL, NULL),
(364, 'Z70422-101', 'SURVIVAL KIT BAG', '2017-02-08', NULL, NULL),
(365, 'Z70425-101', 'CARRYING CASE', '2017-02-08', NULL, NULL),
(366, 'Z70430-101-CKP', 'CUT KIT, LIFERAFT SUB-ASSEMBLY', '2017-02-08', NULL, NULL),
(367, 'Z70483-101', 'SURVIVAL KIT BAG', '2017-02-08', NULL, NULL),
(368, 'Z70486-101', 'CANOPY, 5 PERSON LIFERAFT ***', '2017-02-08', NULL, NULL),
(369, 'Z70503-101P', 'BALLAST BAG, SINGLE PLACE', '2017-02-08', NULL, NULL),
(370, 'Z70506-101P', 'BAILING BUCKET', '2017-02-08', NULL, NULL),
(371, 'Z70516-101P', 'STOWAGE POCKET, SINGLE PERSON', '2017-02-08', NULL, NULL),
(372, 'Z70536-101', 'CANOPY, 4 PERSON LIFERAFT ***', '2017-02-08', NULL, NULL),
(373, 'Z70544-101', 'CANOPY, 6 PERSON LIFERAFT ***', '2017-02-08', NULL, NULL),
(374, 'Z70549-101', 'CANOPY, 8 PERSON LIFERAFT ***', '2017-02-08', NULL, NULL),
(375, 'Z70554-101', 'CANOPY, 9 PERSON LIFERAFT ***', '2017-02-08', NULL, NULL),
(376, 'Z70559-101', 'CANOPY, 10 PERSON LIFERAFT ***', '2017-02-08', NULL, NULL),
(377, 'Z70564-101', 'CANOPY, 11 PERSON LIFERAFT ***', '2017-02-08', NULL, NULL),
(378, 'Z70569-101', 'CANOPY, 12 PERSON LIFERAFT ***', '2017-02-08', NULL, NULL),
(379, 'Z70610-101P', 'SLEEVE BOTTOM', '2017-02-08', NULL, NULL),
(380, 'Z70637-102P', 'WRAPPER', '2017-02-08', NULL, NULL),
(381, 'Z70658-101', 'CARRYING CASE', '2017-02-08', NULL, NULL),
(382, 'Z70691-101-CKP', 'CUT KIT, LIFERAFT SUB-ASSY', '2017-02-08', NULL, NULL),
(383, 'Z70775-101-CKP', 'CUT KIT, LH A350 ULR DR 2 SL', '2017-02-08', NULL, NULL),
(384, 'Z70776-102-CKP', 'CUT KIT, RH A350 ULR DR 2 SL', '2017-02-08', NULL, NULL),
(385, 'Z70825-101-CKP', 'CUT KIT, LIFERAFT SUB-ASSEMBLY', '2017-02-08', NULL, NULL),
(386, 'Z70825-103-CKP', 'CUT KIT, LIFERAFT SUB-ASSEMBLY', '2017-02-08', NULL, NULL),
(387, 'Z70830-101-CKP', 'CUT KIT, LIFERAFT SUB-ASSEMBLY', '2017-02-08', NULL, NULL),
(388, 'Z70830-103-CKP', 'LIFERAFT SUB-ASSEMBLY', '2017-02-08', NULL, NULL),
(389, 'Z70236-101-CKP', '', '2017-02-08', NULL, NULL),
(390, 'Z70240-101', '', '2017-02-08', NULL, NULL),
(391, 'Z70267-101-CKP', '', '2017-02-08', NULL, NULL),
(392, 'Z70280-101P', '', '2017-02-08', NULL, NULL),
(393, 'Z70280-102P', '', '2017-02-08', NULL, NULL),
(394, 'Z70299-101-CKP', '', '2017-02-08', NULL, NULL),
(395, 'Z70299-103-CKP', '', '2017-02-08', NULL, NULL),
(396, 'Z70380-101', '', '2017-02-08', NULL, NULL),
(397, 'Z70413-101P', '', '2017-02-08', NULL, NULL),
(398, 'Z70422-101', '', '2017-02-08', NULL, NULL),
(399, 'Z70425-101', '', '2017-02-08', NULL, NULL),
(400, 'Z70430-101-CKP', '', '2017-02-08', NULL, NULL),
(401, 'Z70483-101', '', '2017-02-08', NULL, NULL),
(402, 'Z70486-101', '', '2017-02-08', NULL, NULL),
(403, 'Z70503-101P', '', '2017-02-08', NULL, NULL),
(404, 'Z70506-101P', '', '2017-02-08', NULL, NULL),
(405, 'Z70516-101P', '', '2017-02-08', NULL, NULL),
(406, 'Z70536-101', '', '2017-02-08', NULL, NULL),
(407, 'Z70544-101', '', '2017-02-08', NULL, NULL),
(408, 'Z70549-101', '', '2017-02-08', NULL, NULL),
(409, 'Z70554-101', '', '2017-02-08', NULL, NULL),
(410, 'Z70559-101', '', '2017-02-08', NULL, NULL),
(411, 'Z70564-101', '', '2017-02-08', NULL, NULL),
(412, 'Z70569-101', '', '2017-02-08', NULL, NULL),
(413, 'Z70581-101', '', '2017-02-08', NULL, NULL),
(414, 'Z70610-101P', '', '2017-02-08', NULL, NULL),
(415, 'Z70637-101P', '', '2017-02-08', NULL, NULL),
(416, 'Z70637-102P', '', '2017-02-08', NULL, NULL),
(417, 'Z70658-101', '', '2017-02-08', NULL, NULL),
(418, 'Z70691-101-CKP', '', '2017-02-08', NULL, NULL),
(419, 'Z70775-101-CKP', '', '2017-02-08', NULL, NULL),
(420, 'Z70776-102-CKP', '', '2017-02-08', NULL, NULL),
(421, 'Z70825-101-CKP', '', '2017-02-08', NULL, NULL),
(422, 'Z70825-103-CKP', '', '2017-02-08', NULL, NULL),
(423, 'Z70830-101-CKP', '', '2017-02-08', NULL, NULL),
(424, 'Z70830-103-CKP', '', '2017-02-08', NULL, NULL),
(425, 'Z63174-105', 'raining Slide/, 777 br 1', '2017-08-22', NULL, NULL),
(426, 'z11111', 'prueba, / 111', '2017-08-22', NULL, NULL),
(427, 'Z63164-105/TRAINING SLIDE/RAFT', 'PRUEBA', '2017-09-01', NULL, NULL),
(428, 'Z63164-105/TRAINING SLIDE/RAFT, 777 DR 1', 'F', '2017-09-01', NULL, '2017-09-01'),
(429, 'Z63164-105/TRAINING SLIDE/RAFT, 777 DR 1', 'f', '2017-09-01', NULL, NULL),
(430, 'prueba', '1', '2017-09-22', NULL, NULL);

-- --------------------------------------------------------

--
-- Table structure for table `parte_fibra`
--

CREATE TABLE IF NOT EXISTS `parte_fibra` (
  `id` int(11) NOT NULL,
  `id_parte` varchar(20) NOT NULL,
  `id_fibra` varchar(20) NOT NULL,
  `longitud` float NOT NULL,
  `created_at` date NOT NULL,
  `updated_at` date DEFAULT NULL,
  `deleted_at` date DEFAULT NULL
) ENGINE=MyISAM AUTO_INCREMENT=844 DEFAULT CHARSET=latin1;

--
-- Dumping data for table `parte_fibra`
--

INSERT INTO `parte_fibra` (`id`, `id_parte`, `id_fibra`, `longitud`, `created_at`, `updated_at`, `deleted_at`) VALUES
(1, 'Z68231-10101CKP', 'Z105209', 18, '2017-02-08', NULL, NULL),
(2, 'Z68237-10101CKP', 'Z105209', 57, '2017-02-08', NULL, NULL),
(3, 'Z68241-10101CKP', 'Z105209', 18, '2017-02-08', NULL, NULL),
(4, 'Z68235-10101CKP', 'Z105209', 53, '2017-02-08', NULL, NULL),
(5, 'Z19010-1', 'ZM11060-40-1', 1.18, '2017-02-08', NULL, NULL),
(6, 'Z13476-109', 'ZM11095', 59.06, '2017-02-08', NULL, NULL),
(7, 'Z13476-113', 'ZM11095', 59.04, '2017-02-08', NULL, NULL),
(8, 'Z62969-105', 'ZM11469-1', 5.12, '2017-02-08', NULL, NULL),
(9, 'Z66164-401-CKP', 'ZM11469-1', 5, '2017-02-08', NULL, NULL),
(10, 'Z65324-401-CKP', 'ZM11469-1', 5.26, '2017-02-08', NULL, NULL),
(11, 'Z66161-102-CKP', 'ZM11469-1', 5.31, '2017-02-08', NULL, NULL),
(12, 'Z67447-102-CKP', 'ZM11469-1', 7, '2017-02-08', NULL, NULL),
(13, 'Z66165-401-CKP', 'ZM11469-1', 5.12, '2017-02-08', NULL, NULL),
(14, 'Z66848-101-CKP', 'ZM11469-1', 7, '2017-02-08', NULL, NULL),
(15, 'Z67317-102-CKP', 'ZM11469-1', 7, '2017-02-08', NULL, NULL),
(16, 'Z67158-101-CKP', 'ZM11469-1', 7, '2017-02-08', NULL, NULL),
(17, 'Z65324-402-CKP', 'ZM11469-1', 5.25, '2017-02-08', NULL, NULL),
(18, 'Z30219-503', 'ZM11469-1', 40.31, '2017-02-08', NULL, NULL),
(19, 'Z67448-102-CKP', 'ZM11469-1', 7, '2017-02-08', NULL, NULL),
(20, 'Z66161-101-CKP', 'ZM11469-1', 5.31, '2017-02-08', NULL, NULL),
(21, 'Z63053-106', 'ZM11469-1', 15.12, '2017-02-08', NULL, NULL),
(22, 'Z63101-105-CKP', 'ZM11469-1', 5.32, '2017-02-08', NULL, NULL),
(23, 'Z63101-106-CKP', 'ZM11469-1', 5.32, '2017-02-08', NULL, NULL),
(24, 'Z66164-402-CKP', 'ZM11469-1', 5, '2017-02-08', NULL, NULL),
(25, 'Z67157-101-CKP', 'ZM11469-1', 7, '2017-02-08', NULL, NULL),
(26, 'Z64223-101-CKP', 'ZM11469-1', 9, '2017-02-08', NULL, NULL),
(27, 'Z66162-202-CKP', 'ZM11469-1', 5, '2017-02-08', NULL, NULL),
(28, 'Z67155-101-CKP', 'ZM11469-1', 7, '2017-02-08', NULL, NULL),
(29, 'Z66165-402-CKP', 'ZM11469-1', 5.12, '2017-02-08', NULL, NULL),
(30, 'Z30219-503P', 'ZM11469-1', 40.31, '2017-02-08', NULL, NULL),
(31, 'Z66163-301-CKP', 'ZM11469-1', 5.37, '2017-02-08', NULL, NULL),
(32, 'Z66162-201-CKP', 'ZM11469-1', 5.37, '2017-02-08', NULL, NULL),
(33, 'Z65322-201-CKP', 'ZM11469-1', 5, '2017-02-08', NULL, NULL),
(34, 'Z65322-202-CKP', 'ZM11469-1', 5, '2017-02-08', NULL, NULL),
(35, 'Z67326-102-CKP', 'ZM11469-1', 7, '2017-02-08', NULL, NULL),
(36, 'Z66163-302-CKP', 'ZM11469-1', 5.37, '2017-02-08', NULL, NULL),
(37, 'Z64232-103', 'ZM11479', 7, '2017-02-08', NULL, NULL),
(38, 'Z62428-217', 'ZM11479', 0.98, '2017-02-08', NULL, NULL),
(39, 'Z68946-102-CKP', 'ZM11479', 20.08, '2017-02-08', NULL, NULL),
(40, 'Z70280-101P', 'ZM11479', 24.02, '2017-02-08', NULL, NULL),
(41, 'Z68945-101-CKP', 'ZM11479', 20.08, '2017-02-08', NULL, NULL),
(42, 'Z70280-102P', 'ZM11479', 24.02, '2017-02-08', NULL, NULL),
(43, 'Z60070-104-CKP', 'ZM11479', 143, '2017-02-08', NULL, NULL),
(44, 'Z60070-103-CKP', 'ZM11479', 143, '2017-02-08', NULL, NULL),
(45, 'Z68942-102-CKP', 'ZM11479', 20, '2017-02-08', NULL, NULL),
(46, 'Z68941-101-CKP', 'ZM11479', 20, '2017-02-08', NULL, NULL),
(47, 'Z68242-102-CKP', 'ZM11480', 129, '2017-02-08', NULL, NULL),
(48, 'Z68237-10101CKP', 'ZM11480', 146, '2017-02-08', NULL, NULL),
(49, 'Z66164-402-CKP', 'ZM11480', 108, '2017-02-08', NULL, NULL),
(50, 'Z61921-101', 'ZM11480', 3.24, '2017-02-08', NULL, NULL),
(51, 'Z30674-115-CKP', 'ZM11480', 34, '2017-02-08', NULL, NULL),
(52, 'Z66163-301-CKP', 'ZM11480', 110.09, '2017-02-08', NULL, NULL),
(53, 'Z70037-10101CKP', 'ZM11480', 131, '2017-02-08', NULL, NULL),
(54, 'Z62349-105-CKP', 'ZM11480', 9.06, '2017-02-08', NULL, NULL),
(55, 'Z63053-106', 'ZM11480', 94.09, '2017-02-08', NULL, NULL),
(56, 'Z70038-10201CKP', 'ZM11480', 137, '2017-02-08', NULL, NULL),
(57, 'Z31910-131-CKP', 'ZM11480', 33.07, '2017-02-08', NULL, NULL),
(58, 'Z62348-106-CKP', 'ZM11480', 9.06, '2017-02-08', NULL, NULL),
(59, 'Z68233-101-CKP', 'ZM11480', 120, '2017-02-08', NULL, NULL),
(60, 'Z31910-129-CKP', 'ZM11480', 33.07, '2017-02-08', NULL, NULL),
(61, 'Z62879-108', 'ZM11480', 92.52, '2017-02-08', NULL, NULL),
(62, 'Z62666-101', 'ZM11480', 34.25, '2017-02-08', NULL, NULL),
(63, 'Z65324-401-CKP', 'ZM11480', 111.11, '2017-02-08', NULL, NULL),
(64, 'Z62349-106-CKP', 'ZM11480', 9.06, '2017-02-08', NULL, NULL),
(65, 'Z68237-101-CKP', 'ZM11480', 136, '2017-02-08', NULL, NULL),
(66, 'Z66161-101-CKP', 'ZM11480', 119.64, '2017-02-08', NULL, NULL),
(67, 'Z68240-102-CKP', 'ZM11480', 123, '2017-02-08', NULL, NULL),
(68, 'Z30674-113-CKP', 'ZM11480', 34, '2017-02-08', NULL, NULL),
(69, 'Z66164-401-CKP', 'ZM11480', 110, '2017-02-08', NULL, NULL),
(70, 'Z66165-401-CKP', 'ZM11480', 114.17, '2017-02-08', NULL, NULL),
(71, 'Z65580-102', 'ZM11480', 113.78, '2017-02-08', NULL, NULL),
(72, 'Z70037-101-CKP', 'ZM11480', 131, '2017-02-08', NULL, NULL),
(73, 'Z60070-104-CKP', 'ZM11480', 23, '2017-02-08', NULL, NULL),
(74, 'Z70233-101-CKP', 'ZM11480', 31, '2017-02-08', NULL, NULL),
(75, 'Z65322-202-CKP', 'ZM11480', 120, '2017-02-08', NULL, NULL),
(76, 'Z62354-101', 'ZM11480', 3.24, '2017-02-08', NULL, NULL),
(77, 'Z31876-113', 'ZM11480', 56.16, '2017-02-08', NULL, NULL),
(78, 'Z62348-105-CKP', 'ZM11480', 9.06, '2017-02-08', NULL, NULL),
(79, 'Z70039-101-CKP', 'ZM11480', 119, '2017-02-08', NULL, NULL),
(80, 'Z70413-101P', 'ZM11480', 42.12, '2017-02-08', NULL, NULL),
(81, 'Z60294-101', 'ZM11480', 33.15, '2017-02-08', NULL, NULL),
(82, 'Z70040-102-CKP', 'ZM11480', 119, '2017-02-08', NULL, NULL),
(83, 'Z61922-102', 'ZM11480', 15.5, '2017-02-08', NULL, NULL),
(84, 'Z68239-101-CKP', 'ZM11480', 124, '2017-02-08', NULL, NULL),
(85, 'Z31876-117', 'ZM11480', 61.92, '2017-02-08', NULL, NULL),
(86, 'Z62355-101', 'ZM11480', 15.5, '2017-02-08', NULL, NULL),
(87, 'Z63101-106-CKP', 'ZM11480', 129, '2017-02-08', NULL, NULL),
(88, 'Z68241-101-CKP', 'ZM11480', 138, '2017-02-08', NULL, NULL),
(89, 'Z66165-402-CKP', 'ZM11480', 114.17, '2017-02-08', NULL, NULL),
(90, 'Z68242-10201CKP', 'ZM11480', 129, '2017-02-08', NULL, NULL),
(91, 'Z63420-101P', 'ZM11480', 3.24, '2017-02-08', NULL, NULL),
(92, 'Z63771-101', 'ZM11480', 33, '2017-02-08', NULL, NULL),
(93, 'Z65322-201-CKP', 'ZM11480', 119, '2017-02-08', NULL, NULL),
(94, 'Z19583-107P', 'ZM11480', 0.59, '2017-02-08', NULL, NULL),
(95, 'Z68236-10201CKP', 'ZM11480', 127, '2017-02-08', NULL, NULL),
(96, 'Z65324-402-CKP', 'ZM11480', 113.69, '2017-02-08', NULL, NULL),
(97, 'Z68236-102-CKP', 'ZM11480', 127, '2017-02-08', NULL, NULL),
(98, 'Z65579-101', 'ZM11480', 96, '2017-02-08', NULL, NULL),
(99, 'Z68235-101-CKP', 'ZM11480', 138, '2017-02-08', NULL, NULL),
(100, 'Z63101-105-CKP', 'ZM11480', 129, '2017-02-08', NULL, NULL),
(101, 'Z68946-102-CKP', 'ZM11480', 44.09, '2017-02-08', NULL, NULL),
(102, 'Z68944-102-CKP', 'ZM11480', 17, '2017-02-08', NULL, NULL),
(103, 'Z30674-111-CKP', 'ZM11480', 34, '2017-02-08', NULL, NULL),
(104, 'Z68238-10201CKP', 'ZM11480', 148, '2017-02-08', NULL, NULL),
(105, 'Z60294-103', 'ZM11480', 33.15, '2017-02-08', NULL, NULL),
(106, 'Z62666-103', 'ZM11480', 33.86, '2017-02-08', NULL, NULL),
(107, 'Z70775-101-CKP', 'ZM11480', 120.98, '2017-02-08', NULL, NULL),
(108, 'Z68231-10101CKP', 'ZM11480', 138, '2017-02-08', NULL, NULL),
(109, 'Z68231-101-CKP', 'ZM11480', 138, '2017-02-08', NULL, NULL),
(110, 'Z66161-102-CKP', 'ZM11480', 119.64, '2017-02-08', NULL, NULL),
(111, 'Z64223-103-CKP', 'ZM11480', 9, '2017-02-08', NULL, NULL),
(112, 'Z63773-101P', 'ZM11480', 5, '2017-02-08', NULL, NULL),
(113, 'Z68232-10201CKP', 'ZM11480', 136, '2017-02-08', NULL, NULL),
(114, 'Z68943-101-CKP', 'ZM11480', 17, '2017-02-08', NULL, NULL),
(115, 'Z68235-10101CKP', 'ZM11480', 138, '2017-02-08', NULL, NULL),
(116, 'Z67143-101-CKP', 'ZM11480', 60, '2017-02-08', NULL, NULL),
(117, 'Z67144-101-CKP', 'ZM11480', 60, '2017-02-08', NULL, NULL),
(118, 'Z63772-101P', 'ZM11480', 5, '2017-02-08', NULL, NULL),
(119, 'Z62482-107', 'ZM11480', 91.73, '2017-02-08', NULL, NULL),
(120, 'Z68241-10101CKP', 'ZM11480', 138, '2017-02-08', NULL, NULL),
(121, 'Z70038-102-CKP', 'ZM11480', 137, '2017-02-08', NULL, NULL),
(122, 'Z68234-102-CKP', 'ZM11480', 119, '2017-02-08', NULL, NULL),
(123, 'Z68232-102-CKP', 'ZM11480', 136, '2017-02-08', NULL, NULL),
(124, 'Z66162-202-CKP', 'ZM11480', 117, '2017-02-08', NULL, NULL),
(125, 'Z68238-102-CKP', 'ZM11480', 148, '2017-02-08', NULL, NULL),
(126, 'Z62969-105', 'ZM11480', 91.34, '2017-02-08', NULL, NULL),
(127, 'Z66163-302-CKP', 'ZM11480', 110.09, '2017-02-08', NULL, NULL),
(128, 'Z70234-102-CKP', 'ZM11480', 31, '2017-02-08', NULL, NULL),
(129, 'Z31871-101', 'ZM11480', 33.07, '2017-02-08', NULL, NULL),
(130, 'Z62228-107', 'ZM11480', 2.12, '2017-02-08', NULL, NULL),
(131, 'Z68945-101-CKP', 'ZM11480', 44.09, '2017-02-08', NULL, NULL),
(132, 'Z61922-101', 'ZM11480', 15.5, '2017-02-08', NULL, NULL),
(133, 'Z68941-101-CKP', 'ZM11480', 44, '2017-02-08', NULL, NULL),
(134, 'Z62970-106', 'ZM11480', 97.24, '2017-02-08', NULL, NULL),
(135, 'Z66162-201-CKP', 'ZM11480', 118, '2017-02-08', NULL, NULL),
(136, 'Z60070-103-CKP', 'ZM11480', 22, '2017-02-08', NULL, NULL),
(137, 'Z70776-102-CKP', 'ZM11480', 118.5, '2017-02-08', NULL, NULL),
(138, 'Z68942-102-CKP', 'ZM11480', 44, '2017-02-08', NULL, NULL),
(139, 'Z69235-101', 'ZM11481', 43, '2017-02-08', NULL, NULL),
(140, 'Z64725-101', 'ZM11481', 36, '2017-02-08', NULL, NULL),
(141, 'Z70544-101', 'ZM11481', 7, '2017-02-08', NULL, NULL),
(142, 'Z68771-101', 'ZM11481', 66.5, '2017-02-08', NULL, NULL),
(143, 'Z70554-101', 'ZM11481', 14, '2017-02-08', NULL, NULL),
(144, 'Z70483-101', 'ZM11481', 32, '2017-02-08', NULL, NULL),
(145, 'Z64729-101P', 'ZM11481', 17.27, '2017-02-08', NULL, NULL),
(146, 'Z69547-103-CKP', 'ZM11481', 28, '2017-02-08', NULL, NULL),
(147, 'Z67571-101', 'ZM11481', 58, '2017-02-08', NULL, NULL),
(148, 'Z67521-104', 'ZM11481', 33, '2017-02-08', NULL, NULL),
(149, 'Z69469-101', 'ZM11481', 39.02, '2017-02-08', NULL, NULL),
(150, 'Z65130-101', 'ZM11481', 55.12, '2017-02-08', NULL, NULL),
(151, 'Z31882-107', 'ZM11481', 24, '2017-02-08', NULL, NULL),
(152, 'Z61271-105', 'ZM11481', 14.5, '2017-02-08', NULL, NULL),
(153, 'Z60522-101', 'ZM11481', 118.11, '2017-02-08', NULL, NULL),
(154, 'Z63285-105', 'ZM11481', 38.98, '2017-02-08', NULL, NULL),
(155, 'Z64789-101', 'ZM11481', 42.12, '2017-02-08', NULL, NULL),
(156, 'Z64932-101', 'ZM11481', 7.92, '2017-02-08', NULL, NULL),
(157, 'Z64223-103-CKP', 'ZM11481', 25, '2017-02-08', NULL, NULL),
(158, 'Z69547-101-CKP', 'ZM11481', 28, '2017-02-08', NULL, NULL),
(159, 'Z69078-101', 'ZM11481', 38.98, '2017-02-08', NULL, NULL),
(160, 'Z70486-101', 'ZM11481', 14, '2017-02-08', NULL, NULL),
(161, 'Z67296-105', 'ZM11481', 39, '2017-02-08', NULL, NULL),
(162, 'Z66877-107', 'ZM11481', 39, '2017-02-08', NULL, NULL),
(163, 'Z66035-101-CKP', 'ZM11481', 25.2, '2017-02-08', NULL, NULL),
(164, 'Z66255-103-CKP', 'ZM11481', 27.95, '2017-02-08', NULL, NULL),
(165, 'Z61273-103', 'ZM11481', 9.4, '2017-02-08', NULL, NULL),
(166, 'Z62010-102', 'ZM11481', 45, '2017-02-08', NULL, NULL),
(167, 'Z60000-101', 'ZM11481', 4.02, '2017-02-08', NULL, NULL),
(168, 'Z64223-101-CKP', 'ZM11481', 25, '2017-02-08', NULL, NULL),
(169, 'Z70658-101', 'ZM11481', 55, '2017-02-08', NULL, NULL),
(170, 'Z67118-101', 'ZM11481', 62.99, '2017-02-08', NULL, NULL),
(171, 'Z69235-102', 'ZM11481', 43, '2017-02-08', NULL, NULL),
(172, 'Z66877-105', 'ZM11481', 39, '2017-02-08', NULL, NULL),
(173, 'Z65430-101', 'ZM11481', 95.03, '2017-02-08', NULL, NULL),
(174, 'Z66035-109-CKP', 'ZM11481', 25, '2017-02-08', NULL, NULL),
(175, 'Z69469-102', 'ZM11481', 39.02, '2017-02-08', NULL, NULL),
(176, 'Z66035-105-CKP', 'ZM11481', 28.35, '2017-02-08', NULL, NULL),
(177, 'Z65734-103P', 'ZM11481', 1.57, '2017-02-08', NULL, NULL),
(178, 'Z64958-101', 'ZM11481', 75, '2017-02-08', NULL, NULL),
(179, 'Z67521-103', 'ZM11481', 33, '2017-02-08', NULL, NULL),
(180, 'Z70240-101', 'ZM11481', 26.77, '2017-02-08', NULL, NULL),
(181, 'Z63968-101', 'ZM11481', 120.08, '2017-02-08', NULL, NULL),
(182, 'Z66035-107-CKP', 'ZM11481', 25, '2017-02-08', NULL, NULL),
(183, 'Z69078-103', 'ZM11481', 38.98, '2017-02-08', NULL, NULL),
(184, 'Z64545-101', 'ZM11481', 33.84, '2017-02-08', NULL, NULL),
(185, 'Z23965-101', 'ZM11481', 52.36, '2017-02-08', NULL, NULL),
(186, 'Z63285-103', 'ZM11481', 38.98, '2017-02-08', NULL, NULL),
(187, 'Z63285-107', 'ZM11481', 35, '2017-02-08', NULL, NULL),
(188, 'Z70422-101', 'ZM11481', 60, '2017-02-08', NULL, NULL),
(189, 'Z67522-104', 'ZM11481', 16, '2017-02-08', NULL, NULL),
(190, 'Z23995-101', 'ZM11481', 138.19, '2017-02-08', NULL, NULL),
(191, 'Z65732-101P', 'ZM11481', 2.16, '2017-02-08', NULL, NULL),
(192, 'Z66726-103', 'ZM11481', 22.99, '2017-02-08', NULL, NULL),
(193, 'Z68699-102', 'ZM11481', 47, '2017-02-08', NULL, NULL),
(194, 'Z66884-103', 'ZM11481', 23, '2017-02-08', NULL, NULL),
(195, 'Z60256-103', 'ZM11481', 40.16, '2017-02-08', NULL, NULL),
(196, 'Z63717-103', 'ZM11481', 122.05, '2017-02-08', NULL, NULL),
(197, 'Z67522-103', 'ZM11481', 16, '2017-02-08', NULL, NULL),
(198, 'Z70564-101', 'ZM11481', 14, '2017-02-08', NULL, NULL),
(199, 'Z67631-103', 'ZM11481', 2.5, '2017-02-08', NULL, NULL),
(200, 'Z61272-101', 'ZM11481', 9.1, '2017-02-08', NULL, NULL),
(201, 'Z66402-103-CKP', 'ZM11481', 27.95, '2017-02-08', NULL, NULL),
(202, 'Z62010-101', 'ZM11481', 46.8, '2017-02-08', NULL, NULL),
(203, 'Z64214-103', 'ZM11481', 97.24, '2017-02-08', NULL, NULL),
(204, 'Z69863-101', 'ZM11481', 39.37, '2017-02-08', NULL, NULL),
(205, 'Z70425-101', 'ZM11481', 55, '2017-02-08', NULL, NULL),
(206, 'Z70569-101', 'ZM11481', 7, '2017-02-08', NULL, NULL),
(207, 'Z65847-101', 'ZM11481', 125, '2017-02-08', NULL, NULL),
(208, 'Z66106-103', 'ZM11481', 88.91, '2017-02-08', NULL, NULL),
(209, 'Z66287-101', 'ZM11481', 96.85, '2017-02-08', NULL, NULL),
(210, 'Z70024-101', 'ZM11481', 122.05, '2017-02-08', NULL, NULL),
(211, 'Z64321-101', 'ZM11481', 120.08, '2017-02-08', NULL, NULL),
(212, 'Z23938-105', 'ZM11481', 164.17, '2017-02-08', NULL, NULL),
(213, 'Z70107-101', 'ZM11481', 103, '2017-02-08', NULL, NULL),
(214, 'Z64273-101', 'ZM11481', 95.03, '2017-02-08', NULL, NULL),
(215, 'Z68699-101', 'ZM11481', 47, '2017-02-08', NULL, NULL),
(216, 'Z61120-101', 'ZM11481', 5.5, '2017-02-08', NULL, NULL),
(217, 'Z67631-104', 'ZM11481', 2.5, '2017-02-08', NULL, NULL),
(218, 'Z70549-101', 'ZM11481', 14, '2017-02-08', NULL, NULL),
(219, 'Z60256-101', 'ZM11481', 36.22, '2017-02-08', NULL, NULL),
(220, 'Z61273-105', 'ZM11481', 5, '2017-02-08', NULL, NULL),
(221, 'Z64822-103', 'ZM11481', 7.09, '2017-02-08', NULL, NULL),
(222, 'Z67632-103', 'ZM11481', 3, '2017-02-08', NULL, NULL),
(223, 'Z61920-103', 'ZM11481', 25, '2017-02-08', NULL, NULL),
(224, 'Z61919-105', 'ZM11481', 16, '2017-02-08', NULL, NULL),
(225, 'Z65200-101', 'ZM11481', 51.97, '2017-02-08', NULL, NULL),
(226, 'Z67296-107', 'ZM11481', 39, '2017-02-08', NULL, NULL),
(227, 'Z70559-101', 'ZM11481', 14, '2017-02-08', NULL, NULL),
(228, 'Z66884-104', 'ZM11481', 23, '2017-02-08', NULL, NULL),
(229, 'Z66326-101', 'ZM11481', 64.07, '2017-02-08', NULL, NULL),
(230, 'Z22253-101', 'ZM11481', 6, '2017-02-08', NULL, NULL),
(231, 'Z69863-102', 'ZM11481', 39.37, '2017-02-08', NULL, NULL),
(232, 'Z61923-105', 'ZM11481', 10.08, '2017-02-08', NULL, NULL),
(233, 'Z64755-101', 'ZM11481', 61, '2017-02-08', NULL, NULL),
(234, 'Z70536-101', 'ZM11481', 14, '2017-02-08', NULL, NULL),
(235, 'Z67632-104', 'ZM11481', 3, '2017-02-08', NULL, NULL),
(236, 'Z13618-101', 'ZM11481', 2.67, '2017-02-08', NULL, NULL),
(237, 'Z70233-101-CKP', 'ZM11654-45', 7, '2017-02-08', NULL, NULL),
(238, 'Z67449-102-CKP', 'ZM11654-45', 7, '2017-02-08', NULL, NULL),
(239, 'Z63740-103', 'ZM11654-45', 67, '2017-02-08', NULL, NULL),
(240, 'Z70830-101-CKP', 'ZM11654-45', 11, '2017-02-08', NULL, NULL),
(241, 'Z67159-101-CKP', 'ZM11654-45', 7, '2017-02-08', NULL, NULL),
(242, 'Z70122-101-CKP', 'ZM11654-45', 11, '2017-02-08', NULL, NULL),
(243, 'Z68235-101-CKP', 'ZM11654-45', 3.5, '2017-02-08', NULL, NULL),
(244, 'Z68240-102-CKP', 'ZM11654-45', 7, '2017-02-08', NULL, NULL),
(245, 'Z70173-101-CKP', 'ZM11654-45', 11, '2017-02-08', NULL, NULL),
(246, 'Z67446-102-CKP', 'ZM11654-45', 7, '2017-02-08', NULL, NULL),
(247, 'Z70776-102-CKP', 'ZM11654-45', 7, '2017-02-08', NULL, NULL),
(248, 'Z68232-102-CKP', 'ZM11654-45', 7, '2017-02-08', NULL, NULL),
(249, 'Z67448-102-CKP', 'ZM11654-45', 7, '2017-02-08', NULL, NULL),
(250, 'Z68236-102-CKP', 'ZM11654-45', 3.5, '2017-02-08', NULL, NULL),
(251, 'Z68231-10101CKP', 'ZM11654-45', 7, '2017-02-08', NULL, NULL),
(252, 'Z70234-102-CKP', 'ZM11654-45', 7, '2017-02-08', NULL, NULL),
(253, 'Z68239-101-CKP', 'ZM11654-45', 7, '2017-02-08', NULL, NULL),
(254, 'Z67155-101-CKP', 'ZM11654-45', 7, '2017-02-08', NULL, NULL),
(255, 'Z66035-105-CKP', 'ZM11654-45', 8, '2017-02-08', NULL, NULL),
(256, 'Z70236-101-CKP', 'ZM11654-45', 15, '2017-02-08', NULL, NULL),
(257, 'Z70173-103-CKP', 'ZM11654-45', 11, '2017-02-08', NULL, NULL),
(258, 'Z68942-102-CKP', 'ZM11654-45', 0.87, '2017-02-08', NULL, NULL),
(259, 'Z70122-103-CKP', 'ZM11654-45', 11, '2017-02-08', NULL, NULL),
(260, 'Z68946-102-CKP', 'ZM11654-45', 0.79, '2017-02-08', NULL, NULL),
(261, 'Z67157-101-CKP', 'ZM11654-45', 7, '2017-02-08', NULL, NULL),
(262, 'Z70825-103-CKP', 'ZM11654-45', 11, '2017-02-08', NULL, NULL),
(263, 'Z68234-102-CKP', 'ZM11654-45', 7, '2017-02-08', NULL, NULL),
(264, 'Z68233-101-CKP', 'ZM11654-45', 7, '2017-02-08', NULL, NULL),
(265, 'Z68241-101-CKP', 'ZM11654-45', 7, '2017-02-08', NULL, NULL),
(266, 'Z68242-102-CKP', 'ZM11654-45', 7, '2017-02-08', NULL, NULL),
(267, 'Z70830-103-CKP', 'ZM11654-45', 11, '2017-02-08', NULL, NULL),
(268, 'Z68238-102-CKP', 'ZM11654-45', 3.5, '2017-02-08', NULL, NULL),
(269, 'Z68237-101-CKP', 'ZM11654-45', 3.5, '2017-02-08', NULL, NULL),
(270, 'Z68241-10101CKP', 'ZM11654-45', 7, '2017-02-08', NULL, NULL),
(271, 'Z63751-101', 'ZM11654-45', 2.16, '2017-02-08', NULL, NULL),
(272, 'Z68231-101-CKP', 'ZM11654-45', 7, '2017-02-08', NULL, NULL),
(273, 'Z68943-101-CKP', 'ZM11654-45', 5, '2017-02-08', NULL, NULL),
(274, 'Z66770-101-CKP', 'ZM11654-45', 13, '2017-02-08', NULL, NULL),
(275, 'Z67317-102-CKP', 'ZM11654-45', 7, '2017-02-08', NULL, NULL),
(276, 'Z66848-101-CKP', 'ZM11654-45', 7, '2017-02-08', NULL, NULL),
(277, 'Z70775-101-CKP', 'ZM11654-45', 7, '2017-02-08', NULL, NULL),
(278, 'Z68941-101-CKP', 'ZM11654-45', 0.87, '2017-02-08', NULL, NULL),
(279, 'Z70430-101-CKP', 'ZM11654-45', 13, '2017-02-08', NULL, NULL),
(280, 'Z67326-102-CKP', 'ZM11654-45', 7, '2017-02-08', NULL, NULL),
(281, 'Z70691-101-CKP', 'ZM11654-45', 8, '2017-02-08', NULL, NULL),
(282, 'Z68945-101-CKP', 'ZM11654-45', 2.87, '2017-02-08', NULL, NULL),
(283, 'Z70141-101', 'ZM11654-45', 65, '2017-02-08', NULL, NULL),
(284, 'Z67158-101-CKP', 'ZM11654-45', 7, '2017-02-08', NULL, NULL),
(285, 'Z68235-10101CKP', 'ZM11654-45', 3.5, '2017-02-08', NULL, NULL),
(286, 'Z67156-101-CKP', 'ZM11654-45', 7, '2017-02-08', NULL, NULL),
(287, 'Z63740-101', 'ZM11654-45', 67, '2017-02-08', NULL, NULL),
(288, 'Z63740-101P', 'ZM11654-45', 67, '2017-02-08', NULL, NULL),
(289, 'Z67447-102-CKP', 'ZM11654-45', 7, '2017-02-08', NULL, NULL),
(290, 'Z68944-102-CKP', 'ZM11654-45', 0.63, '2017-02-08', NULL, NULL),
(291, 'Z70825-101-CKP', 'ZM11654-45', 11, '2017-02-08', NULL, NULL),
(292, 'Z68237-10101CKP', 'ZM11654-45', 7, '2017-02-08', NULL, NULL),
(293, 'Z68903-102', 'ZM11673', 9, '2017-02-08', NULL, NULL),
(294, 'Z68234-102-CKP', 'ZM11673', 540, '2017-02-08', NULL, NULL),
(295, 'Z66163-301-CKP', 'ZM11673', 908.13, '2017-02-08', NULL, NULL),
(296, 'Z65324-402-CKP', 'ZM11673', 952.25, '2017-02-08', NULL, NULL),
(297, 'Z67144-101-CKP', 'ZM11673', 301, '2017-02-08', NULL, NULL),
(298, 'Z68941-101-CKP', 'ZM11673', 268, '2017-02-08', NULL, NULL),
(299, 'Z67155-101-CKP', 'ZM11673', 399, '2017-02-08', NULL, NULL),
(300, 'Z70037-10101CKP', 'ZM11673', 939, '2017-02-08', NULL, NULL),
(301, 'Z68232-10201CKP', 'ZM11673', 981, '2017-02-08', NULL, NULL),
(302, 'Z68943-101-CKP', 'ZM11673', 205, '2017-02-08', NULL, NULL),
(303, 'Z70776-102-CKP', 'ZM11673', 499, '2017-02-08', NULL, NULL),
(304, 'Z66165-401-CKP', 'ZM11673', 914, '2017-02-08', NULL, NULL),
(305, 'Z68237-10101CKP', 'ZM11673', 926, '2017-02-08', NULL, NULL),
(306, 'Z70267-101-CKP', 'ZM11673', 235, '2017-02-08', NULL, NULL),
(307, 'Z69301-104', 'ZM11673', 12, '2017-02-08', NULL, NULL),
(308, 'Z69767-103', 'ZM11673', 8.5, '2017-02-08', NULL, NULL),
(309, 'Z66164-401-CKP', 'ZM11673', 907.88, '2017-02-08', NULL, NULL),
(310, 'Z67326-102-CKP', 'ZM11673', 399, '2017-02-08', NULL, NULL),
(311, 'Z67446-102-CKP', 'ZM11673', 805, '2017-02-08', NULL, NULL),
(312, 'Z70039-101-CKP', 'ZM11673', 499, '2017-02-08', NULL, NULL),
(313, 'Z70038-102-CKP', 'ZM11673', 939, '2017-02-08', NULL, NULL),
(314, 'Z69640-101', 'ZM11673', 12.99, '2017-02-08', NULL, NULL),
(315, 'Z70637-102P', 'ZM11673', 35, '2017-02-08', NULL, NULL),
(316, 'Z68942-102-CKP', 'ZM11673', 268, '2017-02-08', NULL, NULL),
(317, 'Z66162-202-CKP', 'ZM11673', 908, '2017-02-08', NULL, NULL),
(318, 'Z30674-111-CKP', 'ZM11673', 623, '2017-02-08', NULL, NULL),
(319, 'Z63165-107', 'ZM11673', 420.09, '2017-02-08', NULL, NULL),
(320, 'Z67449-102-CKP', 'ZM11673', 805, '2017-02-08', NULL, NULL),
(321, 'Z66164-402-CKP', 'ZM11673', 907.88, '2017-02-08', NULL, NULL),
(322, 'Z69301-102', 'ZM11673', 12, '2017-02-08', NULL, NULL),
(323, 'Z65322-202-CKP', 'ZM11673', 908, '2017-02-08', NULL, NULL),
(324, 'Z65324-401-CKP', 'ZM11673', 953.74, '2017-02-08', NULL, NULL),
(325, 'Z31910-131-CKP', 'ZM11673', 292, '2017-02-08', NULL, NULL),
(326, 'Z30674-113-CKP', 'ZM11673', 623, '2017-02-08', NULL, NULL),
(327, 'Z69935-102', 'ZM11673', 8, '2017-02-08', NULL, NULL),
(328, 'Z70233-101-CKP', 'ZM11673', 254.24, '2017-02-08', NULL, NULL),
(329, 'Z68241-101-CKP', 'ZM11673', 899, '2017-02-08', NULL, NULL),
(330, 'Z63733-101P', 'ZM11673', 4.72, '2017-02-08', NULL, NULL),
(331, 'Z69222-104', 'ZM11673', 9, '2017-02-08', NULL, NULL),
(332, 'Z63165-101P', 'ZM11673', 421.23, '2017-02-08', NULL, NULL),
(333, 'Z69893-102', 'ZM11673', 12, '2017-02-08', NULL, NULL),
(334, 'Z63101-105-CKP', 'ZM11673', 1025.03, '2017-02-08', NULL, NULL),
(335, 'Z70221-101', 'ZM11673', 2.24, '2017-02-08', NULL, NULL),
(336, 'Z70179-101', 'ZM11673', 5.67, '2017-02-08', NULL, NULL),
(337, 'Z68242-10201CKP', 'ZM11673', 890, '2017-02-08', NULL, NULL),
(338, 'Z69297-102', 'ZM11673', 5.98, '2017-02-08', NULL, NULL),
(339, 'Z68945-101-CKP', 'ZM11673', 244.88, '2017-02-08', NULL, NULL),
(340, 'Z69491-101', 'ZM11673', 9.51, '2017-02-08', NULL, NULL),
(341, 'Z68236-10201CKP', 'ZM11673', 937, '2017-02-08', NULL, NULL),
(342, 'Z63732-101P', 'ZM11673', 1.57, '2017-02-08', NULL, NULL),
(343, 'Z69222-101', 'ZM11673', 9, '2017-02-08', NULL, NULL),
(344, 'Z63735-105P', 'ZM11673', 6.3, '2017-02-08', NULL, NULL),
(345, 'Z63735-107P', 'ZM11673', 6.3, '2017-02-08', NULL, NULL),
(346, 'Z62348-105-CKP', 'ZM11673', 206.3, '2017-02-08', NULL, NULL),
(347, 'Z68233-101-CKP', 'ZM11673', 544, '2017-02-08', NULL, NULL),
(348, 'Z60070-103-CKP', 'ZM11673', 398, '2017-02-08', NULL, NULL),
(349, 'Z66162-201-CKP', 'ZM11673', 908, '2017-02-08', NULL, NULL),
(350, 'Z70234-102-CKP', 'ZM11673', 254.24, '2017-02-08', NULL, NULL),
(351, 'Z68239-101-CKP', 'ZM11673', 506, '2017-02-08', NULL, NULL),
(352, 'Z63165-101', 'ZM11673', 420.09, '2017-02-08', NULL, NULL),
(353, 'Z70637-101P', 'ZM11673', 35, '2017-02-08', NULL, NULL),
(354, 'Z68242-102-CKP', 'ZM11673', 890, '2017-02-08', NULL, NULL),
(355, 'Z68240-102-CKP', 'ZM11673', 518, '2017-02-08', NULL, NULL),
(356, 'Z69297-101', 'ZM11673', 5.98, '2017-02-08', NULL, NULL),
(357, 'Z67156-101-CKP', 'ZM11673', 805, '2017-02-08', NULL, NULL),
(358, 'Z66161-102-CKP', 'ZM11673', 1008.13, '2017-02-08', NULL, NULL),
(359, 'Z68903-103', 'ZM11673', 9, '2017-02-08', NULL, NULL),
(360, 'Z63165-105P', 'ZM11673', 421.23, '2017-02-08', NULL, NULL),
(361, 'Z68238-10201CKP', 'ZM11673', 922, '2017-02-08', NULL, NULL),
(362, 'Z70038-10201CKP', 'ZM11673', 939, '2017-02-08', NULL, NULL),
(363, 'Z67158-101-CKP', 'ZM11673', 370, '2017-02-08', NULL, NULL),
(364, 'Z69767-102', 'ZM11673', 8.5, '2017-02-08', NULL, NULL),
(365, 'Z69222-103', 'ZM11673', 9, '2017-02-08', NULL, NULL),
(366, 'Z68235-10101CKP', 'ZM11673', 981, '2017-02-08', NULL, NULL),
(367, 'Z63736-103P', 'ZM11673', 6.3, '2017-02-08', NULL, NULL),
(368, 'Z68235-101-CKP', 'ZM11673', 937, '2017-02-08', NULL, NULL),
(369, 'Z68238-102-CKP', 'ZM11673', 922, '2017-02-08', NULL, NULL),
(370, 'Z70223-101', 'ZM11673', 32, '2017-02-08', NULL, NULL),
(371, 'Z68237-101-CKP', 'ZM11673', 926, '2017-02-08', NULL, NULL),
(372, 'Z70179-102', 'ZM11673', 5.67, '2017-02-08', NULL, NULL),
(373, 'Z68903-101', 'ZM11673', 9, '2017-02-08', NULL, NULL),
(374, 'Z69767-101', 'ZM11673', 8.5, '2017-02-08', NULL, NULL),
(375, 'Z69297-104', 'ZM11673', 5.98, '2017-02-08', NULL, NULL),
(376, 'Z62674-102', 'ZM11673', 18, '2017-02-08', NULL, NULL),
(377, 'Z63101-106-CKP', 'ZM11673', 1025.03, '2017-02-08', NULL, NULL),
(378, 'Z70178-101', 'ZM11673', 34, '2017-02-08', NULL, NULL),
(379, 'Z68944-102-CKP', 'ZM11673', 204, '2017-02-08', NULL, NULL),
(380, 'Z63165-105', 'ZM11673', 420.09, '2017-02-08', NULL, NULL),
(381, 'Z68232-102-CKP', 'ZM11673', 981, '2017-02-08', NULL, NULL),
(382, 'Z70581-101', 'ZM11673', 45, '2017-02-08', NULL, NULL),
(383, 'Z66161-101-CKP', 'ZM11673', 1008.13, '2017-02-08', NULL, NULL),
(384, 'Z69297-103', 'ZM11673', 5.98, '2017-02-08', NULL, NULL),
(385, 'Z68903-104', 'ZM11673', 9, '2017-02-08', NULL, NULL),
(386, 'Z67447-102-CKP', 'ZM11673', 764, '2017-02-08', NULL, NULL),
(387, 'Z70040-102-CKP', 'ZM11673', 499, '2017-02-08', NULL, NULL),
(388, 'Z68241-10101CKP', 'ZM11673', 899, '2017-02-08', NULL, NULL),
(389, 'Z70775-101-CKP', 'ZM11673', 498.82, '2017-02-08', NULL, NULL),
(390, 'Z67157-101-CKP', 'ZM11673', 690, '2017-02-08', NULL, NULL),
(391, 'Z67159-101-CKP', 'ZM11673', 805, '2017-02-08', NULL, NULL),
(392, 'Z63165-103', 'ZM11673', 420.09, '2017-02-08', NULL, NULL),
(393, 'Z68236-102-CKP', 'ZM11673', 937, '2017-02-08', NULL, NULL),
(394, 'Z67143-101-CKP', 'ZM11673', 301, '2017-02-08', NULL, NULL),
(395, 'Z65322-201-CKP', 'ZM11673', 908, '2017-02-08', NULL, NULL),
(396, 'Z66848-101-CKP', 'ZM11673', 812, '2017-02-08', NULL, NULL),
(397, 'Z63734-103', 'ZM11673', 1.57, '2017-02-08', NULL, NULL),
(398, 'Z63165-103P', 'ZM11673', 421.23, '2017-02-08', NULL, NULL),
(399, 'Z62349-106-CKP', 'ZM11673', 206.3, '2017-02-08', NULL, NULL),
(400, 'Z69222-102', 'ZM11673', 9, '2017-02-08', NULL, NULL),
(401, 'Z70037-101-CKP', 'ZM11673', 939, '2017-02-08', NULL, NULL),
(402, 'Z68946-102-CKP', 'ZM11673', 244.88, '2017-02-08', NULL, NULL),
(403, 'Z67448-102-CKP', 'ZM11673', 370, '2017-02-08', NULL, NULL),
(404, 'Z60070-104-CKP', 'ZM11673', 398, '2017-02-08', NULL, NULL),
(405, 'Z66165-402-CKP', 'ZM11673', 928, '2017-02-08', NULL, NULL),
(406, 'Z69301-101', 'ZM11673', 12, '2017-02-08', NULL, NULL),
(407, 'Z69767-104', 'ZM11673', 8.5, '2017-02-08', NULL, NULL),
(408, 'Z63734-103P', 'ZM11673', 1.57, '2017-02-08', NULL, NULL),
(409, 'Z63562-103-CKP', 'ZM11673', 210.24, '2017-02-08', NULL, NULL),
(410, 'Z30674-115-CKP', 'ZM11673', 623, '2017-02-08', NULL, NULL),
(411, 'Z63165-107P', 'ZM11673', 421.23, '2017-02-08', NULL, NULL),
(412, 'Z69491-102', 'ZM11673', 9.51, '2017-02-08', NULL, NULL),
(413, 'Z68231-10101CKP', 'ZM11673', 997, '2017-02-08', NULL, NULL),
(414, 'Z68231-101-CKP', 'ZM11673', 997, '2017-02-08', NULL, NULL),
(415, 'Z69893-101', 'ZM11673', 12, '2017-02-08', NULL, NULL),
(416, 'Z62349-105-CKP', 'ZM11673', 206.3, '2017-02-08', NULL, NULL),
(417, 'Z67317-102-CKP', 'ZM11673', 812, '2017-02-08', NULL, NULL),
(418, 'Z62348-106-CKP', 'ZM11673', 206.3, '2017-02-08', NULL, NULL),
(419, 'Z62674-101', 'ZM11673', 18, '2017-02-08', NULL, NULL),
(420, 'Z31910-129-CKP', 'ZM11673', 292, '2017-02-08', NULL, NULL),
(421, 'Z69935-101', 'ZM11673', 8, '2017-02-08', NULL, NULL),
(422, 'Z69301-103', 'ZM11673', 12, '2017-02-08', NULL, NULL),
(423, 'Z66163-302-CKP', 'ZM11673', 908.13, '2017-02-08', NULL, NULL),
(424, 'Z66402-103-CKP', 'ZM11755', 15.75, '2017-02-08', NULL, NULL),
(425, 'Z70691-101-CKP', 'ZM11755', 56, '2017-02-08', NULL, NULL),
(426, 'Z70061-101', 'ZM11755', 750, '2017-02-08', NULL, NULL),
(427, 'Z64223-101-CKP', 'ZM11755', 32, '2017-02-08', NULL, NULL),
(428, 'Z69547-101-CKP', 'ZM11755', 31, '2017-02-08', NULL, NULL),
(429, 'Z70830-101-CKP', 'ZM11755', 31, '2017-02-08', NULL, NULL),
(430, 'Z70430-101-CKP', 'ZM11755', 72, '2017-02-08', NULL, NULL),
(431, 'Z64957-101-CKP', 'ZM11755', 61, '2017-02-08', NULL, NULL),
(432, 'Z23976-101', 'ZM11755', 434.16, '2017-02-08', NULL, NULL),
(433, 'Z70825-103-CKP', 'ZM11755', 31, '2017-02-08', NULL, NULL),
(434, 'Z66035-113-CKP', 'ZM11755', 31, '2017-02-08', NULL, NULL),
(435, 'Z64932-101', 'ZM11755', 357.12, '2017-02-08', NULL, NULL),
(436, 'Z64223-103-CKP', 'ZM11755', 32, '2017-02-08', NULL, NULL),
(437, 'Z69547-103-CKP', 'ZM11755', 31, '2017-02-08', NULL, NULL),
(438, 'Z66035-109-CKP', 'ZM11755', 31, '2017-02-08', NULL, NULL),
(439, 'Z70122-101-CKP', 'ZM11755', 31.1, '2017-02-08', NULL, NULL),
(440, 'Z64957-103-CKP', 'ZM11755', 61, '2017-02-08', NULL, NULL),
(441, 'Z63718-103', 'ZM11755', 1367.32, '2017-02-08', NULL, NULL),
(442, 'Z66726-103', 'ZM11755', 351.18, '2017-02-08', NULL, NULL),
(443, 'Z70559-101', 'ZM11755', 355, '2017-02-08', NULL, NULL),
(444, 'Z70536-101', 'ZM11755', 253, '2017-02-08', NULL, NULL),
(445, 'Z60070-103-CKP', 'ZM11755', 79, '2017-02-08', NULL, NULL),
(446, 'Z66770-105-CKP', 'ZM11755', 31, '2017-02-08', NULL, NULL),
(447, 'Z70122-103-CKP', 'ZM11755', 31.1, '2017-02-08', NULL, NULL),
(448, 'Z70173-103-CKP', 'ZM11755', 31, '2017-02-08', NULL, NULL),
(449, 'Z64317-101', 'ZM11755', 1526.38, '2017-02-08', NULL, NULL),
(450, 'Z66035-105-CKP', 'ZM11755', 31.1, '2017-02-08', NULL, NULL),
(451, 'Z70830-103-CKP', 'ZM11755', 31, '2017-02-08', NULL, NULL),
(452, 'Z66781-101', 'ZM11755', 842.55, '2017-02-08', NULL, NULL),
(453, 'Z66060-111-CKP', 'ZM11755', 32.28, '2017-02-08', NULL, NULL),
(454, 'Z60070-104-CKP', 'ZM11755', 79, '2017-02-08', NULL, NULL),
(455, 'Z70549-101', 'ZM11755', 320, '2017-02-08', NULL, NULL),
(456, 'Z70569-101', 'ZM11755', 367, '2017-02-08', NULL, NULL),
(457, 'Z60400-101', 'ZM11755', 1244.88, '2017-02-08', NULL, NULL),
(458, 'Z70544-101', 'ZM11755', 277, '2017-02-08', NULL, NULL),
(459, 'Z70486-101', 'ZM11755', 278, '2017-02-08', NULL, NULL),
(460, 'Z64970-101', 'ZM11755', 925, '2017-02-08', NULL, NULL),
(461, 'Z66255-103-CKP', 'ZM11755', 15.75, '2017-02-08', NULL, NULL),
(462, 'Z66035-101-CKP', 'ZM11755', 32.28, '2017-02-08', NULL, NULL),
(463, 'Z70554-101', 'ZM11755', 341, '2017-02-08', NULL, NULL),
(464, 'Z68822-101', 'ZM11755', 1244.88, '2017-02-08', NULL, NULL),
(465, 'Z70825-101-CKP', 'ZM11755', 31, '2017-02-08', NULL, NULL),
(466, 'Z70564-101', 'ZM11755', 365, '2017-02-08', NULL, NULL),
(467, 'Z70240-101', 'ZM11755', 379.13, '2017-02-08', NULL, NULL),
(468, 'Z69747-101-CKP', 'ZM11755', 32, '2017-02-08', NULL, NULL),
(469, 'Z23961-101', 'ZM11755', 294.84, '2017-02-08', NULL, NULL),
(470, 'Z66770-101-CKP', 'ZM11755', 31, '2017-02-08', NULL, NULL),
(471, 'Z66035-111-CKP', 'ZM11755', 31, '2017-02-08', NULL, NULL),
(472, 'Z66035-103-CKP', 'ZM11755', 31, '2017-02-08', NULL, NULL),
(473, 'Z70173-101-CKP', 'ZM11755', 31, '2017-02-08', NULL, NULL),
(474, 'Z66060-107-CKP', 'ZM11755', 32.28, '2017-02-08', NULL, NULL),
(475, 'Z13632-101', 'ZM11755', 1145.67, '2017-02-08', NULL, NULL),
(476, 'Z70236-101-CKP', 'ZM11755', 72, '2017-02-08', NULL, NULL),
(477, 'Z61486-101', 'ZM11755', 1431.97, '2017-02-08', NULL, NULL),
(478, 'Z66035-107-CKP', 'ZM11755', 31, '2017-02-08', NULL, NULL),
(479, 'Z68237-10101CKP', 'ZM11849-5', 68, '2017-02-08', NULL, NULL),
(480, 'Z63101-106-CKP', 'ZM11849-5', 7, '2017-02-08', NULL, NULL),
(481, 'Z70775-101-CKP', 'ZM11849-5', 49.21, '2017-02-08', NULL, NULL),
(482, 'Z67144-101-CKP', 'ZM11849-5', 2624, '2017-02-08', NULL, NULL),
(483, 'Z62349-106-CKP', 'ZM11849-5', 1488, '2017-02-08', NULL, NULL),
(484, 'Z70039-101-CKP', 'ZM11849-5', 48, '2017-02-08', NULL, NULL),
(485, 'Z62348-106-CKP', 'ZM11849-5', 1485, '2017-02-08', NULL, NULL),
(486, 'Z63053-106', 'ZM11849-5', 19.29, '2017-02-08', NULL, NULL),
(487, 'Z64579-103', 'ZM11849-5', 14.17, '2017-02-08', NULL, NULL),
(488, 'Z60070-104-CKP', 'ZM11849-5', 1947, '2017-02-08', NULL, NULL),
(489, 'Z31876-113', 'ZM11849-5', 8.28, '2017-02-08', NULL, NULL),
(490, 'Z68238-102-CKP', 'ZM11849-5', 68, '2017-02-08', NULL, NULL),
(491, 'Z70037-101-CKP', 'ZM11849-5', 68, '2017-02-08', NULL, NULL),
(492, 'Z70040-102-CKP', 'ZM11849-5', 48, '2017-02-08', NULL, NULL),
(493, 'Z68231-101-CKP', 'ZM11849-5', 62, '2017-02-08', NULL, NULL),
(494, 'Z70038-10201CKP', 'ZM11849-5', 68, '2017-02-08', NULL, NULL),
(495, 'Z30674-113-CKP', 'ZM11849-5', 2732, '2017-02-08', NULL, NULL),
(496, 'Z65579-101', 'ZM11849-5', 9, '2017-02-08', NULL, NULL),
(497, 'Z70037-10101CKP', 'ZM11849-5', 68, '2017-02-08', NULL, NULL),
(498, 'Z68232-10201CKP', 'ZM11849-5', 62, '2017-02-08', NULL, NULL),
(499, 'Z68232-102-CKP', 'ZM11849-5', 62, '2017-02-08', NULL, NULL),
(500, 'Z62348-105-CKP', 'ZM11849-5', 1489, '2017-02-08', NULL, NULL),
(501, 'Z68242-10201CKP', 'ZM11849-5', 62, '2017-02-08', NULL, NULL),
(502, 'Z68241-10101CKP', 'ZM11849-5', 68, '2017-02-08', NULL, NULL),
(503, 'Z68236-102-CKP', 'ZM11849-5', 64, '2017-02-08', NULL, NULL),
(504, 'Z68236-10201CKP', 'ZM11849-5', 64, '2017-02-08', NULL, NULL),
(505, 'Z67143-101-CKP', 'ZM11849-5', 2413, '2017-02-08', NULL, NULL),
(506, 'Z30615-103', 'ZM11849-5', 5.51, '2017-02-08', NULL, NULL),
(507, 'Z70776-102-CKP', 'ZM11849-5', 48.03, '2017-02-08', NULL, NULL),
(508, 'Z68237-101-CKP', 'ZM11849-5', 68, '2017-02-08', NULL, NULL),
(509, 'Z63101-106P', 'ZM11849-5', 4.3, '2017-02-08', NULL, NULL),
(510, 'Z62349-105-CKP', 'ZM11849-5', 1483, '2017-02-08', NULL, NULL),
(511, 'Z68235-10101CKP', 'ZM11849-5', 63, '2017-02-08', NULL, NULL),
(512, 'Z62969-105', 'ZM11849-5', 9.06, '2017-02-08', NULL, NULL),
(513, 'Z62676-101', 'ZM11849-5', 1.77, '2017-02-08', NULL, NULL),
(514, 'Z60294-101', 'ZM11849-5', 6.3, '2017-02-08', NULL, NULL),
(515, 'Z63101-105P', 'ZM11849-5', 4.3, '2017-02-08', NULL, NULL),
(516, 'Z68234-102-CKP', 'ZM11849-5', 48, '2017-02-08', NULL, NULL),
(517, 'Z60157-103', 'ZM11849-5', 21.26, '2017-02-08', NULL, NULL),
(518, 'Z30674-115-CKP', 'ZM11849-5', 2732, '2017-02-08', NULL, NULL),
(519, 'Z68231-10101CKP', 'ZM11849-5', 62, '2017-02-08', NULL, NULL),
(520, 'Z60294-103', 'ZM11849-5', 6.3, '2017-02-08', NULL, NULL),
(521, 'Z22253-101', 'ZM11849-5', 40.16, '2017-02-08', NULL, NULL),
(522, 'Z63101-105-CKP', 'ZM11849-5', 7, '2017-02-08', NULL, NULL),
(523, 'Z66162-202-CKP', 'ZM11849-5', 127, '2017-02-08', NULL, NULL),
(524, 'Z30674-111-CKP', 'ZM11849-5', 2658, '2017-02-08', NULL, NULL),
(525, 'Z62701-103', 'ZM11849-5', 8, '2017-02-08', NULL, NULL),
(526, 'Z68235-101-CKP', 'ZM11849-5', 63, '2017-02-08', NULL, NULL),
(527, 'Z68242-102-CKP', 'ZM11849-5', 62, '2017-02-08', NULL, NULL),
(528, 'Z68240-102-CKP', 'ZM11849-5', 48, '2017-02-08', NULL, NULL),
(529, 'Z70038-102-CKP', 'ZM11849-5', 68, '2017-02-08', NULL, NULL),
(530, 'Z68241-101-CKP', 'ZM11849-5', 68, '2017-02-08', NULL, NULL),
(531, 'Z66162-201-CKP', 'ZM11849-5', 126, '2017-02-08', NULL, NULL),
(532, 'Z68239-101-CKP', 'ZM11849-5', 48, '2017-02-08', NULL, NULL),
(533, 'Z63562-103-CKP', 'ZM11849-5', 1344.09, '2017-02-08', NULL, NULL),
(534, 'Z68233-101-CKP', 'ZM11849-5', 48, '2017-02-08', NULL, NULL),
(535, 'Z60070-103-CKP', 'ZM11849-5', 1930, '2017-02-08', NULL, NULL),
(536, 'Z62675-101', 'ZM11849-5', 10.04, '2017-02-08', NULL, NULL),
(537, 'Z68238-10201CKP', 'ZM11849-5', 68, '2017-02-08', NULL, NULL),
(538, 'Z66162-201-CKP', 'ZM12040', 3807, '2017-02-08', NULL, NULL),
(539, 'Z66165-402-CKP', 'ZM12040', 3907, '2017-02-08', NULL, NULL),
(540, 'Z19988-101', 'ZM12040', 6.89, '2017-02-08', NULL, NULL),
(541, 'Z66164-401-CKP', 'ZM12040', 3621.54, '2017-02-08', NULL, NULL),
(542, 'Z66163-302-CKP', 'ZM12040', 3519, '2017-02-08', NULL, NULL),
(543, 'Z68944-102-CKP', 'ZM12040', 90, '2017-02-08', NULL, NULL),
(544, 'Z66161-102-CKP', 'ZM12040', 4589.5, '2017-02-08', NULL, NULL),
(545, 'Z66162-202-CKP', 'ZM12040', 3814, '2017-02-08', NULL, NULL),
(546, 'Z66164-402-CKP', 'ZM12040', 3608, '2017-02-08', NULL, NULL),
(547, 'Z66163-301-CKP', 'ZM12040', 3519, '2017-02-08', NULL, NULL),
(548, 'Z66161-101-CKP', 'ZM12040', 4509.07, '2017-02-08', NULL, NULL),
(549, 'Z65324-402-CKP', 'ZM12040', 3829, '2017-02-08', NULL, NULL),
(550, 'Z63101-106-CKP', 'ZM12040', 4591.73, '2017-02-08', NULL, NULL),
(551, 'Z68943-101-CKP', 'ZM12040', 93, '2017-02-08', NULL, NULL),
(552, 'Z31910-131-CKP', 'ZM12040', 1108.27, '2017-02-08', NULL, NULL),
(553, 'Z65322-201-CKP', 'ZM12040', 3792, '2017-02-08', NULL, NULL),
(554, 'Z63101-105-CKP', 'ZM12040', 4484.74, '2017-02-08', NULL, NULL),
(555, 'Z65324-401-CKP', 'ZM12040', 3807, '2017-02-08', NULL, NULL),
(556, 'Z31910-129-CKP', 'ZM12040', 1108.27, '2017-02-08', NULL, NULL),
(557, 'Z65322-202-CKP', 'ZM12040', 3860, '2017-02-08', NULL, NULL),
(558, 'Z66165-401-CKP', 'ZM12040', 3925, '2017-02-08', NULL, NULL),
(559, 'Z63757-101', 'ZM12088', 27, '2017-02-08', NULL, NULL),
(560, 'Z69322-101', 'ZM12088', 47.01, '2017-02-08', NULL, NULL),
(561, 'Z65590-101', 'ZM12088', 25, '2017-02-08', NULL, NULL),
(562, 'Z65590-101P', 'ZM12088', 25, '2017-02-08', NULL, NULL),
(563, 'Z67637-103', 'ZM12088', 10, '2017-02-08', NULL, NULL),
(564, 'Z69693-101', 'ZM12088', 25, '2017-02-08', NULL, NULL),
(565, 'Z68976-101', 'ZM12088-44', 68, '2017-02-08', NULL, NULL),
(566, 'Z60293-101', 'ZM12088-44', 31, '2017-02-08', NULL, NULL),
(567, 'Z63751-101', 'ZM12088-44', 55.07, '2017-02-08', NULL, NULL),
(568, 'Z69547-103-CKP', 'ZM12088-44', 1950.3, '2017-02-08', NULL, NULL),
(569, 'Z63740-105', 'ZM12088-44', 78.83, '2017-02-08', NULL, NULL),
(570, 'Z62309-103', 'ZM12088-44', 72, '2017-02-08', NULL, NULL),
(571, 'Z67096-101', 'ZM12088-44', 89, '2017-02-08', NULL, NULL),
(572, 'Z69675-101', 'ZM12088-44', 63, '2017-02-08', NULL, NULL),
(573, 'Z67433-101', 'ZM12088-44', 54, '2017-02-08', NULL, NULL),
(574, 'Z69547-101-CKP', 'ZM12088-44', 155, '2017-02-08', NULL, NULL),
(575, 'Z70380-101', 'ZM12088-44', 90, '2017-02-08', NULL, NULL),
(576, 'Z67118-101', 'ZM12088-5', 1.83, '2017-02-08', NULL, NULL),
(577, 'Z70061-101', 'ZM12088-5', 38, '2017-02-08', NULL, NULL),
(578, 'Z67571-101', 'ZM12088-5', 4.5, '2017-02-08', NULL, NULL),
(579, 'Z70063-101', 'ZM12088-5', 36, '2017-02-08', NULL, NULL),
(580, 'Z13036-105', 'ZM12088-5', 2.67, '2017-02-08', NULL, NULL),
(581, 'Z60070-103-CKP', 'ZM12109', 32, '2017-02-08', NULL, NULL),
(582, 'Z66562-101', 'ZM12109', 0.2, '2017-02-08', NULL, NULL),
(583, 'Z66035-105-CKP', 'ZM12109', 2086.61, '2017-02-08', NULL, NULL),
(584, 'Z66498-107-CKP', 'ZM12109', 1796, '2017-02-08', NULL, NULL),
(585, 'Z64223-101-CKP', 'ZM12109', 1854, '2017-02-08', NULL, NULL),
(586, 'Z70122-103-CKP', 'ZM12109', 2189, '2017-02-08', NULL, NULL),
(587, 'Z70825-103-CKP', 'ZM12109', 2629, '2017-02-08', NULL, NULL),
(588, 'Z64223-103-CKP', 'ZM12109', 1890, '2017-02-08', NULL, NULL),
(589, 'Z66559-101', 'ZM12109', 1.18, '2017-02-08', NULL, NULL),
(590, 'Z64546-101P', 'ZM12109', 2.36, '2017-02-08', NULL, NULL),
(591, 'Z63739-101', 'ZM12109', 2.56, '2017-02-08', NULL, NULL),
(592, 'Z66078-101', 'ZM12109', 12.5, '2017-02-08', NULL, NULL),
(593, 'Z66035-111-CKP', 'ZM12109', 2362.59, '2017-02-08', NULL, NULL),
(594, 'Z66035-103-CKP', 'ZM12109', 2338.37, '2017-02-08', NULL, NULL),
(595, 'Z60070-104-CKP', 'ZM12109', 32, '2017-02-08', NULL, NULL),
(596, 'Z67224-101P', 'ZM12109', 1.06, '2017-02-08', NULL, NULL),
(597, 'Z67349-101', 'ZM12109', 68, '2017-02-08', NULL, NULL),
(598, 'Z23383-113', 'ZM12109', 7, '2017-02-08', NULL, NULL),
(599, 'Z66060-111-CKP', 'ZM12109', 2314.22, '2017-02-08', NULL, NULL),
(600, 'Z64957-101-CKP', 'ZM12109', 1407, '2017-02-08', NULL, NULL),
(601, 'Z69547-101-CKP', 'ZM12109', 1888, '2017-02-08', NULL, NULL),
(602, 'Z63795-101', 'ZM12109', 1.8, '2017-02-08', NULL, NULL),
(603, 'Z66145-103', 'ZM12109', 1.18, '2017-02-08', NULL, NULL),
(604, 'Z66557-101', 'ZM12109', 0.2, '2017-02-08', NULL, NULL),
(605, 'Z66560-101', 'ZM12109', 1.06, '2017-02-08', NULL, NULL),
(606, 'Z66146-103', 'ZM12109', 1.06, '2017-02-08', NULL, NULL),
(607, 'Z67149-101', 'ZM12109', 1.06, '2017-02-08', NULL, NULL),
(608, 'Z66777-101', 'ZM12109', 74.02, '2017-02-08', NULL, NULL),
(609, 'Z66147-103', 'ZM12109', 1.06, '2017-02-08', NULL, NULL),
(610, 'Z66558-103', 'ZM12109', 0.98, '2017-02-08', NULL, NULL),
(611, 'Z66558-101', 'ZM12109', 0.98, '2017-02-08', NULL, NULL),
(612, 'Z66402-103-CKP', 'ZM12109', 1137.96, '2017-02-08', NULL, NULL),
(613, 'Z66219-101', 'ZM12109', 0.2, '2017-02-08', NULL, NULL),
(614, 'Z66563-101', 'ZM12109', 1.06, '2017-02-08', NULL, NULL),
(615, 'Z25204-109P', 'ZM12109', 0.79, '2017-02-08', NULL, NULL),
(616, 'Z66255-103-CKP', 'ZM12109', 1345, '2017-02-08', NULL, NULL),
(617, 'Z66770-101-CKP', 'ZM12109', 1661.08, '2017-02-08', NULL, NULL),
(618, 'Z66035-101-CKP', 'ZM12109', 2104.33, '2017-02-08', NULL, NULL),
(619, 'Z66060-107-CKP', 'ZM12109', 2592, '2017-02-08', NULL, NULL),
(620, 'Z66561-101', 'ZM12109', 1.06, '2017-02-08', NULL, NULL),
(621, 'Z69038-101P', 'ZM12109', 0.39, '2017-02-08', NULL, NULL),
(622, 'Z69547-103-CKP', 'ZM12109', 1888, '2017-02-08', NULL, NULL),
(623, 'Z70825-101-CKP', 'ZM12109', 2629, '2017-02-08', NULL, NULL),
(624, 'Z63726-101', 'ZM12109', 2.88, '2017-02-08', NULL, NULL),
(625, 'Z66770-105-CKP', 'ZM12109', 1180, '2017-02-08', NULL, NULL),
(626, 'Z64957-103-CKP', 'ZM12109', 1424, '2017-02-08', NULL, NULL),
(627, 'Z70122-101-CKP', 'ZM12109', 2189, '2017-02-08', NULL, NULL),
(628, 'Z66035-113-CKP', 'ZM12109', 2362.47, '2017-02-08', NULL, NULL),
(629, 'Z62829-101', 'ZM12127', 1797, '2017-02-08', NULL, NULL),
(630, 'Z69691-101', 'ZM12127', 8.5, '2017-02-08', NULL, NULL),
(631, 'Z67245-101P', 'ZM12127', 10.5, '2017-02-08', NULL, NULL),
(632, 'Z67245-101', 'ZM12127', 10.5, '2017-02-08', NULL, NULL),
(633, 'Z67094-105', 'ZM12127', 1339.37, '2017-02-08', NULL, NULL),
(634, 'Z70234-102-CKP', 'ZM12127', 69, '2017-02-08', NULL, NULL),
(635, 'Z68597-101', 'ZM12127', 1401, '2017-02-08', NULL, NULL),
(636, 'Z69215-101', 'ZM12127', 1757, '2017-02-08', NULL, NULL),
(637, 'Z69028-102', 'ZM12127', 1699, '2017-02-08', NULL, NULL),
(638, 'Z23383-113', 'ZM12127', 15.12, '2017-02-08', NULL, NULL),
(639, 'Z67094-101', 'ZM12127', 1424.02, '2017-02-08', NULL, NULL),
(640, 'Z67445-101', 'ZM12127', 1329.13, '2017-02-08', NULL, NULL),
(641, 'Z69027-101', 'ZM12127', 1946, '2017-02-08', NULL, NULL),
(642, 'Z69028-101', 'ZM12127', 1699, '2017-02-08', NULL, NULL),
(643, 'Z70233-101-CKP', 'ZM12127', 69, '2017-02-08', NULL, NULL),
(644, 'Z69025-101', 'ZM12127', 1808, '2017-02-08', NULL, NULL),
(645, 'Z69223-102', 'ZM12127', 1757, '2017-02-08', NULL, NULL),
(646, 'Z68256-101', 'ZM12127', 1636.03, '2017-02-08', NULL, NULL),
(647, 'Z69024-101', 'ZM12127', 1846, '2017-02-08', NULL, NULL),
(648, 'Z68261-101', 'ZM12127', 1403, '2017-02-08', NULL, NULL),
(649, 'Z68260-101', 'ZM12127', 1494, '2017-02-08', NULL, NULL),
(650, 'Z69487-101', 'ZM12127', 1650, '2017-02-08', NULL, NULL),
(651, 'Z68258-101', 'ZM12127', 1693.01, '2017-02-08', NULL, NULL),
(652, 'Z67094-103', 'ZM12127', 1426.38, '2017-02-08', NULL, NULL),
(653, 'Z67445-103', 'ZM12127', 1201.97, '2017-02-08', NULL, NULL),
(654, 'Z66078-101', 'ZM12127', 18.25, '2017-02-08', NULL, NULL),
(655, 'Z68259-101', 'ZM12127', 1407, '2017-02-08', NULL, NULL),
(656, 'Z70503-101P', 'ZM12226', 20, '2017-02-08', NULL, NULL),
(657, 'Z70506-101P', 'ZM12227-1', 25, '2017-02-08', NULL, NULL),
(658, 'Z70516-101P', 'ZM12227-1', 15, '2017-02-08', NULL, NULL),
(659, 'Z70610-101P', 'ZM12227-1', 6, '2017-02-08', NULL, NULL),
(660, 'Z67115-101', 'ZM12231', 3.54, '2017-02-08', NULL, NULL),
(661, 'Z68236-10201CKP', 'ZM12231', 242, '2017-02-08', NULL, NULL),
(662, 'Z70038-102-CKP', 'ZM12231', 203, '2017-02-08', NULL, NULL),
(663, 'Z68241-10101CKP', 'ZM12231', 240, '2017-02-08', NULL, NULL),
(664, 'Z68242-10201CKP', 'ZM12231', 229, '2017-02-08', NULL, NULL),
(665, 'Z68237-10101CKP', 'ZM12231', 203, '2017-02-08', NULL, NULL),
(666, 'Z67317-102-CKP', 'ZM12231', 224.02, '2017-02-08', NULL, NULL),
(667, 'Z68238-10201CKP', 'ZM12231', 203, '2017-02-08', NULL, NULL),
(668, 'Z66848-101-CKP', 'ZM12231', 224, '2017-02-08', NULL, NULL),
(669, 'Z70234-102-CKP', 'ZM12231', 29, '2017-02-08', NULL, NULL),
(670, 'Z68239-101-CKP', 'ZM12231', 218, '2017-02-08', NULL, NULL),
(671, 'Z68231-10101CKP', 'ZM12231', 282, '2017-02-08', NULL, NULL),
(672, 'Z70037-10101CKP', 'ZM12231', 203, '2017-02-08', NULL, NULL),
(673, 'Z68240-102-CKP', 'ZM12231', 218, '2017-02-08', NULL, NULL),
(674, 'Z70776-102-CKP', 'ZM12231', 229, '2017-02-08', NULL, NULL),
(675, 'Z70233-101-CKP', 'ZM12231', 29, '2017-02-08', NULL, NULL),
(676, 'Z68232-10201CKP', 'ZM12231', 282, '2017-02-08', NULL, NULL),
(677, 'Z67446-102-CKP', 'ZM12231', 224, '2017-02-08', NULL, NULL),
(678, 'Z68233-101-CKP', 'ZM12231', 252, '2017-02-08', NULL, NULL),
(679, 'Z67155-101-CKP', 'ZM12231', 202, '2017-02-08', NULL, NULL),
(680, 'Z67447-102-CKP', 'ZM12231', 194.23, '2017-02-08', NULL, NULL),
(681, 'Z68235-10101CKP', 'ZM12231', 363, '2017-02-08', NULL, NULL),
(682, 'Z70037-101-CKP', 'ZM12231', 203, '2017-02-08', NULL, NULL),
(683, 'Z67326-102-CKP', 'ZM12231', 200, '2017-02-08', NULL, NULL),
(684, 'Z68232-102-CKP', 'ZM12231', 282, '2017-02-08', NULL, NULL),
(685, 'Z68242-102-CKP', 'ZM12231', 229, '2017-02-08', NULL, NULL),
(686, 'Z68236-102-CKP', 'ZM12231', 242, '2017-02-08', NULL, NULL),
(687, 'Z70775-101-CKP', 'ZM12231', 231.1, '2017-02-08', NULL, NULL),
(688, 'Z70236-101-CKP', 'ZM12231', 57.01, '2017-02-08', NULL, NULL),
(689, 'Z70825-101-CKP', 'ZM12231', 11, '2017-02-08', NULL, NULL),
(690, 'Z67159-101-CKP', 'ZM12231', 206, '2017-02-08', NULL, NULL),
(691, 'Z70830-103-CKP', 'ZM12231', 11, '2017-02-08', NULL, NULL),
(692, 'Z70173-103-CKP', 'ZM12231', 11, '2017-02-08', NULL, NULL),
(693, 'Z70039-101-CKP', 'ZM12231', 231, '2017-02-08', NULL, NULL),
(694, 'Z67156-101-CKP', 'ZM12231', 224, '2017-02-08', NULL, NULL),
(695, 'Z67449-102-CKP', 'ZM12231', 206, '2017-02-08', NULL, NULL),
(696, 'Z67157-101-CKP', 'ZM12231', 171, '2017-02-08', NULL, NULL),
(697, 'Z68946-102-CKP', 'ZM12231', 1.18, '2017-02-08', NULL, NULL),
(698, 'Z67115-102', 'ZM12231', 3.54, '2017-02-08', NULL, NULL),
(699, 'Z70830-101-CKP', 'ZM12231', 11, '2017-02-08', NULL, NULL),
(700, 'Z68241-101-CKP', 'ZM12231', 240, '2017-02-08', NULL, NULL),
(701, 'Z68235-101-CKP', 'ZM12231', 363, '2017-02-08', NULL, NULL),
(702, 'Z68231-101-CKP', 'ZM12231', 282, '2017-02-08', NULL, NULL),
(703, 'Z70038-10201CKP', 'ZM12231', 203, '2017-02-08', NULL, NULL),
(704, 'Z70173-101-CKP', 'ZM12231', 11, '2017-02-08', NULL, NULL),
(705, 'Z70122-103-CKP', 'ZM12231', 11, '2017-02-08', NULL, NULL),
(706, 'Z67448-102-CKP', 'ZM12231', 188, '2017-02-08', NULL, NULL),
(707, 'Z70040-102-CKP', 'ZM12231', 229, '2017-02-08', NULL, NULL),
(708, 'Z67158-101-CKP', 'ZM12231', 188, '2017-02-08', NULL, NULL),
(709, 'Z68945-101-CKP', 'ZM12231', 1.18, '2017-02-08', NULL, NULL),
(710, 'Z70825-103-CKP', 'ZM12231', 11, '2017-02-08', NULL, NULL),
(711, 'Z68238-102-CKP', 'ZM12231', 203, '2017-02-08', NULL, NULL),
(712, 'Z68234-102-CKP', 'ZM12231', 251, '2017-02-08', NULL, NULL),
(713, 'Z68237-101-CKP', 'ZM12231', 203, '2017-02-08', NULL, NULL),
(714, 'Z70122-101-CKP', 'ZM12231', 11, '2017-02-08', NULL, NULL),
(715, 'Z70038-102-CKP', 'ZM12276', 4644, '2017-02-08', NULL, NULL),
(716, 'Z70775-101-CKP', 'ZM12276', 3259.84, '2017-02-08', NULL, NULL),
(717, 'Z67110-102', 'ZM12276', 5.75, '2017-02-08', NULL, NULL),
(718, 'Z68231-10101CKP', 'ZM12276', 4181, '2017-02-08', NULL, NULL),
(719, 'Z67155-101-CKP', 'ZM12276', 2447, '2017-02-08', NULL, NULL),
(720, 'Z68241-10101CKP', 'ZM12276', 3567, '2017-02-08', NULL, NULL),
(721, 'Z67317-102-CKP', 'ZM12276', 3504, '2017-02-08', NULL, NULL),
(722, 'Z66848-101-CKP', 'ZM12276', 3467, '2017-02-08', NULL, NULL),
(723, 'Z67326-102-CKP', 'ZM12276', 2445, '2017-02-08', NULL, NULL),
(724, 'Z67156-101-CKP', 'ZM12276', 3364, '2017-02-08', NULL, NULL),
(725, 'Z68231-101-CKP', 'ZM12276', 4180, '2017-02-08', NULL, NULL),
(726, 'Z68242-10201CKP', 'ZM12276', 4426, '2017-02-08', NULL, NULL),
(727, 'Z68242-102-CKP', 'ZM12276', 3640, '2017-02-08', NULL, NULL),
(728, 'Z68236-102-CKP', 'ZM12276', 4003, '2017-02-08', NULL, NULL),
(729, 'Z68232-102-CKP', 'ZM12276', 4134, '2017-02-08', NULL, NULL),
(730, 'Z67110-101', 'ZM12276', 5.75, '2017-02-08', NULL, NULL),
(731, 'Z68237-101-CKP', 'ZM12276', 3864, '2017-02-08', NULL, NULL),
(732, 'Z70776-102-CKP', 'ZM12276', 3241.97, '2017-02-08', NULL, NULL),
(733, 'Z67447-102-CKP', 'ZM12276', 2880, '2017-02-08', NULL, NULL),
(734, 'Z70039-101-CKP', 'ZM12276', 3260, '2017-02-08', NULL, NULL),
(735, 'Z70040-102-CKP', 'ZM12276', 3242, '2017-02-08', NULL, NULL),
(736, 'Z67446-102-CKP', 'ZM12276', 3390, '2017-02-08', NULL, NULL),
(737, 'Z68239-101-CKP', 'ZM12276', 2748, '2017-02-08', NULL, NULL),
(738, 'Z67105-101', 'ZM12276', 5, '2017-02-08', NULL, NULL),
(739, 'Z68238-102-CKP', 'ZM12276', 3837, '2017-02-08', NULL, NULL),
(740, 'Z70038-10201CKP', 'ZM12276', 4644, '2017-02-08', NULL, NULL),
(741, 'Z67105-102', 'ZM12276', 5, '2017-02-08', NULL, NULL),
(742, 'Z70037-101-CKP', 'ZM12276', 4696, '2017-02-08', NULL, NULL),
(743, 'Z68235-101-CKP', 'ZM12276', 3910, '2017-02-08', NULL, NULL),
(744, 'Z68236-10201CKP', 'ZM12276', 4958, '2017-02-08', NULL, NULL),
(745, 'Z67449-102-CKP', 'ZM12276', 3347, '2017-02-08', NULL, NULL),
(746, 'Z68237-10101CKP', 'ZM12276', 3887, '2017-02-08', NULL, NULL),
(747, 'Z70037-10101CKP', 'ZM12276', 4696, '2017-02-08', NULL, NULL),
(748, 'Z68240-102-CKP', 'ZM12276', 2780, '2017-02-08', NULL, NULL),
(749, 'Z67448-102-CKP', 'ZM12276', 2134, '2017-02-08', NULL, NULL),
(750, 'Z67158-101-CKP', 'ZM12276', 2124, '2017-02-08', NULL, NULL),
(751, 'Z68241-101-CKP', 'ZM12276', 3568, '2017-02-08', NULL, NULL),
(752, 'Z68234-102-CKP', 'ZM12276', 3285, '2017-02-08', NULL, NULL),
(753, 'Z67159-101-CKP', 'ZM12276', 3333, '2017-02-08', NULL, NULL),
(754, 'Z68233-101-CKP', 'ZM12276', 3286, '2017-02-08', NULL, NULL),
(755, 'Z68238-10201CKP', 'ZM12276', 4736, '2017-02-08', NULL, NULL),
(756, 'Z67157-101-CKP', 'ZM12276', 2700, '2017-02-08', NULL, NULL),
(757, 'Z68232-10201CKP', 'ZM12276', 4945, '2017-02-08', NULL, NULL),
(758, 'Z68235-10101CKP', 'ZM12276', 3931, '2017-02-08', NULL, NULL),
(759, 'Z68175-101', 'ZM12292', 0.46, '2017-02-08', NULL, NULL),
(760, 'Z70061-101', 'ZM12292', 89, '2017-02-08', NULL, NULL),
(761, 'Z67734-101', 'ZM12292', 0.46, '2017-02-08', NULL, NULL),
(762, 'Z67054-103', 'ZM12292', 12.01, '2017-02-08', NULL, NULL),
(763, 'Z69882-101', 'ZM12292', 11, '2017-02-08', NULL, NULL),
(764, 'Z66768-101', 'ZM12292', 25, '2017-02-08', NULL, NULL),
(765, 'Z67007-101', 'ZM12292', 12.2, '2017-02-08', NULL, NULL),
(766, 'Z67732-103', 'ZM12292', 18, '2017-02-08', NULL, NULL),
(767, 'Z67738-101', 'ZM12292', 70, '2017-02-08', NULL, NULL),
(768, 'Z67054-101', 'ZM12292', 12.01, '2017-02-08', NULL, NULL),
(769, 'Z66452-101', 'ZM12292', 0.39, '2017-02-08', NULL, NULL),
(770, 'Z67016-101', 'ZM12292', 6, '2017-02-08', NULL, NULL),
(771, 'Z66476-101', 'ZM12292', 0.79, '2017-02-08', NULL, NULL),
(772, 'Z67016-103', 'ZM12292', 6, '2017-02-08', NULL, NULL),
(773, 'Z67732-101', 'ZM12292', 18, '2017-02-08', NULL, NULL),
(774, 'Z67016-105', 'ZM12292', 6, '2017-02-08', NULL, NULL),
(775, 'Z67738-101', 'ZM12295', 710.96, '2017-02-08', NULL, NULL),
(776, 'Z67016-105', 'ZM12295', 1522, '2017-02-08', NULL, NULL);
INSERT INTO `parte_fibra` (`id`, `id_parte`, `id_fibra`, `longitud`, `created_at`, `updated_at`, `deleted_at`) VALUES
(777, 'Z67016-103', 'ZM12295', 1464, '2017-02-08', NULL, NULL),
(778, 'Z67734-101', 'ZM12295', 1174, '2017-02-08', NULL, NULL),
(779, 'Z66766-101', 'ZM12295', 168.11, '2017-02-08', NULL, NULL),
(780, 'Z67016-101', 'ZM12295', 1464, '2017-02-08', NULL, NULL),
(781, 'Z68175-101', 'ZM12295', 91, '2017-02-08', NULL, NULL),
(782, 'Z67732-101', 'ZM12295', 1197, '2017-02-08', NULL, NULL),
(783, 'Z67732-103', 'ZM12295', 1197, '2017-02-08', NULL, NULL),
(784, 'Z67007-101', 'ZM12295', 554.33, '2017-02-08', NULL, NULL),
(785, 'Z68198-105', 'ZM12299', 1.5, '2017-02-08', NULL, NULL),
(786, 'Z68198-107', 'ZM12299', 1.2, '2017-02-08', NULL, NULL),
(787, 'Z66998-103', 'ZM12299', 9, '2017-02-08', NULL, NULL),
(788, 'Z67734-101', 'ZM12299', 186, '2017-02-08', NULL, NULL),
(789, 'Z68172-101', 'ZM12299', 333.07, '2017-02-08', NULL, NULL),
(790, 'Z68198-109', 'ZM12299', 1.5, '2017-02-08', NULL, NULL),
(791, 'Z68198-103', 'ZM12299', 1.5, '2017-02-08', NULL, NULL),
(792, 'Z66998-101', 'ZM12299', 9, '2017-02-08', NULL, NULL),
(793, 'Z70069-101', 'ZM12299', 81, '2017-02-08', NULL, NULL),
(794, 'Z68198-101', 'ZM12299', 1.25, '2017-02-08', NULL, NULL),
(795, 'Z67005-103', 'ZM12299', 529, '2017-02-08', NULL, NULL),
(796, 'Z68144-101', 'ZM12299', 24, '2017-02-08', NULL, NULL),
(797, 'Z66541-101', 'ZM12299', 21.06, '2017-02-08', NULL, NULL),
(798, 'Z68135-101P', 'ZM12299', 1, '2017-02-08', NULL, NULL),
(799, 'Z66723-101', 'ZM12299', 51, '2017-02-08', NULL, NULL),
(800, 'Z67005-101', 'ZM12299', 529, '2017-02-08', NULL, NULL),
(801, 'Z70063-101', 'ZM12299', 88, '2017-02-08', NULL, NULL),
(802, 'Z68252-103', 'ZM12299', 10.33, '2017-02-08', NULL, NULL),
(803, 'Z68135-101', 'ZM12299', 4.8, '2017-02-08', NULL, NULL),
(804, 'Z67133-101', 'ZM12299', 25.98, '2017-02-08', NULL, NULL),
(805, 'Z68252-101', 'ZM12299', 8, '2017-02-08', NULL, NULL),
(806, 'Z68944-102-CKP', 'ZM12307', 847, '2017-02-08', NULL, NULL),
(807, 'Z68942-102-CKP', 'ZM12307', 745, '2017-02-08', NULL, NULL),
(808, 'Z70233-101-CKP', 'ZM12307', 1095.28, '2017-02-08', NULL, NULL),
(809, 'Z70280-101P', 'ZM12307', 6.3, '2017-02-08', NULL, NULL),
(810, 'Z70267-101-CKP', 'ZM12307', 955, '2017-02-08', NULL, NULL),
(811, 'Z70234-102-CKP', 'ZM12307', 1123, '2017-02-08', NULL, NULL),
(812, 'Z68945-101-CKP', 'ZM12307', 725.2, '2017-02-08', NULL, NULL),
(813, 'Z68943-101-CKP', 'ZM12307', 831, '2017-02-08', NULL, NULL),
(814, 'Z68941-101-CKP', 'ZM12307', 742, '2017-02-08', NULL, NULL),
(815, 'Z70280-102P', 'ZM12307', 6.3, '2017-02-08', NULL, NULL),
(816, 'Z68946-102-CKP', 'ZM12307', 725.2, '2017-02-08', NULL, NULL),
(817, 'Z70090-101', 'ZM12337', 47, '2017-02-08', NULL, NULL),
(818, 'Z70299-101-CKP', 'ZM12361', 1562, '2017-02-08', NULL, NULL),
(819, 'Z70430-101-CKP', 'ZM12361', 384, '2017-02-08', NULL, NULL),
(820, 'Z70173-101-CKP', 'ZM12361', 1571, '2017-02-08', NULL, NULL),
(821, 'Z70173-103-CKP', 'ZM12361', 1571, '2017-02-08', NULL, NULL),
(822, 'Z70236-101-CKP', 'ZM12361', 523, '2017-02-08', NULL, NULL),
(823, 'Z70830-103-CKP', 'ZM12361', 2629, '2017-02-08', NULL, NULL),
(824, 'Z68889-101P', 'ZM12361', 0.73, '2017-02-08', NULL, NULL),
(825, 'Z66035-107-CKP', 'ZM12361', 2061, '2017-02-08', NULL, NULL),
(826, 'Z70691-101-CKP', 'ZM12361', 1023, '2017-02-08', NULL, NULL),
(827, 'Z70299-103-CKP', 'ZM12361', 1536, '2017-02-08', NULL, NULL),
(828, 'Z70830-101-CKP', 'ZM12361', 2629, '2017-02-08', NULL, NULL),
(829, 'Z69747-101-CKP', 'ZM12361', 1704.41, '2017-02-08', NULL, NULL),
(830, 'Z66035-109-CKP', 'ZM12361', 2061, '2017-02-08', NULL, NULL),
(831, 'Z64789-101', 'ZM12368', 813.39, '2017-02-08', NULL, NULL),
(832, 'Z64725-101', 'ZM12368', 442, '2017-02-08', NULL, NULL),
(833, 'Z60994-101', 'ZM12368', 1430.89, '2017-02-08', NULL, NULL),
(834, 'Z64755-101', 'ZM12368', 541, '2017-02-08', NULL, NULL),
(835, 'Z70691-101-CKP', 'ZM12421', 389, '2017-02-08', NULL, NULL),
(836, 'Z70299-101-CKP', 'ZM12421', 725, '2017-02-08', NULL, NULL),
(837, 'Z69747-101-CKP', 'ZM12421', 926, '2017-02-08', NULL, NULL),
(838, 'Z70430-101-CKP', 'ZM12421', 123, '2017-02-08', NULL, NULL),
(839, 'Z70173-101-CKP', 'ZM12421', 581, '2017-02-08', NULL, NULL),
(840, 'Z70236-101-CKP', 'ZM12421', 215, '2017-02-08', NULL, NULL),
(841, 'Z70173-103-CKP', 'ZM12421', 581, '2017-02-08', NULL, NULL),
(842, 'Z70299-103-CKP', 'ZM12421', 725, '2017-02-08', NULL, NULL),
(843, 'Z13036-105', 'prueba 22', 11, '2017-08-18', NULL, NULL);

-- --------------------------------------------------------

--
-- Table structure for table `programas`
--

CREATE TABLE IF NOT EXISTS `programas` (
  `id` int(11) NOT NULL,
  `nombre` varchar(200) NOT NULL,
  `siguiente` int(11) NOT NULL,
  `mes` int(11) NOT NULL,
  `created_at` date NOT NULL,
  `deleted_at` date NOT NULL,
  `updated_at` date NOT NULL
) ENGINE=MyISAM AUTO_INCREMENT=25 DEFAULT CHARSET=latin1;

--
-- Dumping data for table `programas`
--

INSERT INTO `programas` (`id`, `nombre`, `siguiente`, `mes`, `created_at`, `deleted_at`, `updated_at`) VALUES
(1, 'A320 OFFWING', 2, 9, '2017-02-28', '2017-08-22', '0000-00-00'),
(2, 'A320 SLIDE RAFT1', 6, 11, '2017-02-28', '0000-00-00', '2017-09-22'),
(3, 'A350 INFLATABLE ASSY', 2, 10, '2017-02-28', '0000-00-00', '0000-00-00'),
(4, 'BD-500 INFLATABLE', 1, 2, '2017-02-28', '0000-00-00', '0000-00-00'),
(5, 'BENCH ASSEMBLY', 1, 2, '2017-02-28', '0000-00-00', '0000-00-00'),
(6, 'A320 SLIDE', 2, 5, '2017-02-28', '2017-08-22', '2017-08-22'),
(7, 'MX 757 INFLATABLE', 1, 2, '2017-02-28', '0000-00-00', '0000-00-00'),
(8, 'MX 777 INFLATABLE', 1, 2, '2017-02-28', '0000-00-00', '0000-00-00'),
(9, 'MX 787', 1, 2, '2017-02-28', '0000-00-00', '0000-00-00'),
(10, 'MX A320 INFLATABLE', 1, 2, '2017-02-28', '0000-00-00', '0000-00-00'),
(11, 'MX A321', 1, 2, '2017-02-28', '0000-00-00', '0000-00-00'),
(12, 'MX RAFTS', 1, 2, '2017-02-28', '0000-00-00', '0000-00-00'),
(13, 'PENDIENTE', 1, 2, '2017-02-28', '0000-00-00', '0000-00-00'),
(14, 'RAFT PACK AND RUN', 1, 2, '2017-02-28', '0000-00-00', '0000-00-00'),
(15, 'SEWING A', 1, 2, '2017-02-28', '0000-00-00', '0000-00-00'),
(16, 'SEWING B', 1, 2, '2017-02-28', '0000-00-00', '0000-00-00'),
(17, 'SEWING C', 1, 2, '2017-02-28', '0000-00-00', '0000-00-00'),
(18, 'SEWING D', 1, 2, '2017-02-28', '0000-00-00', '0000-00-00'),
(19, 'SEWING E', 1, 2, '2017-02-28', '0000-00-00', '0000-00-00'),
(20, 'prueba', 0, 0, '2017-09-01', '2017-09-01', '0000-00-00'),
(21, 'nuevo programa', 0, 0, '2017-09-01', '2017-09-01', '0000-00-00'),
(22, 'nuevo programa ingles1', 0, 0, '2017-09-01', '0000-00-00', '2017-09-01'),
(23, 'prueba de programa1', 0, 0, '2017-09-05', '0000-00-00', '2017-09-05'),
(24, 'Prueba', 0, 0, '2017-09-22', '0000-00-00', '0000-00-00');

-- --------------------------------------------------------

--
-- Table structure for table `programa_parte`
--

CREATE TABLE IF NOT EXISTS `programa_parte` (
  `id` int(11) NOT NULL,
  `programa` varchar(20) NOT NULL,
  `parte` varchar(20) NOT NULL,
  `created_at` date NOT NULL,
  `updated_at` date DEFAULT NULL,
  `deleted_at` date DEFAULT NULL
) ENGINE=MyISAM AUTO_INCREMENT=847 DEFAULT CHARSET=latin1;

--
-- Dumping data for table `programa_parte`
--

INSERT INTO `programa_parte` (`id`, `programa`, `parte`, `created_at`, `updated_at`, `deleted_at`) VALUES
(1, '3', 'Z68231-10101CKP', '2017-02-08', NULL, NULL),
(2, '3', 'Z68237-10101CKP', '2017-02-08', NULL, NULL),
(3, '3', 'Z68241-10101CKP', '2017-02-08', NULL, NULL),
(4, '3', 'Z68235-10101CKP', '2017-02-08', NULL, NULL),
(5, '18', 'Z19010-1', '2017-02-08', NULL, NULL),
(6, '19', 'Z13476-109', '2017-02-08', NULL, NULL),
(7, '19', 'Z13476-113', '2017-02-08', NULL, NULL),
(8, '15', 'Z62969-105', '2017-02-08', NULL, NULL),
(9, '8', 'Z66164-401-CKP', '2017-02-08', NULL, NULL),
(10, '8', 'Z65324-401-CKP', '2017-02-08', NULL, NULL),
(11, '8', 'Z66161-102-CKP', '2017-02-08', NULL, NULL),
(12, '9', 'Z67447-102-CKP', '2017-02-08', NULL, NULL),
(13, '8', 'Z66165-401-CKP', '2017-02-08', NULL, NULL),
(14, '9', 'Z66848-101-CKP', '2017-02-08', NULL, NULL),
(15, '9', 'Z67317-102-CKP', '2017-02-08', NULL, NULL),
(16, '9', 'Z67158-101-CKP', '2017-02-08', NULL, NULL),
(17, '8', 'Z65324-402-CKP', '2017-02-08', NULL, NULL),
(18, '17', 'Z30219-503', '2017-02-08', NULL, NULL),
(19, '9', 'Z67448-102-CKP', '2017-02-08', NULL, NULL),
(20, '8', 'Z66161-101-CKP', '2017-02-08', NULL, NULL),
(21, '15', 'Z63053-106', '2017-02-08', NULL, NULL),
(22, '8', 'Z63101-105-CKP', '2017-02-08', NULL, NULL),
(23, '8', 'Z63101-106-CKP', '2017-02-08', NULL, NULL),
(24, '8', 'Z66164-402-CKP', '2017-02-08', NULL, NULL),
(25, '9', 'Z67157-101-CKP', '2017-02-08', NULL, NULL),
(26, '12', 'Z64223-101-CKP', '2017-02-08', NULL, NULL),
(27, '8', 'Z66162-202-CKP', '2017-02-08', NULL, NULL),
(28, '9', 'Z67155-101-CKP', '2017-02-08', NULL, NULL),
(29, '8', 'Z66165-402-CKP', '2017-02-08', NULL, NULL),
(30, '12', 'Z30219-503P', '2017-02-08', NULL, NULL),
(31, '8', 'Z66163-301-CKP', '2017-02-08', NULL, NULL),
(32, '8', 'Z66162-201-CKP', '2017-02-08', NULL, NULL),
(33, '8', 'Z65322-201-CKP', '2017-02-08', NULL, NULL),
(34, '8', 'Z65322-202-CKP', '2017-02-08', NULL, NULL),
(35, '9', 'Z67326-102-CKP', '2017-02-08', NULL, NULL),
(36, '8', 'Z66163-302-CKP', '2017-02-08', NULL, NULL),
(37, '10', 'Z64232-103', '2017-02-08', NULL, NULL),
(38, '17', 'Z62428-217', '2017-02-08', NULL, NULL),
(39, '4', 'Z68946-102-CKP', '2017-02-08', NULL, NULL),
(40, '10', 'Z70280-101P', '2017-02-08', NULL, NULL),
(41, '4', 'Z68945-101-CKP', '2017-02-08', NULL, NULL),
(42, '10', 'Z70280-102P', '2017-02-08', NULL, NULL),
(44, '1', 'Z60070-103-CKP', '2017-02-08', NULL, NULL),
(45, '4', 'Z68942-102-CKP', '2017-02-08', NULL, NULL),
(46, '4', 'Z68941-101-CKP', '2017-02-08', NULL, NULL),
(47, '3', 'Z68242-102-CKP', '2017-02-08', NULL, NULL),
(48, '3', 'Z68237-10101CKP', '2017-02-08', NULL, NULL),
(49, '8', 'Z66164-402-CKP', '2017-02-08', NULL, NULL),
(50, '17', 'Z61921-101', '2017-02-08', NULL, NULL),
(51, '2', 'Z30674-115-CKP', '2017-02-08', NULL, NULL),
(52, '8', 'Z66163-301-CKP', '2017-02-08', NULL, NULL),
(53, '3', 'Z70037-10101CKP', '2017-02-08', NULL, NULL),
(54, '11', 'Z62349-105-CKP', '2017-02-08', NULL, NULL),
(55, '15', 'Z63053-106', '2017-02-08', NULL, NULL),
(56, '3', 'Z70038-10201CKP', '2017-02-08', NULL, NULL),
(57, '6', 'Z31910-131-CKP', '2017-02-08', NULL, NULL),
(58, '11', 'Z62348-106-CKP', '2017-02-08', NULL, NULL),
(59, '3', 'Z68233-101-CKP', '2017-02-08', NULL, NULL),
(60, '6', 'Z31910-129-CKP', '2017-02-08', NULL, NULL),
(61, '15', 'Z62879-108', '2017-02-08', NULL, NULL),
(62, '15', 'Z62666-101', '2017-02-08', NULL, NULL),
(63, '8', 'Z65324-401-CKP', '2017-02-08', NULL, NULL),
(64, '11', 'Z62349-106-CKP', '2017-02-08', NULL, NULL),
(65, '3', 'Z68237-101-CKP', '2017-02-08', NULL, NULL),
(66, '8', 'Z66161-101-CKP', '2017-02-08', NULL, NULL),
(67, '3', 'Z68240-102-CKP', '2017-02-08', NULL, NULL),
(68, '2', 'Z30674-113-CKP', '2017-02-08', NULL, NULL),
(69, '8', 'Z66164-401-CKP', '2017-02-08', NULL, NULL),
(70, '8', 'Z66165-401-CKP', '2017-02-08', NULL, NULL),
(71, '15', 'Z65580-102', '2017-02-08', NULL, NULL),
(72, '3', 'Z70037-101-CKP', '2017-02-08', NULL, NULL),
(74, '11', 'Z70233-101-CKP', '2017-02-08', NULL, NULL),
(75, '8', 'Z65322-202-CKP', '2017-02-08', NULL, NULL),
(76, '17', 'Z62354-101', '2017-02-08', NULL, NULL),
(77, '15', 'Z31876-113', '2017-02-08', NULL, NULL),
(78, '11', 'Z62348-105-CKP', '2017-02-08', NULL, NULL),
(79, '3', 'Z70039-101-CKP', '2017-02-08', NULL, NULL),
(80, '13', 'Z70413-101P', '2017-02-08', NULL, NULL),
(81, '15', 'Z60294-101', '2017-02-08', NULL, NULL),
(82, '3', 'Z70040-102-CKP', '2017-02-08', NULL, NULL),
(83, '17', 'Z61922-102', '2017-02-08', NULL, NULL),
(84, '3', 'Z68239-101-CKP', '2017-02-08', NULL, NULL),
(85, '15', 'Z31876-117', '2017-02-08', NULL, NULL),
(86, '17', 'Z62355-101', '2017-02-08', NULL, NULL),
(87, '8', 'Z63101-106-CKP', '2017-02-08', NULL, NULL),
(88, '3', 'Z68241-101-CKP', '2017-02-08', NULL, NULL),
(89, '8', 'Z66165-402-CKP', '2017-02-08', NULL, NULL),
(90, '3', 'Z68242-10201CKP', '2017-02-08', NULL, NULL),
(91, '12', 'Z63420-101P', '2017-02-08', NULL, NULL),
(92, '16', 'Z63771-101', '2017-02-08', NULL, NULL),
(93, '8', 'Z65322-201-CKP', '2017-02-08', NULL, NULL),
(94, '12', 'Z19583-107P', '2017-02-08', NULL, NULL),
(95, '3', 'Z68236-10201CKP', '2017-02-08', NULL, NULL),
(96, '8', 'Z65324-402-CKP', '2017-02-08', NULL, NULL),
(97, '3', 'Z68236-102-CKP', '2017-02-08', NULL, NULL),
(98, '15', 'Z65579-101', '2017-02-08', NULL, NULL),
(99, '3', 'Z68235-101-CKP', '2017-02-08', NULL, NULL),
(100, '8', 'Z63101-105-CKP', '2017-02-08', NULL, NULL),
(101, '4', 'Z68946-102-CKP', '2017-02-08', NULL, NULL),
(102, '4', 'Z68944-102-CKP', '2017-02-08', NULL, NULL),
(103, '2', 'Z30674-111-CKP', '2017-02-08', NULL, NULL),
(104, '3', 'Z68238-10201CKP', '2017-02-08', NULL, NULL),
(105, '13', 'Z60294-103', '2017-02-08', NULL, NULL),
(106, '15', 'Z62666-103', '2017-02-08', NULL, NULL),
(107, '3', 'Z70775-101-CKP', '2017-02-08', NULL, NULL),
(108, '3', 'Z68231-10101CKP', '2017-02-08', NULL, NULL),
(109, '3', 'Z68231-101-CKP', '2017-02-08', NULL, NULL),
(110, '8', 'Z66161-102-CKP', '2017-02-08', NULL, NULL),
(111, '14', 'Z64223-103-CKP', '2017-02-08', NULL, NULL),
(112, '16', 'Z63773-101P', '2017-02-08', NULL, NULL),
(113, '3', 'Z68232-10201CKP', '2017-02-08', NULL, NULL),
(114, '4', 'Z68943-101-CKP', '2017-02-08', NULL, NULL),
(115, '3', 'Z68235-10101CKP', '2017-02-08', NULL, NULL),
(116, '7', 'Z67143-101-CKP', '2017-02-08', NULL, NULL),
(117, '7', 'Z67144-101-CKP', '2017-02-08', NULL, NULL),
(118, '16', 'Z63772-101P', '2017-02-08', NULL, NULL),
(119, '15', 'Z62482-107', '2017-02-08', NULL, NULL),
(120, '3', 'Z68241-10101CKP', '2017-02-08', NULL, NULL),
(121, '3', 'Z70038-102-CKP', '2017-02-08', NULL, NULL),
(122, '3', 'Z68234-102-CKP', '2017-02-08', NULL, NULL),
(123, '3', 'Z68232-102-CKP', '2017-02-08', NULL, NULL),
(124, '8', 'Z66162-202-CKP', '2017-02-08', NULL, NULL),
(125, '3', 'Z68238-102-CKP', '2017-02-08', NULL, NULL),
(126, '15', 'Z62969-105', '2017-02-08', NULL, NULL),
(127, '8', 'Z66163-302-CKP', '2017-02-08', NULL, NULL),
(128, '11', 'Z70234-102-CKP', '2017-02-08', NULL, NULL),
(129, '15', 'Z31871-101', '2017-02-08', NULL, NULL),
(130, '17', 'Z62228-107', '2017-02-08', NULL, NULL),
(131, '4', 'Z68945-101-CKP', '2017-02-08', NULL, NULL),
(132, '17', 'Z61922-101', '2017-02-08', NULL, NULL),
(133, '4', 'Z68941-101-CKP', '2017-02-08', NULL, NULL),
(134, '15', 'Z62970-106', '2017-02-08', NULL, NULL),
(135, '8', 'Z66162-201-CKP', '2017-02-08', NULL, NULL),
(137, '3', 'Z70776-102-CKP', '2017-02-08', NULL, NULL),
(138, '4', 'Z68942-102-CKP', '2017-02-08', NULL, NULL),
(139, '17', 'Z69235-101', '2017-02-08', NULL, NULL),
(140, '18', 'Z64725-101', '2017-02-08', NULL, NULL),
(141, '13', 'Z70544-101', '2017-02-08', NULL, NULL),
(142, '17', 'Z68771-101', '2017-02-08', NULL, NULL),
(143, '13', 'Z70554-101', '2017-02-08', NULL, NULL),
(144, '13', 'Z70483-101', '2017-02-08', NULL, NULL),
(145, '13', 'Z64729-101P', '2017-02-08', NULL, NULL),
(146, '12', 'Z69547-103-CKP', '2017-02-08', NULL, NULL),
(147, '15', 'Z67571-101', '2017-02-08', NULL, NULL),
(148, '17', 'Z67521-104', '2017-02-08', NULL, NULL),
(149, '17', 'Z69469-101', '2017-02-08', NULL, NULL),
(150, '17', 'Z65130-101', '2017-02-08', NULL, NULL),
(151, '11', 'Z31882-107', '2017-02-08', NULL, NULL),
(152, '2', 'Z61271-105', '2017-02-08', NULL, NULL),
(153, '15', 'Z60522-101', '2017-02-08', NULL, NULL),
(154, '17', 'Z63285-105', '2017-02-08', NULL, NULL),
(155, '18', 'Z64789-101', '2017-02-08', NULL, NULL),
(156, '18', 'Z64932-101', '2017-02-08', NULL, NULL),
(157, '14', 'Z64223-103-CKP', '2017-02-08', NULL, NULL),
(158, '12', 'Z69547-101-CKP', '2017-02-08', NULL, NULL),
(159, '17', 'Z69078-101', '2017-02-08', NULL, NULL),
(160, '13', 'Z70486-101', '2017-02-08', NULL, NULL),
(161, '17', 'Z67296-105', '2017-02-08', NULL, NULL),
(162, '17', 'Z66877-107', '2017-02-08', NULL, NULL),
(163, '12', 'Z66035-101-CKP', '2017-02-08', NULL, NULL),
(164, '12', 'Z66255-103-CKP', '2017-02-08', NULL, NULL),
(165, '17', 'Z61273-103', '2017-02-08', NULL, NULL),
(166, '17', 'Z62010-102', '2017-02-08', NULL, NULL),
(167, '15', 'Z60000-101', '2017-02-08', NULL, NULL),
(168, '12', 'Z64223-101-CKP', '2017-02-08', NULL, NULL),
(169, '18', 'Z70658-101', '2017-02-08', NULL, NULL),
(170, '17', 'Z67118-101', '2017-02-08', NULL, NULL),
(171, '17', 'Z69235-102', '2017-02-08', NULL, NULL),
(172, '17', 'Z66877-105', '2017-02-08', NULL, NULL),
(173, '17', 'Z65430-101', '2017-02-08', NULL, NULL),
(174, '12', 'Z66035-109-CKP', '2017-02-08', NULL, NULL),
(175, '17', 'Z69469-102', '2017-02-08', NULL, NULL),
(176, '12', 'Z66035-105-CKP', '2017-02-08', NULL, NULL),
(177, '12', 'Z65734-103P', '2017-02-08', NULL, NULL),
(178, '17', 'Z64958-101', '2017-02-08', NULL, NULL),
(179, '17', 'Z67521-103', '2017-02-08', NULL, NULL),
(180, '15', 'Z70240-101', '2017-02-08', NULL, NULL),
(181, '15', 'Z63968-101', '2017-02-08', NULL, NULL),
(182, '12', 'Z66035-107-CKP', '2017-02-08', NULL, NULL),
(183, '17', 'Z69078-103', '2017-02-08', NULL, NULL),
(184, '18', 'Z64545-101', '2017-02-08', NULL, NULL),
(185, '15', 'Z23965-101', '2017-02-08', NULL, NULL),
(186, '17', 'Z63285-103', '2017-02-08', NULL, NULL),
(187, '17', 'Z63285-107', '2017-02-08', NULL, NULL),
(188, '13', 'Z70422-101', '2017-02-08', NULL, NULL),
(189, '17', 'Z67522-104', '2017-02-08', NULL, NULL),
(190, '17', 'Z23995-101', '2017-02-08', NULL, NULL),
(191, '12', 'Z65732-101P', '2017-02-08', NULL, NULL),
(192, '18', 'Z66726-103', '2017-02-08', NULL, NULL),
(193, '17', 'Z68699-102', '2017-02-08', NULL, NULL),
(194, '17', 'Z66884-103', '2017-02-08', NULL, NULL),
(195, '18', 'Z60256-103', '2017-02-08', NULL, NULL),
(196, '17', 'Z63717-103', '2017-02-08', NULL, NULL),
(197, '17', 'Z67522-103', '2017-02-08', NULL, NULL),
(198, '13', 'Z70564-101', '2017-02-08', NULL, NULL),
(199, '17', 'Z67631-103', '2017-02-08', NULL, NULL),
(200, '17', 'Z61272-101', '2017-02-08', NULL, NULL),
(201, '12', 'Z66402-103-CKP', '2017-02-08', NULL, NULL),
(202, '17', 'Z62010-101', '2017-02-08', NULL, NULL),
(203, '17', 'Z64214-103', '2017-02-08', NULL, NULL),
(204, '17', 'Z69863-101', '2017-02-08', NULL, NULL),
(205, '13', 'Z70425-101', '2017-02-08', NULL, NULL),
(206, '13', 'Z70569-101', '2017-02-08', NULL, NULL),
(207, '17', 'Z65847-101', '2017-02-08', NULL, NULL),
(208, '15', 'Z66106-103', '2017-02-08', NULL, NULL),
(209, '17', 'Z66287-101', '2017-02-08', NULL, NULL),
(210, '17', 'Z70024-101', '2017-02-08', NULL, NULL),
(211, '17', 'Z64321-101', '2017-02-08', NULL, NULL),
(212, '17', 'Z23938-105', '2017-02-08', NULL, NULL),
(213, '17', 'Z70107-101', '2017-02-08', NULL, NULL),
(214, '17', 'Z64273-101', '2017-02-08', NULL, NULL),
(215, '17', 'Z68699-101', '2017-02-08', NULL, NULL),
(216, '17', 'Z61120-101', '2017-02-08', NULL, NULL),
(217, '17', 'Z67631-104', '2017-02-08', NULL, NULL),
(218, '13', 'Z70549-101', '2017-02-08', NULL, NULL),
(219, '18', 'Z60256-101', '2017-02-08', NULL, NULL),
(220, '17', 'Z61273-105', '2017-02-08', NULL, NULL),
(221, '17', 'Z64822-103', '2017-02-08', NULL, NULL),
(222, '17', 'Z67632-103', '2017-02-08', NULL, NULL),
(223, '17', 'Z61920-103', '2017-02-08', NULL, NULL),
(224, '17', 'Z61919-105', '2017-02-08', NULL, NULL),
(225, '18', 'Z65200-101', '2017-02-08', NULL, NULL),
(226, '17', 'Z67296-107', '2017-02-08', NULL, NULL),
(227, '13', 'Z70559-101', '2017-02-08', NULL, NULL),
(228, '17', 'Z66884-104', '2017-02-08', NULL, NULL),
(229, '15', 'Z66326-101', '2017-02-08', NULL, NULL),
(230, '18', 'Z22253-101', '2017-02-08', NULL, NULL),
(231, '17', 'Z69863-102', '2017-02-08', NULL, NULL),
(232, '13', 'Z61923-105', '2017-02-08', NULL, NULL),
(233, '18', 'Z64755-101', '2017-02-08', NULL, NULL),
(234, '13', 'Z70536-101', '2017-02-08', NULL, NULL),
(235, '17', 'Z67632-104', '2017-02-08', NULL, NULL),
(236, '13', 'Z13618-101', '2017-02-08', NULL, NULL),
(237, '11', 'Z70233-101-CKP', '2017-02-08', NULL, NULL),
(238, '9', 'Z67449-102-CKP', '2017-02-08', NULL, NULL),
(239, '12', 'Z63740-103', '2017-02-08', NULL, NULL),
(240, '12', 'Z70830-101-CKP', '2017-02-08', NULL, NULL),
(241, '9', 'Z67159-101-CKP', '2017-02-08', NULL, NULL),
(242, '12', 'Z70122-101-CKP', '2017-02-08', NULL, NULL),
(243, '3', 'Z68235-101-CKP', '2017-02-08', NULL, NULL),
(244, '3', 'Z68240-102-CKP', '2017-02-08', NULL, NULL),
(245, '12', 'Z70173-101-CKP', '2017-02-08', NULL, NULL),
(246, '9', 'Z67446-102-CKP', '2017-02-08', NULL, NULL),
(247, '3', 'Z70776-102-CKP', '2017-02-08', NULL, NULL),
(248, '3', 'Z68232-102-CKP', '2017-02-08', NULL, NULL),
(249, '9', 'Z67448-102-CKP', '2017-02-08', NULL, NULL),
(250, '3', 'Z68236-102-CKP', '2017-02-08', NULL, NULL),
(251, '3', 'Z68231-10101CKP', '2017-02-08', NULL, NULL),
(252, '11', 'Z70234-102-CKP', '2017-02-08', NULL, NULL),
(253, '3', 'Z68239-101-CKP', '2017-02-08', NULL, NULL),
(254, '9', 'Z67155-101-CKP', '2017-02-08', NULL, NULL),
(255, '12', 'Z66035-105-CKP', '2017-02-08', NULL, NULL),
(256, '13', 'Z70236-101-CKP', '2017-02-08', NULL, NULL),
(257, '12', 'Z70173-103-CKP', '2017-02-08', NULL, NULL),
(258, '4', 'Z68942-102-CKP', '2017-02-08', NULL, NULL),
(259, '12', 'Z70122-103-CKP', '2017-02-08', NULL, NULL),
(260, '4', 'Z68946-102-CKP', '2017-02-08', NULL, NULL),
(261, '9', 'Z67157-101-CKP', '2017-02-08', NULL, NULL),
(262, '13', 'Z70825-103-CKP', '2017-02-08', NULL, NULL),
(263, '3', 'Z68234-102-CKP', '2017-02-08', NULL, NULL),
(264, '3', 'Z68233-101-CKP', '2017-02-08', NULL, NULL),
(265, '3', 'Z68241-101-CKP', '2017-02-08', NULL, NULL),
(266, '3', 'Z68242-102-CKP', '2017-02-08', NULL, NULL),
(267, '12', 'Z70830-103-CKP', '2017-02-08', NULL, NULL),
(268, '3', 'Z68238-102-CKP', '2017-02-08', NULL, NULL),
(269, '3', 'Z68237-101-CKP', '2017-02-08', NULL, NULL),
(270, '3', 'Z68241-10101CKP', '2017-02-08', NULL, NULL),
(271, '16', 'Z63751-101', '2017-02-08', NULL, NULL),
(272, '3', 'Z68231-101-CKP', '2017-02-08', NULL, NULL),
(273, '4', 'Z68943-101-CKP', '2017-02-08', NULL, NULL),
(274, '12', 'Z66770-101-CKP', '2017-02-08', NULL, NULL),
(275, '9', 'Z67317-102-CKP', '2017-02-08', NULL, NULL),
(276, '9', 'Z66848-101-CKP', '2017-02-08', NULL, NULL),
(277, '3', 'Z70775-101-CKP', '2017-02-08', NULL, NULL),
(278, '4', 'Z68941-101-CKP', '2017-02-08', NULL, NULL),
(279, '13', 'Z70430-101-CKP', '2017-02-08', NULL, NULL),
(280, '9', 'Z67326-102-CKP', '2017-02-08', NULL, NULL),
(281, '12', 'Z70691-101-CKP', '2017-02-08', NULL, NULL),
(282, '4', 'Z68945-101-CKP', '2017-02-08', NULL, NULL),
(283, '12', 'Z70141-101', '2017-02-08', NULL, NULL),
(284, '9', 'Z67158-101-CKP', '2017-02-08', NULL, NULL),
(285, '3', 'Z68235-10101CKP', '2017-02-08', NULL, NULL),
(286, '9', 'Z67156-101-CKP', '2017-02-08', NULL, NULL),
(287, '12', 'Z63740-101', '2017-02-08', NULL, NULL),
(288, '12', 'Z63740-101P', '2017-02-08', NULL, NULL),
(289, '9', 'Z67447-102-CKP', '2017-02-08', NULL, NULL),
(290, '4', 'Z68944-102-CKP', '2017-02-08', NULL, NULL),
(291, '13', 'Z70825-101-CKP', '2017-02-08', NULL, NULL),
(292, '3', 'Z68237-10101CKP', '2017-02-08', NULL, NULL),
(293, '17', 'Z68903-102', '2017-02-08', NULL, NULL),
(294, '3', 'Z68234-102-CKP', '2017-02-08', NULL, NULL),
(295, '8', 'Z66163-301-CKP', '2017-02-08', NULL, NULL),
(296, '8', 'Z65324-402-CKP', '2017-02-08', NULL, NULL),
(297, '7', 'Z67144-101-CKP', '2017-02-08', NULL, NULL),
(298, '4', 'Z68941-101-CKP', '2017-02-08', NULL, NULL),
(299, '9', 'Z67155-101-CKP', '2017-02-08', NULL, NULL),
(300, '3', 'Z70037-10101CKP', '2017-02-08', NULL, NULL),
(301, '3', 'Z68232-10201CKP', '2017-02-08', NULL, NULL),
(302, '4', 'Z68943-101-CKP', '2017-02-08', NULL, NULL),
(303, '3', 'Z70776-102-CKP', '2017-02-08', NULL, NULL),
(304, '8', 'Z66165-401-CKP', '2017-02-08', NULL, NULL),
(305, '3', 'Z68237-10101CKP', '2017-02-08', NULL, NULL),
(306, '13', 'Z70267-101-CKP', '2017-02-08', NULL, NULL),
(307, '17', 'Z69301-104', '2017-02-08', NULL, NULL),
(308, '17', 'Z69767-103', '2017-02-08', NULL, NULL),
(309, '8', 'Z66164-401-CKP', '2017-02-08', NULL, NULL),
(310, '9', 'Z67326-102-CKP', '2017-02-08', NULL, NULL),
(311, '9', 'Z67446-102-CKP', '2017-02-08', NULL, NULL),
(312, '3', 'Z70039-101-CKP', '2017-02-08', NULL, NULL),
(313, '3', 'Z70038-102-CKP', '2017-02-08', NULL, NULL),
(314, '17', 'Z69640-101', '2017-02-08', NULL, NULL),
(315, '13', 'Z70637-102P', '2017-02-08', NULL, NULL),
(316, '4', 'Z68942-102-CKP', '2017-02-08', NULL, NULL),
(317, '8', 'Z66162-202-CKP', '2017-02-08', NULL, NULL),
(318, '2', 'Z30674-111-CKP', '2017-02-08', NULL, NULL),
(319, '8', 'Z63165-107', '2017-02-08', NULL, NULL),
(320, '9', 'Z67449-102-CKP', '2017-02-08', NULL, NULL),
(321, '8', 'Z66164-402-CKP', '2017-02-08', NULL, NULL),
(322, '17', 'Z69301-102', '2017-02-08', NULL, NULL),
(323, '8', 'Z65322-202-CKP', '2017-02-08', NULL, NULL),
(324, '8', 'Z65324-401-CKP', '2017-02-08', NULL, NULL),
(325, '6', 'Z31910-131-CKP', '2017-02-08', NULL, NULL),
(326, '2', 'Z30674-113-CKP', '2017-02-08', NULL, NULL),
(327, '17', 'Z69935-102', '2017-02-08', NULL, NULL),
(328, '11', 'Z70233-101-CKP', '2017-02-08', NULL, NULL),
(329, '3', 'Z68241-101-CKP', '2017-02-08', NULL, NULL),
(330, '15', 'Z63733-101P', '2017-02-08', NULL, NULL),
(331, '17', 'Z69222-104', '2017-02-08', NULL, NULL),
(332, '8', 'Z63165-101P', '2017-02-08', NULL, NULL),
(333, '17', 'Z69893-102', '2017-02-08', NULL, NULL),
(334, '8', 'Z63101-105-CKP', '2017-02-08', NULL, NULL),
(335, '17', 'Z70221-101', '2017-02-08', NULL, NULL),
(336, '17', 'Z70179-101', '2017-02-08', NULL, NULL),
(337, '3', 'Z68242-10201CKP', '2017-02-08', NULL, NULL),
(338, '17', 'Z69297-102', '2017-02-08', NULL, NULL),
(339, '4', 'Z68945-101-CKP', '2017-02-08', NULL, NULL),
(340, '17', 'Z69491-101', '2017-02-08', NULL, NULL),
(341, '3', 'Z68236-10201CKP', '2017-02-08', NULL, NULL),
(342, '12', 'Z63732-101P', '2017-02-08', NULL, NULL),
(343, '3', 'Z69222-101', '2017-02-08', NULL, NULL),
(344, '12', 'Z63735-105P', '2017-02-08', NULL, NULL),
(345, '12', 'Z63735-107P', '2017-02-08', NULL, NULL),
(346, '11', 'Z62348-105-CKP', '2017-02-08', NULL, NULL),
(347, '3', 'Z68233-101-CKP', '2017-02-08', NULL, NULL),
(349, '8', 'Z66162-201-CKP', '2017-02-08', NULL, NULL),
(350, '11', 'Z70234-102-CKP', '2017-02-08', NULL, NULL),
(351, '3', 'Z68239-101-CKP', '2017-02-08', NULL, NULL),
(352, '8', 'Z63165-101', '2017-02-08', NULL, NULL),
(353, '13', 'Z70637-101P', '2017-02-08', NULL, NULL),
(354, '3', 'Z68242-102-CKP', '2017-02-08', NULL, NULL),
(355, '3', 'Z68240-102-CKP', '2017-02-08', NULL, NULL),
(356, '17', 'Z69297-101', '2017-02-08', NULL, NULL),
(357, '9', 'Z67156-101-CKP', '2017-02-08', NULL, NULL),
(358, '8', 'Z66161-102-CKP', '2017-02-08', NULL, NULL),
(359, '17', 'Z68903-103', '2017-02-08', NULL, NULL),
(360, '8', 'Z63165-105P', '2017-02-08', NULL, NULL),
(361, '3', 'Z68238-10201CKP', '2017-02-08', NULL, NULL),
(362, '3', 'Z70038-10201CKP', '2017-02-08', NULL, NULL),
(363, '9', 'Z67158-101-CKP', '2017-02-08', NULL, NULL),
(364, '17', 'Z69767-102', '2017-02-08', NULL, NULL),
(365, '17', 'Z69222-103', '2017-02-08', NULL, NULL),
(366, '3', 'Z68235-10101CKP', '2017-02-08', NULL, NULL),
(367, '12', 'Z63736-103P', '2017-02-08', NULL, NULL),
(368, '3', 'Z68235-101-CKP', '2017-02-08', NULL, NULL),
(369, '3', 'Z68238-102-CKP', '2017-02-08', NULL, NULL),
(370, '15', 'Z70223-101', '2017-02-08', NULL, NULL),
(371, '3', 'Z68237-101-CKP', '2017-02-08', NULL, NULL),
(372, '17', 'Z70179-102', '2017-02-08', NULL, NULL),
(373, '17', 'Z68903-101', '2017-02-08', NULL, NULL),
(374, '17', 'Z69767-101', '2017-02-08', NULL, NULL),
(375, '17', 'Z69297-104', '2017-02-08', NULL, NULL),
(376, '17', 'Z62674-102', '2017-02-08', NULL, NULL),
(377, '8', 'Z63101-106-CKP', '2017-02-08', NULL, NULL),
(378, '15', 'Z70178-101', '2017-02-08', NULL, NULL),
(379, '4', 'Z68944-102-CKP', '2017-02-08', NULL, NULL),
(380, '8', 'Z63165-105', '2017-02-08', NULL, NULL),
(381, '3', 'Z68232-102-CKP', '2017-02-08', NULL, NULL),
(382, '17', 'Z70581-101', '2017-02-08', NULL, NULL),
(383, '8', 'Z66161-101-CKP', '2017-02-08', NULL, NULL),
(384, '17', 'Z69297-103', '2017-02-08', NULL, NULL),
(385, '17', 'Z68903-104', '2017-02-08', NULL, NULL),
(386, '9', 'Z67447-102-CKP', '2017-02-08', NULL, NULL),
(387, '3', 'Z70040-102-CKP', '2017-02-08', NULL, NULL),
(388, '3', 'Z68241-10101CKP', '2017-02-08', NULL, NULL),
(389, '3', 'Z70775-101-CKP', '2017-02-08', NULL, NULL),
(390, '9', 'Z67157-101-CKP', '2017-02-08', NULL, NULL),
(391, '9', 'Z67159-101-CKP', '2017-02-08', NULL, NULL),
(392, '8', 'Z63165-103', '2017-02-08', NULL, NULL),
(393, '3', 'Z68236-102-CKP', '2017-02-08', NULL, NULL),
(394, '7', 'Z67143-101-CKP', '2017-02-08', NULL, NULL),
(395, '8', 'Z65322-201-CKP', '2017-02-08', NULL, NULL),
(396, '9', 'Z66848-101-CKP', '2017-02-08', NULL, NULL),
(397, '18', 'Z63734-103', '2017-02-08', NULL, NULL),
(398, '8', 'Z63165-103P', '2017-02-08', NULL, NULL),
(399, '11', 'Z62349-106-CKP', '2017-02-08', NULL, NULL),
(400, '3', 'Z69222-102', '2017-02-08', NULL, NULL),
(401, '3', 'Z70037-101-CKP', '2017-02-08', NULL, NULL),
(402, '4', 'Z68946-102-CKP', '2017-02-08', NULL, NULL),
(403, '9', 'Z67448-102-CKP', '2017-02-08', NULL, NULL),
(404, '1', 'Z60070-104-CKP', '2017-02-08', NULL, NULL),
(405, '8', 'Z66165-402-CKP', '2017-02-08', NULL, NULL),
(406, '17', 'Z69301-101', '2017-02-08', NULL, NULL),
(407, '17', 'Z69767-104', '2017-02-08', NULL, NULL),
(408, '12', 'Z63734-103P', '2017-02-08', NULL, NULL),
(409, '13', 'Z63562-103-CKP', '2017-02-08', NULL, NULL),
(410, '2', 'Z30674-115-CKP', '2017-02-08', NULL, NULL),
(411, '8', 'Z63165-107P', '2017-02-08', NULL, NULL),
(412, '17', 'Z69491-102', '2017-02-08', NULL, NULL),
(413, '3', 'Z68231-10101CKP', '2017-02-08', NULL, NULL),
(414, '3', 'Z68231-101-CKP', '2017-02-08', NULL, NULL),
(415, '17', 'Z69893-101', '2017-02-08', NULL, NULL),
(416, '11', 'Z62349-105-CKP', '2017-02-08', NULL, NULL),
(417, '9', 'Z67317-102-CKP', '2017-02-08', NULL, NULL),
(418, '11', 'Z62348-106-CKP', '2017-02-08', NULL, NULL),
(419, '17', 'Z62674-101', '2017-02-08', NULL, NULL),
(420, '6', 'Z31910-129-CKP', '2017-02-08', NULL, NULL),
(421, '17', 'Z69935-101', '2017-02-08', NULL, NULL),
(422, '17', 'Z69301-103', '2017-02-08', NULL, NULL),
(423, '8', 'Z66163-302-CKP', '2017-02-08', NULL, NULL),
(424, '12', 'Z66402-103-CKP', '2017-02-08', NULL, NULL),
(425, '12', 'Z70691-101-CKP', '2017-02-08', NULL, NULL),
(426, '18', 'Z70061-101', '2017-02-08', NULL, NULL),
(427, '12', 'Z64223-101-CKP', '2017-02-08', NULL, NULL),
(428, '12', 'Z69547-101-CKP', '2017-02-08', NULL, NULL),
(429, '12', 'Z70830-101-CKP', '2017-02-08', NULL, NULL),
(430, '13', 'Z70430-101-CKP', '2017-02-08', NULL, NULL),
(431, '12', 'Z64957-101-CKP', '2017-02-08', NULL, NULL),
(432, '18', 'Z23976-101', '2017-02-08', NULL, NULL),
(433, '13', 'Z70825-103-CKP', '2017-02-08', NULL, NULL),
(434, '12', 'Z66035-113-CKP', '2017-02-08', NULL, NULL),
(435, '18', 'Z64932-101', '2017-02-08', NULL, NULL),
(436, '14', 'Z64223-103-CKP', '2017-02-08', NULL, NULL),
(437, '12', 'Z69547-103-CKP', '2017-02-08', NULL, NULL),
(438, '12', 'Z66035-109-CKP', '2017-02-08', NULL, NULL),
(439, '12', 'Z70122-101-CKP', '2017-02-08', NULL, NULL),
(440, '12', 'Z64957-103-CKP', '2017-02-08', NULL, NULL),
(441, '19', 'Z63718-103', '2017-02-08', NULL, NULL),
(442, '18', 'Z66726-103', '2017-02-08', NULL, NULL),
(443, '13', 'Z70559-101', '2017-02-08', NULL, NULL),
(444, '13', 'Z70536-101', '2017-02-08', NULL, NULL),
(446, '13', 'Z66770-105-CKP', '2017-02-08', NULL, NULL),
(447, '12', 'Z70122-103-CKP', '2017-02-08', NULL, NULL),
(448, '12', 'Z70173-103-CKP', '2017-02-08', NULL, NULL),
(449, '18', 'Z64317-101', '2017-02-08', NULL, NULL),
(450, '12', 'Z66035-105-CKP', '2017-02-08', NULL, NULL),
(451, '12', 'Z70830-103-CKP', '2017-02-08', NULL, NULL),
(452, '18', 'Z66781-101', '2017-02-08', NULL, NULL),
(453, '13', 'Z66060-111-CKP', '2017-02-08', NULL, NULL),
(455, '13', 'Z70549-101', '2017-02-08', NULL, NULL),
(456, '13', 'Z70569-101', '2017-02-08', NULL, NULL),
(457, '19', 'Z60400-101', '2017-02-08', NULL, NULL),
(458, '13', 'Z70544-101', '2017-02-08', NULL, NULL),
(459, '13', 'Z70486-101', '2017-02-08', NULL, NULL),
(460, '18', 'Z64970-101', '2017-02-08', NULL, NULL),
(461, '12', 'Z66255-103-CKP', '2017-02-08', NULL, NULL),
(462, '12', 'Z66035-101-CKP', '2017-02-08', NULL, NULL),
(463, '13', 'Z70554-101', '2017-02-08', NULL, NULL),
(464, '19', 'Z68822-101', '2017-02-08', NULL, NULL),
(465, '13', 'Z70825-101-CKP', '2017-02-08', NULL, NULL),
(466, '13', 'Z70564-101', '2017-02-08', NULL, NULL),
(467, '15', 'Z70240-101', '2017-02-08', NULL, NULL),
(468, '12', 'Z69747-101-CKP', '2017-02-08', NULL, NULL),
(469, '18', 'Z23961-101', '2017-02-08', NULL, NULL),
(470, '12', 'Z66770-101-CKP', '2017-02-08', NULL, NULL),
(471, '12', 'Z66035-111-CKP', '2017-02-08', NULL, NULL),
(472, '12', 'Z66035-103-CKP', '2017-02-08', NULL, NULL),
(473, '12', 'Z70173-101-CKP', '2017-02-08', NULL, NULL),
(474, '12', 'Z66060-107-CKP', '2017-02-08', NULL, NULL),
(475, '18', 'Z13632-101', '2017-02-08', NULL, NULL),
(476, '13', 'Z70236-101-CKP', '2017-02-08', NULL, NULL),
(477, '18', 'Z61486-101', '2017-02-08', NULL, NULL),
(478, '12', 'Z66035-107-CKP', '2017-02-08', NULL, NULL),
(479, '3', 'Z68237-10101CKP', '2017-02-08', NULL, NULL),
(480, '8', 'Z63101-106-CKP', '2017-02-08', NULL, NULL),
(481, '3', 'Z70775-101-CKP', '2017-02-08', NULL, NULL),
(482, '7', 'Z67144-101-CKP', '2017-02-08', NULL, NULL),
(483, '11', 'Z62349-106-CKP', '2017-02-08', NULL, NULL),
(484, '3', 'Z70039-101-CKP', '2017-02-08', NULL, NULL),
(485, '11', 'Z62348-106-CKP', '2017-02-08', NULL, NULL),
(486, '15', 'Z63053-106', '2017-02-08', NULL, NULL),
(487, '15', 'Z64579-103', '2017-02-08', NULL, NULL),
(489, '15', 'Z31876-113', '2017-02-08', NULL, NULL),
(490, '3', 'Z68238-102-CKP', '2017-02-08', NULL, NULL),
(491, '3', 'Z70037-101-CKP', '2017-02-08', NULL, NULL),
(492, '3', 'Z70040-102-CKP', '2017-02-08', NULL, NULL),
(493, '3', 'Z68231-101-CKP', '2017-02-08', NULL, NULL),
(494, '3', 'Z70038-10201CKP', '2017-02-08', NULL, NULL),
(495, '2', 'Z30674-113-CKP', '2017-02-08', NULL, NULL),
(496, '15', 'Z65579-101', '2017-02-08', NULL, NULL),
(497, '3', 'Z70037-10101CKP', '2017-02-08', NULL, NULL),
(498, '3', 'Z68232-10201CKP', '2017-02-08', NULL, NULL),
(499, '3', 'Z68232-102-CKP', '2017-02-08', NULL, NULL),
(500, '11', 'Z62348-105-CKP', '2017-02-08', NULL, NULL),
(501, '3', 'Z68242-10201CKP', '2017-02-08', NULL, NULL),
(502, '3', 'Z68241-10101CKP', '2017-02-08', NULL, NULL),
(503, '3', 'Z68236-102-CKP', '2017-02-08', NULL, NULL),
(504, '3', 'Z68236-10201CKP', '2017-02-08', NULL, NULL),
(505, '7', 'Z67143-101-CKP', '2017-02-08', NULL, NULL),
(506, '19', 'Z30615-103', '2017-02-08', NULL, NULL),
(507, '3', 'Z70776-102-CKP', '2017-02-08', NULL, NULL),
(508, '3', 'Z68237-101-CKP', '2017-02-08', NULL, NULL),
(509, '8', 'Z63101-106P', '2017-02-08', NULL, NULL),
(510, '11', 'Z62349-105-CKP', '2017-02-08', NULL, NULL),
(511, '3', 'Z68235-10101CKP', '2017-02-08', NULL, NULL),
(512, '15', 'Z62969-105', '2017-02-08', NULL, NULL),
(513, '15', 'Z62676-101', '2017-02-08', NULL, NULL),
(514, '15', 'Z60294-101', '2017-02-08', NULL, NULL),
(515, '8', 'Z63101-105P', '2017-02-08', NULL, NULL),
(516, '3', 'Z68234-102-CKP', '2017-02-08', NULL, NULL),
(517, '15', 'Z60157-103', '2017-02-08', NULL, NULL),
(518, '2', 'Z30674-115-CKP', '2017-02-08', NULL, NULL),
(519, '3', 'Z68231-10101CKP', '2017-02-08', NULL, NULL),
(520, '13', 'Z60294-103', '2017-02-08', NULL, NULL),
(521, '18', 'Z22253-101', '2017-02-08', NULL, NULL),
(522, '8', 'Z63101-105-CKP', '2017-02-08', NULL, NULL),
(523, '8', 'Z66162-202-CKP', '2017-02-08', NULL, NULL),
(524, '2', 'Z30674-111-CKP', '2017-02-08', NULL, NULL),
(525, '17', 'Z62701-103', '2017-02-08', NULL, NULL),
(526, '3', 'Z68235-101-CKP', '2017-02-08', NULL, NULL),
(527, '3', 'Z68242-102-CKP', '2017-02-08', NULL, NULL),
(528, '3', 'Z68240-102-CKP', '2017-02-08', NULL, NULL),
(529, '3', 'Z70038-102-CKP', '2017-02-08', NULL, NULL),
(530, '3', 'Z68241-101-CKP', '2017-02-08', NULL, NULL),
(531, '8', 'Z66162-201-CKP', '2017-02-08', NULL, NULL),
(532, '3', 'Z68239-101-CKP', '2017-02-08', NULL, NULL),
(533, '13', 'Z63562-103-CKP', '2017-02-08', NULL, NULL),
(534, '3', 'Z68233-101-CKP', '2017-02-08', NULL, NULL),
(536, '19', 'Z62675-101', '2017-02-08', NULL, NULL),
(537, '3', 'Z68238-10201CKP', '2017-02-08', NULL, NULL),
(538, '8', 'Z66162-201-CKP', '2017-02-08', NULL, NULL),
(539, '8', 'Z66165-402-CKP', '2017-02-08', NULL, NULL),
(540, '19', 'Z19988-101', '2017-02-08', NULL, NULL),
(541, '8', 'Z66164-401-CKP', '2017-02-08', NULL, NULL),
(542, '8', 'Z66163-302-CKP', '2017-02-08', NULL, NULL),
(543, '4', 'Z68944-102-CKP', '2017-02-08', NULL, NULL),
(544, '8', 'Z66161-102-CKP', '2017-02-08', NULL, NULL),
(545, '8', 'Z66162-202-CKP', '2017-02-08', NULL, NULL),
(546, '8', 'Z66164-402-CKP', '2017-02-08', NULL, NULL),
(547, '8', 'Z66163-301-CKP', '2017-02-08', NULL, NULL),
(548, '8', 'Z66161-101-CKP', '2017-02-08', NULL, NULL),
(549, '8', 'Z65324-402-CKP', '2017-02-08', NULL, NULL),
(550, '8', 'Z63101-106-CKP', '2017-02-08', NULL, NULL),
(551, '4', 'Z68943-101-CKP', '2017-02-08', NULL, NULL),
(552, '6', 'Z31910-131-CKP', '2017-02-08', NULL, NULL),
(553, '8', 'Z65322-201-CKP', '2017-02-08', NULL, NULL),
(554, '8', 'Z63101-105-CKP', '2017-02-08', NULL, NULL),
(555, '8', 'Z65324-401-CKP', '2017-02-08', NULL, NULL),
(556, '6', 'Z31910-129-CKP', '2017-02-08', NULL, NULL),
(557, '8', 'Z65322-202-CKP', '2017-02-08', NULL, NULL),
(558, '8', 'Z66165-401-CKP', '2017-02-08', NULL, NULL),
(559, '13', 'Z63757-101', '2017-02-08', NULL, NULL),
(560, '15', 'Z69322-101', '2017-02-08', NULL, NULL),
(561, '5', 'Z65590-101', '2017-02-08', NULL, NULL),
(562, '8', 'Z65590-101P', '2017-02-08', NULL, NULL),
(563, '18', 'Z67637-103', '2017-02-08', NULL, NULL),
(564, '15', 'Z69693-101', '2017-02-08', NULL, NULL),
(565, '18', 'Z68976-101', '2017-02-08', NULL, NULL),
(566, '18', 'Z60293-101', '2017-02-08', NULL, NULL),
(567, '16', 'Z63751-101', '2017-02-08', NULL, NULL),
(568, '12', 'Z69547-103-CKP', '2017-02-08', NULL, NULL),
(569, '12', 'Z63740-105', '2017-02-08', NULL, NULL),
(570, '18', 'Z62309-103', '2017-02-08', NULL, NULL),
(571, '18', 'Z67096-101', '2017-02-08', NULL, NULL),
(572, '18', 'Z69675-101', '2017-02-08', NULL, NULL),
(573, '18', 'Z67433-101', '2017-02-08', NULL, NULL),
(574, '12', 'Z69547-101-CKP', '2017-02-08', NULL, NULL),
(575, '13', 'Z70380-101', '2017-02-08', NULL, NULL),
(576, '17', 'Z67118-101', '2017-02-08', NULL, NULL),
(577, '18', 'Z70061-101', '2017-02-08', NULL, NULL),
(578, '15', 'Z67571-101', '2017-02-08', NULL, NULL),
(579, '18', 'Z70063-101', '2017-02-08', NULL, NULL),
(580, '13', 'Z13036-105', '2017-02-08', NULL, NULL),
(582, '12', 'Z66562-101', '2017-02-08', NULL, NULL),
(583, '12', 'Z66035-105-CKP', '2017-02-08', NULL, NULL),
(584, '12', 'Z66498-107-CKP', '2017-02-08', NULL, NULL),
(585, '12', 'Z64223-101-CKP', '2017-02-08', NULL, NULL),
(586, '12', 'Z70122-103-CKP', '2017-02-08', NULL, NULL),
(587, '13', 'Z70825-103-CKP', '2017-02-08', NULL, NULL),
(588, '14', 'Z64223-103-CKP', '2017-02-08', NULL, NULL),
(589, '12', 'Z66559-101', '2017-02-08', NULL, NULL),
(590, '12', 'Z64546-101P', '2017-02-08', NULL, NULL),
(591, '15', 'Z63739-101', '2017-02-08', NULL, NULL),
(592, '18', 'Z66078-101', '2017-02-08', NULL, NULL),
(593, '12', 'Z66035-111-CKP', '2017-02-08', NULL, NULL),
(594, '12', 'Z66035-103-CKP', '2017-02-08', NULL, NULL),
(596, '12', 'Z67224-101P', '2017-02-08', NULL, NULL),
(597, '17', 'Z67349-101', '2017-02-08', NULL, NULL),
(598, '18', 'Z23383-113', '2017-02-08', NULL, NULL),
(599, '13', 'Z66060-111-CKP', '2017-02-08', NULL, NULL),
(600, '12', 'Z64957-101-CKP', '2017-02-08', NULL, NULL),
(601, '12', 'Z69547-101-CKP', '2017-02-08', NULL, NULL),
(602, '17', 'Z63795-101', '2017-02-08', NULL, NULL),
(603, '15', 'Z66145-103', '2017-02-08', NULL, NULL),
(604, '12', 'Z66557-101', '2017-02-08', NULL, NULL),
(605, '12', 'Z66560-101', '2017-02-08', NULL, NULL),
(606, '12', 'Z66146-103', '2017-02-08', NULL, NULL),
(607, '12', 'Z67149-101', '2017-02-08', NULL, NULL),
(608, '17', 'Z66777-101', '2017-02-08', NULL, NULL),
(609, '12', 'Z66147-103', '2017-02-08', NULL, NULL),
(610, '12', 'Z66558-103', '2017-02-08', NULL, NULL),
(611, '12', 'Z66558-101', '2017-02-08', NULL, NULL),
(612, '12', 'Z66402-103-CKP', '2017-02-08', NULL, NULL),
(613, '15', 'Z66219-101', '2017-02-08', NULL, NULL),
(614, '12', 'Z66563-101', '2017-02-08', NULL, NULL),
(615, '13', 'Z25204-109P', '2017-02-08', NULL, NULL),
(616, '12', 'Z66255-103-CKP', '2017-02-08', NULL, NULL),
(617, '12', 'Z66770-101-CKP', '2017-02-08', NULL, NULL),
(618, '12', 'Z66035-101-CKP', '2017-02-08', NULL, NULL),
(619, '12', 'Z66060-107-CKP', '2017-02-08', NULL, NULL),
(620, '12', 'Z66561-101', '2017-02-08', NULL, NULL),
(621, '9', 'Z69038-101P', '2017-02-08', NULL, NULL),
(622, '12', 'Z69547-103-CKP', '2017-02-08', NULL, NULL),
(623, '13', 'Z70825-101-CKP', '2017-02-08', NULL, NULL),
(624, '17', 'Z63726-101', '2017-02-08', NULL, NULL),
(625, '13', 'Z66770-105-CKP', '2017-02-08', NULL, NULL),
(626, '12', 'Z64957-103-CKP', '2017-02-08', NULL, NULL),
(627, '12', 'Z70122-101-CKP', '2017-02-08', NULL, NULL),
(628, '12', 'Z66035-113-CKP', '2017-02-08', NULL, NULL),
(629, '18', 'Z62829-101', '2017-02-08', NULL, NULL),
(630, '19', 'Z69691-101', '2017-02-08', NULL, NULL),
(631, '6', 'Z67245-101P', '2017-02-08', NULL, NULL),
(632, '5', 'Z67245-101', '2017-02-08', NULL, NULL),
(633, '18', 'Z67094-105', '2017-02-08', NULL, NULL),
(634, '11', 'Z70234-102-CKP', '2017-02-08', NULL, NULL),
(635, '18', 'Z68597-101', '2017-02-08', NULL, NULL),
(636, '19', 'Z69215-101', '2017-02-08', NULL, NULL),
(637, '19', 'Z69028-102', '2017-02-08', NULL, NULL),
(638, '18', 'Z23383-113', '2017-02-08', NULL, NULL),
(639, '18', 'Z67094-101', '2017-02-08', NULL, NULL),
(640, '18', 'Z67445-101', '2017-02-08', NULL, NULL),
(641, '19', 'Z69027-101', '2017-02-08', NULL, NULL),
(642, '19', 'Z69028-101', '2017-02-08', NULL, NULL),
(643, '11', 'Z70233-101-CKP', '2017-02-08', NULL, NULL),
(644, '19', 'Z69025-101', '2017-02-08', NULL, NULL),
(645, '19', 'Z69223-102', '2017-02-08', NULL, NULL),
(646, '19', 'Z68256-101', '2017-02-08', NULL, NULL),
(647, '19', 'Z69024-101', '2017-02-08', NULL, NULL),
(648, '19', 'Z68261-101', '2017-02-08', NULL, NULL),
(649, '19', 'Z68260-101', '2017-02-08', NULL, NULL),
(650, '19', 'Z69487-101', '2017-02-08', NULL, NULL),
(651, '19', 'Z68258-101', '2017-02-08', NULL, NULL),
(652, '18', 'Z67094-103', '2017-02-08', NULL, NULL),
(653, '18', 'Z67445-103', '2017-02-08', NULL, NULL),
(654, '18', 'Z66078-101', '2017-02-08', NULL, NULL),
(655, '19', 'Z68259-101', '2017-02-08', NULL, NULL),
(656, '12', 'Z70503-101P', '2017-02-08', NULL, NULL),
(657, '13', 'Z70506-101P', '2017-02-08', NULL, NULL),
(658, '12', 'Z70516-101P', '2017-02-08', NULL, NULL),
(659, '12', 'Z70610-101P', '2017-02-08', NULL, NULL),
(660, '17', 'Z67115-101', '2017-02-08', NULL, NULL),
(661, '3', 'Z68236-10201CKP', '2017-02-08', NULL, NULL),
(662, '3', 'Z70038-102-CKP', '2017-02-08', NULL, NULL),
(663, '3', 'Z68241-10101CKP', '2017-02-08', NULL, NULL),
(664, '3', 'Z68242-10201CKP', '2017-02-08', NULL, NULL),
(665, '3', 'Z68237-10101CKP', '2017-02-08', NULL, NULL),
(666, '9', 'Z67317-102-CKP', '2017-02-08', NULL, NULL),
(667, '3', 'Z68238-10201CKP', '2017-02-08', NULL, NULL),
(668, '9', 'Z66848-101-CKP', '2017-02-08', NULL, NULL),
(669, '11', 'Z70234-102-CKP', '2017-02-08', NULL, NULL),
(670, '3', 'Z68239-101-CKP', '2017-02-08', NULL, NULL),
(671, '3', 'Z68231-10101CKP', '2017-02-08', NULL, NULL),
(672, '3', 'Z70037-10101CKP', '2017-02-08', NULL, NULL),
(673, '3', 'Z68240-102-CKP', '2017-02-08', NULL, NULL),
(674, '3', 'Z70776-102-CKP', '2017-02-08', NULL, NULL),
(675, '11', 'Z70233-101-CKP', '2017-02-08', NULL, NULL),
(676, '3', 'Z68232-10201CKP', '2017-02-08', NULL, NULL),
(677, '9', 'Z67446-102-CKP', '2017-02-08', NULL, NULL),
(678, '3', 'Z68233-101-CKP', '2017-02-08', NULL, NULL),
(679, '9', 'Z67155-101-CKP', '2017-02-08', NULL, NULL),
(680, '9', 'Z67447-102-CKP', '2017-02-08', NULL, NULL),
(681, '3', 'Z68235-10101CKP', '2017-02-08', NULL, NULL),
(682, '3', 'Z70037-101-CKP', '2017-02-08', NULL, NULL),
(683, '9', 'Z67326-102-CKP', '2017-02-08', NULL, NULL),
(684, '3', 'Z68232-102-CKP', '2017-02-08', NULL, NULL),
(685, '3', 'Z68242-102-CKP', '2017-02-08', NULL, NULL),
(686, '3', 'Z68236-102-CKP', '2017-02-08', NULL, NULL),
(687, '3', 'Z70775-101-CKP', '2017-02-08', NULL, NULL),
(688, '13', 'Z70236-101-CKP', '2017-02-08', NULL, NULL),
(689, '13', 'Z70825-101-CKP', '2017-02-08', NULL, NULL),
(690, '9', 'Z67159-101-CKP', '2017-02-08', NULL, NULL),
(691, '12', 'Z70830-103-CKP', '2017-02-08', NULL, NULL),
(692, '12', 'Z70173-103-CKP', '2017-02-08', NULL, NULL),
(693, '3', 'Z70039-101-CKP', '2017-02-08', NULL, NULL),
(694, '9', 'Z67156-101-CKP', '2017-02-08', NULL, NULL),
(695, '9', 'Z67449-102-CKP', '2017-02-08', NULL, NULL),
(696, '9', 'Z67157-101-CKP', '2017-02-08', NULL, NULL),
(697, '4', 'Z68946-102-CKP', '2017-02-08', NULL, NULL),
(698, '17', 'Z67115-102', '2017-02-08', NULL, NULL),
(699, '12', 'Z70830-101-CKP', '2017-02-08', NULL, NULL),
(700, '3', 'Z68241-101-CKP', '2017-02-08', NULL, NULL),
(701, '3', 'Z68235-101-CKP', '2017-02-08', NULL, NULL),
(702, '3', 'Z68231-101-CKP', '2017-02-08', NULL, NULL),
(703, '3', 'Z70038-10201CKP', '2017-02-08', NULL, NULL),
(704, '12', 'Z70173-101-CKP', '2017-02-08', NULL, NULL),
(705, '12', 'Z70122-103-CKP', '2017-02-08', NULL, NULL),
(706, '9', 'Z67448-102-CKP', '2017-02-08', NULL, NULL),
(707, '3', 'Z70040-102-CKP', '2017-02-08', NULL, NULL),
(708, '9', 'Z67158-101-CKP', '2017-02-08', NULL, NULL),
(709, '4', 'Z68945-101-CKP', '2017-02-08', NULL, NULL),
(710, '13', 'Z70825-103-CKP', '2017-02-08', NULL, NULL),
(711, '3', 'Z68238-102-CKP', '2017-02-08', NULL, NULL),
(712, '3', 'Z68234-102-CKP', '2017-02-08', NULL, NULL),
(713, '3', 'Z68237-101-CKP', '2017-02-08', NULL, NULL),
(714, '12', 'Z70122-101-CKP', '2017-02-08', NULL, NULL),
(715, '3', 'Z70038-102-CKP', '2017-02-08', NULL, NULL),
(716, '3', 'Z70775-101-CKP', '2017-02-08', NULL, NULL),
(717, '17', 'Z67110-102', '2017-02-08', NULL, NULL),
(718, '3', 'Z68231-10101CKP', '2017-02-08', NULL, NULL),
(719, '9', 'Z67155-101-CKP', '2017-02-08', NULL, NULL),
(720, '3', 'Z68241-10101CKP', '2017-02-08', NULL, NULL),
(721, '9', 'Z67317-102-CKP', '2017-02-08', NULL, NULL),
(722, '9', 'Z66848-101-CKP', '2017-02-08', NULL, NULL),
(723, '9', 'Z67326-102-CKP', '2017-02-08', NULL, NULL),
(724, '9', 'Z67156-101-CKP', '2017-02-08', NULL, NULL),
(725, '3', 'Z68231-101-CKP', '2017-02-08', NULL, NULL),
(726, '3', 'Z68242-10201CKP', '2017-02-08', NULL, NULL),
(727, '3', 'Z68242-102-CKP', '2017-02-08', NULL, NULL),
(728, '3', 'Z68236-102-CKP', '2017-02-08', NULL, NULL),
(729, '3', 'Z68232-102-CKP', '2017-02-08', NULL, NULL),
(730, '17', 'Z67110-101', '2017-02-08', NULL, NULL),
(731, '3', 'Z68237-101-CKP', '2017-02-08', NULL, NULL),
(732, '3', 'Z70776-102-CKP', '2017-02-08', NULL, NULL),
(733, '9', 'Z67447-102-CKP', '2017-02-08', NULL, NULL),
(734, '3', 'Z70039-101-CKP', '2017-02-08', NULL, NULL),
(735, '3', 'Z70040-102-CKP', '2017-02-08', NULL, NULL),
(736, '9', 'Z67446-102-CKP', '2017-02-08', NULL, NULL),
(737, '3', 'Z68239-101-CKP', '2017-02-08', NULL, NULL),
(738, '17', 'Z67105-101', '2017-02-08', NULL, NULL),
(739, '3', 'Z68238-102-CKP', '2017-02-08', NULL, NULL),
(740, '3', 'Z70038-10201CKP', '2017-02-08', NULL, NULL),
(741, '17', 'Z67105-102', '2017-02-08', NULL, NULL),
(742, '3', 'Z70037-101-CKP', '2017-02-08', NULL, NULL),
(743, '3', 'Z68235-101-CKP', '2017-02-08', NULL, NULL),
(744, '3', 'Z68236-10201CKP', '2017-02-08', NULL, NULL),
(745, '9', 'Z67449-102-CKP', '2017-02-08', NULL, NULL),
(746, '3', 'Z68237-10101CKP', '2017-02-08', NULL, NULL),
(747, '3', 'Z70037-10101CKP', '2017-02-08', NULL, NULL),
(748, '3', 'Z68240-102-CKP', '2017-02-08', NULL, NULL),
(749, '9', 'Z67448-102-CKP', '2017-02-08', NULL, NULL),
(750, '9', 'Z67158-101-CKP', '2017-02-08', NULL, NULL),
(751, '3', 'Z68241-101-CKP', '2017-02-08', NULL, NULL),
(752, '3', 'Z68234-102-CKP', '2017-02-08', NULL, NULL),
(753, '9', 'Z67159-101-CKP', '2017-02-08', NULL, NULL),
(754, '3', 'Z68233-101-CKP', '2017-02-08', NULL, NULL),
(755, '3', 'Z68238-10201CKP', '2017-02-08', NULL, NULL),
(756, '9', 'Z67157-101-CKP', '2017-02-08', NULL, NULL),
(757, '3', 'Z68232-10201CKP', '2017-02-08', NULL, NULL),
(758, '3', 'Z68235-10101CKP', '2017-02-08', NULL, NULL),
(759, '15', 'Z68175-101', '2017-02-08', NULL, NULL),
(760, '18', 'Z70061-101', '2017-02-08', NULL, NULL),
(761, '18', 'Z67734-101', '2017-02-08', NULL, NULL),
(762, '18', 'Z67054-103', '2017-02-08', NULL, NULL),
(763, '18', 'Z69882-101', '2017-02-08', NULL, NULL),
(764, '17', 'Z66768-101', '2017-02-08', NULL, NULL),
(765, '18', 'Z67007-101', '2017-02-08', NULL, NULL),
(766, '18', 'Z67732-103', '2017-02-08', NULL, NULL),
(767, '18', 'Z67738-101', '2017-02-08', NULL, NULL),
(768, '18', 'Z67054-101', '2017-02-08', NULL, NULL),
(769, '18', 'Z66452-101', '2017-02-08', NULL, NULL),
(770, '18', 'Z67016-101', '2017-02-08', NULL, NULL),
(771, '18', 'Z66476-101', '2017-02-08', NULL, NULL),
(772, '18', 'Z67016-103', '2017-02-08', NULL, NULL),
(773, '18', 'Z67732-101', '2017-02-08', NULL, NULL),
(774, '13', 'Z67016-105', '2017-02-08', NULL, NULL),
(775, '18', 'Z67738-101', '2017-02-08', NULL, NULL),
(776, '13', 'Z67016-105', '2017-02-08', NULL, NULL),
(777, '18', 'Z67016-103', '2017-02-08', NULL, NULL),
(778, '18', 'Z67734-101', '2017-02-08', NULL, NULL),
(779, '18', 'Z66766-101', '2017-02-08', NULL, NULL),
(780, '18', 'Z67016-101', '2017-02-08', NULL, NULL),
(781, '15', 'Z68175-101', '2017-02-08', NULL, NULL),
(782, '18', 'Z67732-101', '2017-02-08', NULL, NULL),
(783, '18', 'Z67732-103', '2017-02-08', NULL, NULL),
(784, '18', 'Z67007-101', '2017-02-08', NULL, NULL),
(785, '18', 'Z68198-105', '2017-02-08', NULL, NULL),
(786, '18', 'Z68198-107', '2017-02-08', NULL, NULL),
(787, '18', 'Z66998-103', '2017-02-08', NULL, NULL),
(788, '18', 'Z67734-101', '2017-02-08', NULL, NULL),
(789, '18', 'Z68172-101', '2017-02-08', NULL, NULL),
(790, '18', 'Z68198-109', '2017-02-08', NULL, NULL),
(791, '18', 'Z68198-103', '2017-02-08', NULL, NULL),
(792, '18', 'Z66998-101', '2017-02-08', NULL, NULL),
(793, '18', 'Z70069-101', '2017-02-08', NULL, NULL),
(794, '18', 'Z68198-101', '2017-02-08', NULL, NULL),
(795, '18', 'Z67005-103', '2017-02-08', NULL, NULL),
(796, '18', 'Z68144-101', '2017-02-08', NULL, NULL),
(797, '18', 'Z66541-101', '2017-02-08', NULL, NULL),
(798, '15', 'Z68135-101P', '2017-02-08', NULL, NULL),
(799, '18', 'Z66723-101', '2017-02-08', NULL, NULL),
(800, '18', 'Z67005-101', '2017-02-08', NULL, NULL),
(801, '18', 'Z70063-101', '2017-02-08', NULL, NULL),
(802, '18', 'Z68252-103', '2017-02-08', NULL, NULL),
(803, '15', 'Z68135-101', '2017-02-08', NULL, NULL),
(804, '18', 'Z67133-101', '2017-02-08', NULL, NULL),
(805, '18', 'Z68252-101', '2017-02-08', NULL, NULL),
(806, '4', 'Z68944-102-CKP', '2017-02-08', NULL, NULL),
(807, '4', 'Z68942-102-CKP', '2017-02-08', NULL, NULL),
(808, '11', 'Z70233-101-CKP', '2017-02-08', NULL, NULL),
(809, '13', 'Z70280-101P', '2017-02-08', NULL, NULL),
(810, '13', 'Z70267-101-CKP', '2017-02-08', NULL, NULL),
(811, '11', 'Z70234-102-CKP', '2017-02-08', NULL, NULL),
(812, '4', 'Z68945-101-CKP', '2017-02-08', NULL, NULL),
(813, '4', 'Z68943-101-CKP', '2017-02-08', NULL, NULL),
(814, '4', 'Z68941-101-CKP', '2017-02-08', NULL, NULL),
(815, '13', 'Z70280-102P', '2017-02-08', NULL, NULL),
(816, '4', 'Z68946-102-CKP', '2017-02-08', NULL, NULL),
(817, '18', 'Z70090-101', '2017-02-08', NULL, NULL),
(818, '12', 'Z70299-101-CKP', '2017-02-08', NULL, NULL),
(819, '13', 'Z70430-101-CKP', '2017-02-08', NULL, NULL),
(820, '12', 'Z70173-101-CKP', '2017-02-08', NULL, NULL),
(821, '12', 'Z70173-103-CKP', '2017-02-08', NULL, NULL),
(822, '13', 'Z70236-101-CKP', '2017-02-08', NULL, NULL),
(823, '12', 'Z70830-103-CKP', '2017-02-08', NULL, NULL),
(824, '12', 'Z68889-101P', '2017-02-08', NULL, NULL),
(825, '12', 'Z66035-107-CKP', '2017-02-08', NULL, NULL),
(826, '12', 'Z70691-101-CKP', '2017-02-08', NULL, NULL),
(827, '13', 'Z70299-103-CKP', '2017-02-08', NULL, NULL),
(828, '12', 'Z70830-101-CKP', '2017-02-08', NULL, NULL),
(829, '12', 'Z69747-101-CKP', '2017-02-08', NULL, NULL),
(830, '12', 'Z66035-109-CKP', '2017-02-08', NULL, NULL),
(831, '18', 'Z64789-101', '2017-02-08', NULL, NULL),
(832, '18', 'Z64725-101', '2017-02-08', NULL, NULL),
(833, '18', 'Z60994-101', '2017-02-08', NULL, NULL),
(834, '18', 'Z64755-101', '2017-02-08', NULL, NULL),
(835, '12', 'Z70691-101-CKP', '2017-02-08', NULL, NULL),
(836, '12', 'Z70299-101-CKP', '2017-02-08', NULL, NULL),
(837, '12', 'Z69747-101-CKP', '2017-02-08', NULL, NULL),
(838, '13', 'Z70430-101-CKP', '2017-02-08', NULL, NULL),
(839, '12', 'Z70173-101-CKP', '2017-02-08', NULL, NULL),
(840, '13', 'Z70236-101-CKP', '2017-02-08', NULL, NULL),
(841, '12', 'Z70173-103-CKP', '2017-02-08', NULL, NULL),
(842, '13', 'Z70299-103-CKP', '2017-02-08', NULL, NULL),
(843, '23', 'z11111', '2017-09-05', NULL, NULL),
(844, '23', 'Z13618-101', '2017-09-05', NULL, NULL),
(845, '24', 'z11111', '2017-09-22', NULL, NULL),
(846, '24', 'Z13476-113', '2017-09-22', NULL, NULL);

-- --------------------------------------------------------

--
-- Table structure for table `records`
--

CREATE TABLE IF NOT EXISTS `records` (
  `id` int(11) NOT NULL,
  `roll_id` int(11) NOT NULL,
  `timestamp` timestamp NOT NULL DEFAULT CURRENT_TIMESTAMP ON UPDATE CURRENT_TIMESTAMP,
  `user_id` int(11) NOT NULL,
  `reason_id` int(11) DEFAULT NULL,
  `old_location_id` int(11) NOT NULL,
  `old_slot` varchar(5) DEFAULT NULL,
  `new_location_id` int(11) NOT NULL,
  `new_slot` varchar(5) DEFAULT NULL,
  `created_at` timestamp NOT NULL DEFAULT '0000-00-00 00:00:00',
  `deleted_at` timestamp NULL DEFAULT NULL,
  `updated_at` timestamp NULL DEFAULT NULL
) ENGINE=MyISAM DEFAULT CHARSET=latin1;

-- --------------------------------------------------------

--
-- Table structure for table `record_reasons`
--

CREATE TABLE IF NOT EXISTS `record_reasons` (
  `id` int(11) NOT NULL,
  `description` varchar(200) NOT NULL,
  `created_at` timestamp NOT NULL DEFAULT CURRENT_TIMESTAMP ON UPDATE CURRENT_TIMESTAMP,
  `deleted_at` timestamp NULL DEFAULT NULL,
  `updated_at` timestamp NULL DEFAULT NULL
) ENGINE=MyISAM AUTO_INCREMENT=3 DEFAULT CHARSET=latin1;

--
-- Dumping data for table `record_reasons`
--

INSERT INTO `record_reasons` (`id`, `description`, `created_at`, `deleted_at`, `updated_at`) VALUES
(1, 'Agregado', '2017-01-11 03:37:36', NULL, NULL),
(2, 'Movimiento', '2017-01-11 03:37:51', NULL, NULL);

-- --------------------------------------------------------

--
-- Table structure for table `rolls`
--

CREATE TABLE IF NOT EXISTS `rolls` (
  `id` int(11) NOT NULL,
  `lote` varchar(10) NOT NULL,
  `fiber_id` varchar(20) NOT NULL,
  `retail_length` int(5) NOT NULL,
  `guaranteed_length` int(5) NOT NULL,
  `remaining_inches` int(5) NOT NULL,
  `location_id` int(11) NOT NULL,
  `location_slot` varchar(5) DEFAULT NULL,
  `state_id` int(11) NOT NULL,
  `storage_id` int(11) NOT NULL DEFAULT '0',
  `created_at` timestamp NOT NULL DEFAULT CURRENT_TIMESTAMP ON UPDATE CURRENT_TIMESTAMP,
  `deleted_at` timestamp NULL DEFAULT NULL,
  `updated_at` timestamp NULL DEFAULT NULL,
  `finished_at` datetime DEFAULT NULL,
  `finished_by` int(11) NOT NULL DEFAULT '0',
  `Update_by` int(11) NOT NULL,
  `date_lote` datetime NOT NULL
) ENGINE=MyISAM AUTO_INCREMENT=85 DEFAULT CHARSET=latin1;

--
-- Dumping data for table `rolls`
--

INSERT INTO `rolls` (`id`, `lote`, `fiber_id`, `retail_length`, `guaranteed_length`, `remaining_inches`, `location_id`, `location_slot`, `state_id`, `storage_id`, `created_at`, `deleted_at`, `updated_at`, `finished_at`, `finished_by`, `Update_by`, `date_lote`) VALUES
(1, 'fallout', 'fallout', 100000, 100000, 96381, 0, '0', 3, 1, '2017-11-29 18:51:48', NULL, '2017-11-29 18:51:48', NULL, 0, 0, '0000-00-00 00:00:00'),
(20, '111111', 'ZM11469-1', 200, 200, 50, 0, '0', 5, 0, '2017-09-21 21:10:25', NULL, '2017-09-21 21:10:25', '2017-09-21 15:10:25', 8, 8, '0000-00-00 00:00:00'),
(21, '33333 31', 'ZM11095', 300, 13, 120, 0, '0', 5, 0, '2017-08-23 18:01:52', NULL, '2017-08-23 18:01:52', '2017-08-23 12:01:52', 13, 0, '0000-00-00 00:00:00'),
(22, '44444', 'ZM11095', 400, 400, 400, 0, '0', 4, 0, '2017-10-23 14:28:54', NULL, '2017-10-23 14:28:54', '2017-10-23 08:28:54', 8, 8, '0000-00-00 00:00:00'),
(23, '32123', 'ZM11095', 7452, 207, 7452, 0, '', 4, 1, '2017-08-22 20:56:31', NULL, '2017-08-22 20:56:31', NULL, 0, 0, '0000-00-00 00:00:00'),
(24, '5555', 'ZM11095', 350, 350, 350, 0, '0', 4, 0, '2017-08-23 19:11:04', NULL, '2017-08-23 19:11:04', NULL, 0, 0, '0000-00-00 00:00:00'),
(25, '66666', 'ZM12040', 300, 300, 300, 2, '30', 3, 0, '2017-09-01 20:25:09', NULL, '2017-09-01 20:25:09', NULL, 0, 0, '0000-00-00 00:00:00'),
(26, '232424', 'ZM11469-1', 300, 300, -63, 0, '0', 5, 0, '2017-09-21 21:12:23', NULL, '2017-09-21 21:12:23', '2017-09-21 15:12:23', 8, 8, '0000-00-00 00:00:00'),
(27, '1313', 'ZM11469-1', 400, 400, -29, 0, '0', 5, 0, '2017-08-22 20:38:25', NULL, '2017-08-22 20:38:25', '2017-08-22 14:38:25', 13, 0, '0000-00-00 00:00:00'),
(28, '455343', 'ZM11469-1', 200, 259200, 200, 3, '45', 3, 0, '2017-02-21 23:09:33', NULL, '2017-02-21 23:09:33', NULL, 0, 0, '0000-00-00 00:00:00'),
(29, '534352423', 'ZM11469-1', 100000, 72, 72, 0, '0', 5, 0, '2017-09-12 20:06:10', NULL, '2017-09-12 20:06:10', '2017-09-12 14:06:10', 13, 0, '0000-00-00 00:00:00'),
(30, 'nuevo11', 'ZM11469-1', 2000, 20000, 19032, 0, '0', 5, 0, '2017-09-21 21:11:56', NULL, '2017-09-21 21:11:56', '2017-09-21 15:11:56', 8, 8, '0000-00-00 00:00:00'),
(34, 'n03', 'ZM11469-1', 200, 7200, 7200, 3, '38', 2, 0, '2017-02-21 14:53:23', NULL, NULL, NULL, 0, 0, '0000-00-00 00:00:00'),
(35, 'www222', 'ZM11469-1-T', 200, 252, 7200, 2, '31', 3, 0, '2017-09-01 20:25:38', NULL, '2017-09-01 20:25:38', NULL, 0, 0, '0000-00-00 00:00:00'),
(36, '27 FEB', 'ZM11479', 200, 7, 7162, 0, '0', 5, 0, '2017-09-21 21:11:39', NULL, '2017-09-21 21:11:39', '2017-09-21 15:11:39', 8, 8, '0000-00-00 00:00:00'),
(37, 'prueba 1-1', 'ZM12276', 200, 7200, 7200, 0, '0', 5, 0, '2017-09-15 17:11:39', NULL, '2017-09-15 17:11:39', '2017-09-15 11:11:39', 13, 0, '0000-00-00 00:00:00'),
(38, '222dos', 'ZM11095', 100, 3600, 3600, 0, '0', 5, 0, '2017-08-03 00:10:10', NULL, '2017-08-03 00:10:10', '2017-08-02 18:10:10', 13, 0, '0000-00-00 00:00:00'),
(39, '4654654', 'ZM11673', 200, 7200, -474911, 0, '0', 5, 0, '2017-09-05 17:31:21', NULL, '2017-09-05 17:31:21', '2017-09-05 11:31:21', 13, 0, '0000-00-00 00:00:00'),
(40, 'rr33', 'ZM11673', 500, 18000, 18000, 0, '0', 4, 0, '2017-08-23 19:10:39', NULL, '2017-08-23 19:10:39', NULL, 0, 0, '0000-00-00 00:00:00'),
(41, 'slkjslkj', 'ZM12040', 300, 10800, 10440, 0, '0', 4, 0, '2017-09-05 17:54:02', NULL, '2017-09-05 17:54:02', NULL, 0, 0, '0000-00-00 00:00:00'),
(42, 'r12040', 'ZM12040', 500, 18000, 17870, 3, '40', 3, 0, '2017-05-17 03:59:10', NULL, '2017-05-17 03:59:10', NULL, 0, 0, '0000-00-00 00:00:00'),
(43, 'Pruebay', 'ZM11095', 500, 500, 17640, 0, '0', 5, 0, '2017-09-12 19:21:42', NULL, '2017-09-12 19:21:42', '2017-09-12 13:21:42', 13, 0, '0000-00-00 00:00:00'),
(44, 'PruebaZ', 'ZM11469-1', 500, 18000, 18000, 2, '23', 3, 0, '2017-05-18 19:27:37', NULL, '2017-05-18 19:27:37', NULL, 0, 0, '0000-00-00 00:00:00'),
(45, '31mayo', 'prueba 22', 500, 18000, 16200, 5, '80', 3, 0, '2017-06-01 00:03:44', NULL, '2017-06-01 00:03:44', NULL, 0, 0, '0000-00-00 00:00:00'),
(46, '65465465', 'ZM11849-5', 10000, 360000, 359498, 3, '41', 3, 0, '2017-06-04 02:46:53', NULL, '2017-06-04 02:46:53', NULL, 0, 0, '0000-00-00 00:00:00'),
(47, 'tttt', 'ZM11479', 500, 18000, 17449, 3, '42', 3, 0, '2017-06-23 23:18:59', NULL, '2017-06-23 23:18:59', NULL, 0, 0, '0000-00-00 00:00:00'),
(48, 'l4', 'ZM11479', 500, 18000, 17086, 4, '55', 3, 0, '2017-08-06 18:58:01', NULL, '2017-08-06 18:58:01', NULL, 0, 0, '0000-00-00 00:00:00'),
(49, 'l42', 'ZM11480', 500, 18000, 18000, 0, '0', 5, 0, '2017-08-14 20:41:32', NULL, '2017-08-14 20:41:32', '2017-08-14 14:41:32', 13, 0, '0000-00-00 00:00:00'),
(50, '1234567', 'ZM11095', 500, 18000, 18000, 0, '0', 4, 0, '2017-09-21 21:14:12', NULL, '2017-09-21 21:14:12', '2017-09-21 15:14:12', 8, 8, '0000-00-00 00:00:00'),
(51, '55555', 'prueba 22', 55, 1980, 1980, 3, '43', 3, 0, '2017-08-02 22:52:16', NULL, NULL, NULL, 0, 0, '0000-00-00 00:00:00'),
(52, '444', 'ZM11095', 44, 1584, 1584, 3, '44', 3, 0, '2017-08-02 23:02:30', NULL, NULL, NULL, 0, 0, '0000-00-00 00:00:00'),
(53, '6666', 'ZM11469-1', 66, 2376, 2376, 3, '46', 3, 0, '2017-08-02 23:03:31', NULL, NULL, NULL, 0, 0, '0000-00-00 00:00:00'),
(54, '7777', 'ZM11469-1-T', 77, 2772, 2772, 3, '47', 3, 0, '2017-08-02 23:39:13', NULL, NULL, NULL, 0, 0, '0000-00-00 00:00:00'),
(55, '88888', 'ZM11479', 88, 3168, 3168, 0, '0', 4, 0, '2017-09-05 17:59:58', NULL, '2017-09-05 17:59:58', NULL, 0, 0, '0000-00-00 00:00:00'),
(56, '222', 'ZM11481', 22, 792, 792, 2, '22', 3, 0, '2017-08-02 23:46:59', NULL, NULL, NULL, 0, 0, '0000-00-00 00:00:00'),
(57, '3221236', 'ZM11480', 10000, 360, 45, 2, '24', 3, 0, '2017-10-24 18:06:22', NULL, '2017-10-24 18:06:22', NULL, 0, 8, '0000-00-00 00:00:00'),
(58, '45', 'ZM11481', 45, 1620, 1620, 2, '25', 3, 0, '2017-08-03 00:00:52', NULL, NULL, NULL, 0, 0, '0000-00-00 00:00:00'),
(59, 'nuevahoy', 'ZM11481', 500, 18000, 18000, 4, '56', 3, 0, '2017-08-14 20:42:22', NULL, NULL, NULL, 0, 0, '0000-00-00 00:00:00'),
(60, '14ago2', 'ZM11624-T', 500, 18000, 18000, 4, '57', 3, 0, '2017-08-14 21:13:43', NULL, NULL, NULL, 0, 0, '0000-00-00 00:00:00'),
(61, '14ago3', 'ZM11626-1', 400, 14400, 14400, 4, '58', 3, 0, '2017-08-14 21:27:58', NULL, NULL, NULL, 0, 0, '0000-00-00 00:00:00'),
(62, '14ago4', 'ZM11849-5', 300, 10800, 10800, 4, '59', 3, 0, '2017-08-14 21:34:18', NULL, NULL, NULL, 0, 0, '0000-00-00 00:00:00'),
(65, '14', 'ZM11095', 14, 504, 504, 0, '0', 1, 0, '2017-09-05 17:35:58', NULL, '2017-09-05 17:35:58', NULL, 0, 0, '0000-00-00 00:00:00'),
(66, '111', 'ZM11624-T', 11, 396, 396, 2, '26', 3, 0, '2017-09-01 18:13:25', NULL, NULL, NULL, 0, 0, '0000-00-00 00:00:00'),
(67, '60', 'ZM11095', 12, 432, 432, 2, '27', 1, 0, '2017-09-01 18:20:29', NULL, NULL, NULL, 0, 0, '0000-00-00 00:00:00'),
(68, '100', 'prueba 22', 1, 36, 36, 2, '28', 1, 0, '2017-09-01 18:23:44', NULL, NULL, NULL, 0, 0, '0000-00-00 00:00:00'),
(69, '101', 'prueba 22', 1, 36, 36, 2, '29', 1, 0, '2017-09-01 18:24:46', NULL, NULL, NULL, 0, 0, '0000-00-00 00:00:00'),
(72, '1234', 'prueba 22', 11, 396, 396, 0, '0', 4, 0, '2017-09-05 17:55:01', NULL, '2017-09-05 17:55:01', NULL, 0, 0, '0000-00-00 00:00:00'),
(73, '12345', 'prueba 22', 1, 36, 36, 0, '0', 4, 0, '2017-09-01 19:06:51', NULL, '2017-09-01 19:06:51', NULL, 0, 0, '0000-00-00 00:00:00'),
(74, '147', 'prueba 22', 11, 396, 396, 0, '0', 4, 0, '2017-09-21 21:14:37', NULL, '2017-09-21 21:14:37', '2017-09-21 15:14:37', 8, 8, '0000-00-00 00:00:00'),
(75, '148', 'prueba 22', 11, 36, 36, 0, '0', 4, 0, '2017-09-21 21:15:16', NULL, '2017-09-21 21:15:16', '2017-09-21 15:15:16', 8, 8, '0000-00-00 00:00:00'),
(76, '300', 'prueba 22', 122, 4392, 4392, 0, '0', 4, 0, '2017-09-21 21:15:59', NULL, '2017-09-21 21:15:59', '2017-09-21 15:15:59', 8, 8, '0000-00-00 00:00:00'),
(77, '301', 'prueba 22', 11, 396, 396, 0, '0', 4, 0, '2017-09-21 21:05:52', NULL, '2017-09-21 21:05:52', '2017-09-21 15:05:52', 8, 8, '0000-00-00 00:00:00'),
(78, '302', 'prueba 22', 1, 36, 36, 0, '0', 4, 0, '2017-09-21 21:07:21', NULL, '2017-09-21 21:07:21', '2017-09-21 15:07:21', 8, 8, '0000-00-00 00:00:00'),
(79, '303', 'prueba 22', 2, 72, 72, 0, '0', 4, 0, '2017-09-21 21:08:27', NULL, '2017-09-21 21:08:27', '2017-09-21 15:08:27', 8, 8, '2017-09-12 12:58:06'),
(80, '304', 'prueba 22', 2, 72, 72, 4, '60', 3, 0, '2017-09-12 19:44:29', NULL, '2017-09-12 19:44:29', NULL, 0, 8, '2017-09-12 13:18:44'),
(81, '1211', 'prueba 22', 100, 3600, 3600, 0, '0', 4, 0, '2017-09-15 16:02:30', NULL, '2017-09-15 16:02:30', NULL, 0, 8, '2017-09-14 14:25:37'),
(82, '1213', 'ZM11095', 110, 3600, 2160, 0, '0', 5, 0, '2017-09-15 17:06:58', NULL, '2017-09-15 17:06:58', '2017-09-15 11:06:58', 8, 8, '2017-09-14 14:49:51'),
(83, '345', 'ZM11469-1', 300, 10800, 10800, 16, '124', 3, 0, '2017-09-15 15:49:03', NULL, NULL, NULL, 0, 8, '2017-09-15 09:49:03'),
(84, '454432', 'ZM11489-5', 10000, 360000, 360000, 2, '17', 3, 0, '2017-10-17 19:38:36', NULL, NULL, NULL, 0, 8, '0000-00-00 00:00:00');

-- --------------------------------------------------------

--
-- Table structure for table `roll_fibers`
--

CREATE TABLE IF NOT EXISTS `roll_fibers` (
  `id` int(11) NOT NULL,
  `fiber_type` varchar(200) NOT NULL,
  `provider_id` int(11) NOT NULL,
  `text` varchar(50) NOT NULL,
  `format` varchar(20) NOT NULL DEFAULT '',
  `chara` varchar(5) NOT NULL DEFAULT '',
  `created_at` timestamp NOT NULL DEFAULT CURRENT_TIMESTAMP ON UPDATE CURRENT_TIMESTAMP,
  `deleted_at` timestamp NULL DEFAULT NULL,
  `updated_at` timestamp NULL DEFAULT NULL
) ENGINE=MyISAM AUTO_INCREMENT=50 DEFAULT CHARSET=latin1;

--
-- Dumping data for table `roll_fibers`
--

INSERT INTO `roll_fibers` (`id`, `fiber_type`, `provider_id`, `text`, `format`, `chara`, `created_at`, `deleted_at`, `updated_at`) VALUES
(1, 'ZM11095', 4, 'FABRIC', '', '', '2017-02-08 07:00:00', NULL, NULL),
(2, 'ZM11469-1', 1, 'FABRIC-NYLON ELASTOMER COATED', '', '', '2017-02-08 07:00:00', NULL, NULL),
(3, 'ZM11479', 5, 'FABRIC-NYLON, URETHA', '', '', '2017-02-08 07:00:00', NULL, NULL),
(4, 'ZM11480', 9, 'FABRIC-NYLON, URETHANE COAT CO', '', '', '2017-02-08 07:00:00', NULL, NULL),
(5, 'ZM11481', 9, 'FABRIC-NYLON, URETHANE-COATED', '', '', '2017-02-08 07:00:00', NULL, NULL),
(6, 'ZM11624', 9, 'FABRIC-NYLON, URETHANE ELASTOM', '', '', '2017-02-08 07:00:00', NULL, NULL),
(7, 'ZM11626-1', 9, 'FABRIC-NYLON URETHANE ELASTOME', '', '', '2017-02-08 07:00:00', NULL, NULL),
(8, 'ZM11673', 9, 'FABRIC-NYLON, 60 INCHES WIDE', '', '', '2017-02-08 07:00:00', NULL, NULL),
(9, 'ZM11849-5', 9, 'FABRIC-NYLON REFLECTIVE POLYUR', '', '', '2017-02-08 07:00:00', NULL, NULL),
(10, 'ZM12040', 9, 'FABRIC-NYLON, POLYETHER URETHA', '', '', '2017-02-08 07:00:00', NULL, NULL),
(11, 'ZM12088', 5, 'FABRIC, LIGHTWEIGHT (YELLOW)', '', '', '2017-02-08 07:00:00', NULL, NULL),
(12, 'ZM12088-44', 5, 'FABRIC, LIGHTWEIGHT', '', '', '2017-02-08 07:00:00', NULL, NULL),
(13, 'ZM12088-5', 2, 'FABRIC, LIGHTWEIGHT (RED-ORANG', '', '', '2017-02-08 07:00:00', NULL, NULL),
(14, 'ZM12109', 9, 'FABRIC-RIP STOP NYLON, HEAT SE', '', '', '2017-02-08 07:00:00', NULL, NULL),
(15, 'ZM12170', 6, 'FILM, PVC, FLAME RETARDANT, CL', '', '', '2017-02-08 07:00:00', NULL, NULL),
(16, 'ZM12231', 9, 'FABRIC-NYLON, POLYETHER URETHA', '', '', '2017-02-08 07:00:00', NULL, NULL),
(17, 'ZM12276', 9, 'FABRIC-NYLON, REFLECTIVE', '', '', '2017-02-08 07:00:00', NULL, NULL),
(18, 'ZM12292', 9, 'FABRIC - NYLON, SANDY YELLOW', '', '', '2017-02-08 07:00:00', NULL, NULL),
(19, 'ZM12307', 5, 'FABRIC - REFLECTIVE, AIRHOLDIN', '', '', '2017-02-08 07:00:00', NULL, NULL),
(20, 'ZM12319', 7, 'HIGH DENSITY POLYETHYLENE FILM', '', '', '2017-02-08 07:00:00', NULL, NULL),
(21, 'ZM12337', 1, 'BANNER FABRIC FOR SHELTER SIGN', '', '', '2017-02-08 07:00:00', NULL, NULL),
(22, 'ZM12363-11', 8, 'SOLVENT-BASED INK, YELLOW', '', '', '2017-02-08 07:00:00', NULL, NULL),
(23, 'ZM12363-13', 8, 'SOLVENT-BASED INK, MAGENTA', '', '', '2017-02-08 07:00:00', NULL, NULL),
(24, 'ZM12363-15', 8, 'SOLVENT-BASED INK, BLACK', '', '', '2017-02-08 07:00:00', NULL, NULL),
(25, 'ZM12363-9', 8, 'SOLVENT-BASED INK, CYAN', '', '', '2017-02-08 07:00:00', NULL, NULL),
(26, 'ZM12377', 1, 'CLEAR FLEXIBLE VINYL', '', '', '2017-02-08 07:00:00', NULL, NULL),
(27, 'ZM12295', 4, 'FABRIC, CANOPY, NYLON, POLYETH', '', '', '2017-02-08 07:00:00', NULL, NULL),
(28, 'ZM12299', 9, 'FABRIC, SANDY YELLOW, LIGHTWEI', '', '', '2017-02-08 07:00:00', NULL, NULL),
(29, 'ZM11755', 4, 'FABRIC-NYLON POLYURETHANE COAT', '', '', '2017-02-08 07:00:00', NULL, NULL),
(30, 'ZM12271', 1, 'FABRIC - NYLON, YELLOW URETHAN', '', '', '2017-02-08 07:00:00', NULL, NULL),
(31, 'ZM12255', 1, 'CLOTH, NYLON, UNCOATED', '', '', '2017-02-08 07:00:00', NULL, NULL),
(32, 'ZM12127', 4, 'FABRIC, CANOPY', '', '', '2017-02-08 07:00:00', NULL, NULL),
(33, 'ZM11469-1-T', 3, 'TAPE, FABRIC NYLON ELASTOMER', '', '', '2017-02-08 07:00:00', NULL, NULL),
(34, 'ZM11624-T', 9, 'FABRIC-TAPE, URETHANE ELASTOME', '', '', '2017-02-08 07:00:00', NULL, NULL),
(35, 'ZM11673-T', 9, 'FABRIC-TAPE, NYLON', '', '', '2017-02-08 07:00:00', NULL, NULL),
(36, 'ZM11847-T', 9, 'FABRIC-TAPE, URETHANE ELASTOME', '', '', '2017-02-08 07:00:00', NULL, NULL),
(37, 'ZM11849-5-T', 9, 'FABRIC-TAPE, NYLON REFLECTIVE', '', '', '2017-02-08 07:00:00', NULL, NULL),
(38, 'ZM12040-T', 9, 'FABRIC-TAPE, NYLON, POLYETHER', '', '', '2017-02-08 07:00:00', NULL, NULL),
(39, 'ZM12109-T', 9, 'FABRIC-TAPE, NYLON, POLYETHER', '', '', '2017-02-08 07:00:00', NULL, NULL),
(40, 'ZM12231-T', 9, 'FABRIC-TAPE, POLYETHER URETHAN', '', '', '2017-02-08 07:00:00', NULL, NULL),
(41, 'ZM12276-T', 9, 'FABRIC-TAPE, NYLON, REFLECTIVE', '', '', '2017-02-08 07:00:00', NULL, NULL),
(42, 'ZM12361-T', 5, 'FABRIC-TAPE, NYLON, YELLOW,', '', '', '2017-02-08 07:00:00', NULL, NULL),
(43, 'ZM12307-T', 5, 'FABRIC-TAPE, NYLON, REFLECTIVE', '', '', '2017-02-08 07:00:00', NULL, NULL),
(44, 'ZM11654-45', 5, 'FABRIC-URETHANE DOUBLE COATED', '', '', '2017-02-08 07:00:00', NULL, NULL),
(45, 'ZM12361', 5, 'FABRIC, NYLON, YELLOW, POLYETH', '', '', '2017-02-08 07:00:00', NULL, NULL),
(46, 'ZM12421', 5, 'FABRIC, LIGHTWEIGHT FLOOR, NYO', '', '', '2017-02-08 07:00:00', NULL, NULL),
(47, 'prueba', 1, '11111', '1', '1', '2017-05-08 05:04:42', '2017-05-08 05:04:42', NULL),
(48, 'prueba 22', 1, 'prueba22', '1', '1', '2017-05-31 15:07:29', NULL, NULL),
(49, 'ZM11489-5', 1, '', '', '', '2017-10-17 19:37:16', NULL, NULL);

-- --------------------------------------------------------

--
-- Table structure for table `roll_providers`
--

CREATE TABLE IF NOT EXISTS `roll_providers` (
  `id` int(11) NOT NULL,
  `name` varchar(200) NOT NULL,
  `created_at` timestamp NOT NULL DEFAULT CURRENT_TIMESTAMP ON UPDATE CURRENT_TIMESTAMP,
  `deleted_at` timestamp NULL DEFAULT NULL,
  `updated_at` timestamp NULL DEFAULT NULL
) ENGINE=MyISAM AUTO_INCREMENT=10 DEFAULT CHARSET=latin1;

--
-- Dumping data for table `roll_providers`
--

INSERT INTO `roll_providers` (`id`, `name`, `created_at`, `deleted_at`, `updated_at`) VALUES
(1, 'BELMAR', '2017-02-08 18:49:42', NULL, NULL),
(2, 'LIBERTY', '2017-02-08 18:50:08', NULL, NULL),
(3, 'AQUI SE  RECLASIFICA', '2017-02-08 18:50:08', NULL, NULL),
(4, 'BROOKWOOD', '2017-02-08 18:50:46', NULL, NULL),
(5, 'LAMCOTEC', '2017-02-08 18:50:46', NULL, NULL),
(6, 'MARLO/ llega  de  Belmar', '2017-02-08 18:51:06', NULL, NULL),
(7, 'DIVSPEC', '2017-02-08 23:35:10', NULL, NULL),
(8, 'TINTA MIMAKI / REECE Y CELUPAL', '2017-02-08 18:51:25', NULL, NULL),
(9, 'TRELLEBORG', '2017-02-08 18:51:25', NULL, NULL);

-- --------------------------------------------------------

--
-- Table structure for table `roll_states`
--

CREATE TABLE IF NOT EXISTS `roll_states` (
  `id` int(11) NOT NULL,
  `description` varchar(100) NOT NULL,
  `created_at` timestamp NOT NULL DEFAULT CURRENT_TIMESTAMP ON UPDATE CURRENT_TIMESTAMP,
  `deleted_at` timestamp NULL DEFAULT NULL,
  `updated_at` timestamp NULL DEFAULT NULL
) ENGINE=MyISAM AUTO_INCREMENT=7 DEFAULT CHARSET=latin1;

--
-- Dumping data for table `roll_states`
--

INSERT INTO `roll_states` (`id`, `description`, `created_at`, `deleted_at`, `updated_at`) VALUES
(1, 'Ordenado', '2016-12-29 19:08:22', NULL, NULL),
(2, 'Nuevo en stock', '2016-12-29 19:08:22', NULL, NULL),
(3, 'En produccion', '2016-12-29 19:08:38', NULL, NULL),
(4, 'Terminado', '2016-12-29 19:08:38', NULL, NULL),
(5, 'Terminado fuera de tolerancia', '2017-03-29 03:04:03', NULL, NULL),
(6, 'Devuelto a proveedor', '2017-03-29 03:04:11', NULL, NULL);

-- --------------------------------------------------------

--
-- Table structure for table `shorts`
--

CREATE TABLE IF NOT EXISTS `shorts` (
  `id` int(11) NOT NULL,
  `id_cut` int(11) NOT NULL,
  `length` float NOT NULL,
  `type` int(11) NOT NULL,
  `razon_id` int(11) NOT NULL DEFAULT '0',
  `time` varchar(25) NOT NULL DEFAULT ''
) ENGINE=MyISAM AUTO_INCREMENT=325 DEFAULT CHARSET=latin1;

--
-- Dumping data for table `shorts`
--

INSERT INTO `shorts` (`id`, `id_cut`, `length`, `type`, `razon_id`, `time`) VALUES
(1, 86, 119.995, 0, 0, '2017-10-15 16:36:23'),
(5, 66, 80.0355, 0, 0, '2017-10-15 17:30:05'),
(4, 66, 50, 0, 0, '2017-10-15 16:49:00'),
(6, 87, 50, 0, 0, '2017-10-15 16:49:00'),
(7, 87, 30, 0, 0, '2017-10-15 16:50:00'),
(8, 87, 43.571, 0, 0, '2017-10-16 17:58:37'),
(9, 88, 50, 1, 0, ''),
(10, 88, 20, 1, 0, '2017-10-15 16:50:36'),
(11, 88, 50, 0, 0, '2017-10-16 18:50:57'),
(12, 88, 50, 0, 0, '2017-10-16 18:51:01'),
(13, 88, 50, 0, 0, '2017-10-16 18:51:30'),
(14, 88, 50, 0, 0, '2017-10-16 18:51:33'),
(15, 88, 50, 0, 0, '2017-10-16 18:52:56'),
(16, 62, 63.0072, 1, 0, '2017-10-16 18:59:14'),
(17, 82, 22.7175, 1, 0, '1'),
(18, 82, 2017, 1, 0, '1'),
(19, 82, 1, 1, 0, '1'),
(20, 82, 147.819, 0, 0, '2017-10-16 19:48:59'),
(21, 82, 147.819, 0, 0, '2017-10-16 19:49:04'),
(22, 82, 147.819, 0, 0, '2017-10-16 19:49:08'),
(23, 82, 147.819, 0, 0, '2017-10-16 19:49:33'),
(24, 82, 147.819, 0, 0, '2017-10-16 19:49:51'),
(25, 67, 161.352, 1, 0, '2017-10-16 20:27:09'),
(26, 70, 9.553, 1, 0, '2017-10-16 20:53:04'),
(27, 70, 11.883, 0, 0, '2017-10-16 20:53:06'),
(28, 70, 8.5045, 1, 0, '2017-10-16 20:53:08'),
(29, 70, 9.4365, 0, 0, '2017-10-16 20:53:10'),
(30, 69, 10.252, 1, 0, '2017-10-16 21:00:15'),
(31, 69, 14.0965, 0, 0, '2017-10-16 21:00:17'),
(32, 69, 13.8635, 1, 0, '2017-10-16 21:00:21'),
(33, 69, 14.7955, 0, 0, '2017-10-16 21:00:24'),
(34, 80, 9.4365, 1, 0, '2017-10-16 21:06:55'),
(35, 80, 10.951, 0, 0, '2017-10-16 21:06:57'),
(36, 80, 8.2715, 1, 0, '2017-10-16 21:06:59'),
(37, 63, 32.853, 0, 0, '2017-10-17 10:43:04'),
(38, 63, 0.233, 1, 0, '2017-10-17 10:43:07'),
(39, 63, 18.64, 0, 0, '2017-10-17 10:43:10'),
(40, 63, 12.815, 1, 0, '2017-10-17 10:43:12'),
(41, 63, 14.0965, 0, 0, '2017-10-17 10:43:14'),
(42, 63, 22.834, 1, 0, '2017-10-17 13:00:46'),
(43, 81, -9.2035, 0, 0, '2017-10-17 13:02:37'),
(44, 81, -9.2035, 0, 0, '2017-10-17 13:02:37'),
(45, 81, -9.2035, 0, 0, '2017-10-17 13:02:37'),
(46, 81, -9.2035, 0, 0, '2017-10-17 13:02:37'),
(47, 81, -9.2035, 0, 0, '2017-10-17 13:02:37'),
(48, 81, -9.2035, 0, 0, '2017-10-17 13:02:37'),
(49, 81, -9.2035, 0, 0, '2017-10-17 13:02:37'),
(50, 81, -9.2035, 0, 0, '2017-10-17 13:02:37'),
(51, 81, -9.2035, 0, 0, '2017-10-17 13:02:37'),
(52, 81, -9.2035, 0, 0, '2017-10-17 13:02:37'),
(53, 81, -9.2035, 0, 0, '2017-10-17 13:02:37'),
(54, 81, -9.2035, 0, 0, '2017-10-17 13:02:37'),
(55, 81, -9.2035, 0, 0, '2017-10-17 13:02:37'),
(56, 81, -9.2035, 0, 0, '2017-10-17 13:02:37'),
(57, 81, -9.2035, 0, 0, '2017-10-17 13:02:37'),
(58, 81, -9.2035, 0, 0, '2017-10-17 13:02:37'),
(59, 81, -9.2035, 0, 0, '2017-10-17 13:02:37'),
(60, 81, -9.2035, 0, 0, '2017-10-17 13:02:37'),
(61, 81, -9.2035, 0, 0, '2017-10-17 13:02:37'),
(62, 81, -9.2035, 0, 0, '2017-10-17 13:02:37'),
(63, 81, -9.2035, 0, 0, '2017-10-17 13:02:37'),
(64, 81, -9.2035, 0, 0, '2017-10-17 13:02:37'),
(65, 81, -9.2035, 0, 0, '2017-10-17 13:02:37'),
(66, 81, -9.2035, 0, 0, '2017-10-17 13:02:37'),
(67, 81, -9.2035, 0, 0, '2017-10-17 13:02:37'),
(68, 81, -9.2035, 0, 0, '2017-10-17 13:02:37'),
(69, 81, -9.2035, 0, 0, '2017-10-17 13:02:37'),
(70, 81, -9.2035, 0, 0, '2017-10-17 13:02:37'),
(71, 81, -9.2035, 0, 0, '2017-10-17 13:02:37'),
(72, 81, -9.2035, 0, 0, '2017-10-17 13:02:37'),
(73, 81, -9.2035, 0, 0, '2017-10-17 13:02:37'),
(74, 81, -9.2035, 0, 0, '2017-10-17 13:02:37'),
(75, 81, -9.2035, 0, 0, '2017-10-17 13:02:37'),
(76, 81, -9.2035, 0, 0, '2017-10-17 13:02:37'),
(77, 81, -9.2035, 0, 0, '2017-10-17 13:02:37'),
(78, 81, -9.2035, 0, 0, '2017-10-17 13:02:37'),
(79, 81, -9.2035, 0, 0, '2017-10-17 13:02:37'),
(80, 81, -9.2035, 0, 0, '2017-10-17 13:02:37'),
(81, 81, -9.2035, 0, 0, '2017-10-17 13:02:37'),
(82, 81, -9.2035, 0, 0, '2017-10-17 13:02:37'),
(83, 81, -9.2035, 0, 0, '2017-10-17 13:02:37'),
(84, 81, -9.2035, 0, 0, '2017-10-17 13:02:37'),
(85, 81, -9.2035, 0, 0, '2017-10-17 13:02:37'),
(86, 81, -9.2035, 0, 0, '2017-10-17 13:02:37'),
(87, 81, -9.2035, 0, 0, '2017-10-17 13:02:37'),
(88, 81, -9.2035, 0, 0, '2017-10-17 13:02:37'),
(89, 81, -9.2035, 0, 0, '2017-10-17 13:02:37'),
(90, 81, -9.2035, 0, 0, '2017-10-17 13:02:37'),
(91, 81, -9.2035, 0, 0, '2017-10-17 13:02:37'),
(92, 81, -9.2035, 0, 0, '2017-10-17 13:02:37'),
(93, 81, -9.2035, 0, 0, '2017-10-17 13:02:37'),
(94, 81, -9.2035, 0, 0, '2017-10-17 13:02:37'),
(95, 81, -9.2035, 0, 0, '2017-10-17 13:02:37'),
(96, 81, -9.2035, 0, 0, '2017-10-17 13:02:37'),
(97, 81, -9.2035, 0, 0, '2017-10-17 13:02:37'),
(98, 81, -9.2035, 0, 0, '2017-10-17 13:02:37'),
(99, 81, -9.2035, 0, 0, '2017-10-17 13:02:37'),
(100, 81, -9.2035, 0, 0, '2017-10-17 13:02:37'),
(101, 81, -9.2035, 0, 0, '2017-10-17 13:02:37'),
(102, 81, -9.2035, 0, 0, '2017-10-17 13:02:37'),
(103, 81, -9.2035, 0, 0, '2017-10-17 13:02:37'),
(104, 81, -9.2035, 0, 0, '2017-10-17 13:02:37'),
(105, 81, -9.2035, 0, 0, '2017-10-17 13:02:37'),
(106, 75, 23.6495, 1, 0, '2017-10-17 13:18:27'),
(107, 92, 11.417, 1, 0, '2017-10-17 17:13:18'),
(108, 92, 11.417, 0, 0, '2017-10-17 17:14:20'),
(109, 92, 11.417, 0, 0, '2017-10-17 17:15:25'),
(110, 92, 11.417, 0, 0, '2017-10-17 17:15:28'),
(111, 92, 11.417, 0, 0, '2017-10-17 17:15:32'),
(112, 94, 86.7925, 0, 0, '2017-10-17 17:35:41'),
(113, 94, 86.7925, 1, 0, '2017-10-17 17:36:26'),
(114, 94, 115.685, 0, 0, '2017-10-17 17:38:35'),
(115, 94, 115.685, 1, 0, '2017-10-17 17:39:58'),
(116, 94, 122.791, 0, 0, '2017-10-17 17:43:33'),
(117, 95, 27.96, 0, 0, '2017-10-17 17:47:04'),
(118, 95, 48.464, 0, 0, '2017-10-17 17:47:11'),
(119, 95, 48.464, 1, 0, '2017-10-17 17:47:13'),
(120, 95, 73.162, 0, 0, '2017-10-17 17:47:53'),
(121, 95, 1.5145, 1, 0, '2017-10-17 17:47:54'),
(122, 95, 0.3495, 1, 0, '2017-10-17 18:03:29'),
(123, 96, 30.756, 0, 0, '2017-10-17 18:05:58'),
(124, 96, 20.1545, 1, 0, '2017-10-17 18:06:06'),
(125, 96, 21.669, 0, 0, '2017-10-17 18:06:14'),
(126, 96, 9.4365, 1, 0, '2017-10-17 18:06:19'),
(127, 96, 71.4145, 0, 0, '2017-10-17 18:08:43'),
(128, 96, 12.349, 1, 0, '2017-10-17 18:08:47'),
(129, 96, 13.1645, 0, 0, '2017-10-17 18:08:52'),
(130, 96, 11.3005, 1, 0, '2017-10-17 18:08:55'),
(131, 96, 13.048, 0, 0, '2017-10-17 18:08:59'),
(132, 96, 109.859, 0, 0, '2017-10-17 18:09:44'),
(133, 97, 10.019, 0, 0, '2017-10-17 18:16:35'),
(134, 97, 5.0095, 1, 0, '2017-10-17 18:16:46'),
(135, 97, 20.038, 0, 0, '2017-10-17 18:17:00'),
(136, 97, 5.0095, 1, 0, '2017-10-17 18:17:07'),
(137, 97, 30.057, 0, 0, '2017-10-17 18:17:29'),
(138, 97, 5.0095, 1, 0, '2017-10-17 18:17:38'),
(139, 97, 54.988, 1, 0, '2017-10-17 18:26:24'),
(140, 97, 54.988, 1, 0, '2017-10-17 18:36:06'),
(141, 97, 39.9595, 0, 0, '2017-10-17 18:37:06'),
(142, 97, 39.9595, 1, 0, '2017-10-17 18:37:17'),
(143, 97, 9.6695, 1, 0, '2017-10-17 18:40:25'),
(144, 97, 69.667, 1, 0, '2017-10-17 21:56:26'),
(145, 97, 15.7275, 0, 0, '2017-10-17 21:56:42'),
(146, 97, 4.66, 1, 0, '2017-10-17 21:56:45'),
(147, 97, 6.1745, 0, 0, '2017-10-17 21:59:33'),
(148, 98, 9.4365, 0, 0, '2017-10-17 22:09:43'),
(149, 98, 0.932, 1, 0, '2017-10-17 22:10:00'),
(150, 98, 6.4075, 0, 0, '2017-10-17 22:10:01'),
(151, 98, 5.592, 1, 0, '2017-10-17 22:10:01'),
(152, 98, 0.5825, 1, 0, '2017-10-17 22:10:02'),
(153, 98, 9.4365, 0, 0, '2017-10-17 22:10:03'),
(154, 98, 7.689, 1, 0, '2017-10-17 22:10:03'),
(155, 98, 15.4945, 0, 0, '2017-10-17 22:10:05'),
(156, 98, 9.786, 1, 0, '2017-10-17 22:10:06'),
(157, 98, 89.472, 1, 0, '2017-10-18 10:00:54'),
(158, 99, 10.718, 0, 0, '2017-10-18 10:03:32'),
(159, 99, 5.825, 1, 0, '2017-10-18 10:03:35'),
(160, 99, 9.786, 0, 0, '2017-10-18 10:03:39'),
(161, 99, 19.106, 0, 0, '2017-10-18 10:04:08'),
(162, 100, 10.8345, 0, 0, '2017-10-18 10:46:20'),
(163, 100, 0.1165, 1, 0, '2017-10-18 10:46:27'),
(164, 100, 21.436, 0, 0, '2017-10-18 10:46:33'),
(165, 100, 0.1165, 1, 0, '2017-10-18 10:46:35'),
(166, 100, 0.3495, 1, 0, '2017-10-18 10:46:35'),
(167, 100, 10.951, 0, 0, '2017-10-18 10:46:37'),
(168, 100, 0.3495, 0, 0, '2017-10-18 10:46:37'),
(169, 100, 0.3495, 1, 0, '2017-10-18 10:46:38'),
(170, 100, 15.844, 0, 0, '2017-10-18 10:47:58'),
(171, 100, 0.5825, 1, 0, '2017-10-18 10:47:59'),
(172, 100, 1.2815, 1, 0, '2017-10-18 10:47:59'),
(173, 100, 5.9415, 0, 0, '2017-10-18 10:48:00'),
(174, 100, 1.0485, 1, 0, '2017-10-18 10:48:01'),
(175, 100, 6.1745, 0, 0, '2017-10-18 10:48:02'),
(176, 100, 0.466, 1, 0, '2017-10-18 10:48:03'),
(177, 100, 3.8445, 0, 0, '2017-10-18 10:48:04'),
(178, 100, 0.3495, 1, 0, '2017-10-18 10:48:06'),
(179, 100, 0.8155, 1, 0, '2017-10-18 10:48:06'),
(180, 100, 5.592, 0, 0, '2017-10-18 10:48:07'),
(181, 100, 0.699, 1, 0, '2017-10-18 10:48:08'),
(182, 100, 0.5825, 1, 0, '2017-10-18 10:48:08'),
(183, 101, 11.3005, 0, 0, '2017-10-19 09:22:44'),
(184, 101, 0.1165, 1, 0, '2017-10-19 09:22:48'),
(185, 101, 0.1165, 1, 0, '2017-10-19 09:22:53'),
(186, 101, 9.6695, 0, 0, '2017-10-19 09:22:56'),
(187, 101, 4.427, 1, 0, '2017-10-19 09:22:59'),
(188, 101, 9.32, 0, 0, '2017-10-19 09:23:02'),
(189, 101, 5.825, 1, 0, '2017-10-19 09:23:05'),
(190, 101, 5.359, 0, 0, '2017-10-19 09:23:08'),
(191, 101, 0.233, 1, 0, '2017-10-19 09:23:11'),
(192, 102, 6.1745, 1, 0, '2017-10-19 09:53:40'),
(193, 102, 3.961, 0, 0, '2017-10-19 10:06:21'),
(194, 102, 37.513, 0, 0, '2017-10-19 10:07:20'),
(195, 104, 0.3495, 1, 0, '2017-10-19 10:56:19'),
(196, 105, 13.3975, 0, 0, '2017-10-19 10:56:42'),
(197, 108, 11.883, 0, 0, '2017-10-19 13:19:08'),
(198, 111, 53.4735, 0, 0, '2017-10-19 19:16:15'),
(199, 112, 3.495, 1, 0, '2017-10-19 19:21:59'),
(200, 113, 3.495, 1, 0, '2017-10-19 19:27:49'),
(201, 113, 3.495, 1, 0, '2017-10-19 19:27:49'),
(202, 113, 3.495, 1, 0, '2017-10-19 19:27:49'),
(203, 113, 3.495, 1, 0, '2017-10-19 19:27:49'),
(204, 113, 3.495, 1, 0, '2017-10-19 19:27:49'),
(205, 113, 17.3585, 0, 0, '2017-10-19 19:28:01'),
(206, 113, 17.3585, 0, 0, '2017-10-19 19:28:01'),
(207, 113, 36.6975, 0, 0, '2017-10-19 19:28:16'),
(208, 114, 17.3585, 0, 0, '2017-10-19 19:28:01'),
(209, 114, 17.3585, 0, 0, '2017-10-19 19:28:01'),
(210, 114, 17.3585, 0, 0, '2017-10-19 19:28:01'),
(211, 114, 17.3585, 1, 0, '2017-10-19 19:28:03'),
(212, 114, 17.3585, 1, 0, '2017-10-19 19:28:03'),
(213, 114, 17.3585, 1, 0, '2017-10-19 19:28:03'),
(214, 114, 17.3585, 1, 0, '2017-10-19 19:28:03'),
(215, 114, 17.3585, 1, 0, '2017-10-19 19:28:03'),
(216, 114, 17.708, 1, 0, '2017-10-19 19:28:03'),
(217, 114, 17.708, 1, 0, '2017-10-19 19:28:03'),
(218, 114, 17.708, 1, 0, '2017-10-19 19:28:03'),
(219, 114, 17.708, 1, 0, '2017-10-19 19:28:03'),
(220, 114, 17.708, 1, 0, '2017-10-19 19:28:03'),
(221, 114, 29.7075, 0, 0, '2017-10-19 19:28:05'),
(222, 114, 29.7075, 0, 0, '2017-10-19 19:28:05'),
(223, 114, 29.7075, 0, 0, '2017-10-19 19:28:05'),
(224, 114, 29.7075, 0, 0, '2017-10-19 19:28:05'),
(225, 114, 29.7075, 0, 0, '2017-10-19 19:28:05'),
(226, 114, 20.3875, 0, 0, '2017-10-19 19:34:16'),
(227, 115, 29.7075, 1, 0, '2017-10-19 19:28:07'),
(228, 115, 29.7075, 1, 0, '2017-10-19 19:28:07'),
(229, 115, 29.7075, 1, 0, '2017-10-19 19:28:07'),
(230, 115, 29.7075, 1, 0, '2017-10-19 19:28:07'),
(231, 115, 29.7075, 1, 0, '2017-10-19 19:28:07'),
(232, 115, 11.417, 0, 0, '2017-10-19 19:33:59'),
(233, 115, 11.417, 0, 0, '2017-10-19 19:33:59'),
(234, 115, 11.417, 0, 0, '2017-10-19 19:33:59'),
(235, 115, 11.417, 0, 0, '2017-10-19 19:33:59'),
(236, 115, 11.417, 0, 0, '2017-10-19 19:33:59'),
(237, 115, 11.417, 1, 0, '2017-10-19 19:34:01'),
(238, 115, 11.417, 1, 0, '2017-10-19 19:34:01'),
(239, 115, 11.417, 1, 0, '2017-10-19 19:34:01'),
(240, 115, 11.417, 1, 0, '2017-10-19 19:34:01'),
(241, 115, 11.417, 1, 0, '2017-10-19 19:34:01'),
(242, 115, 11.5335, 1, 0, '2017-10-19 19:34:01'),
(243, 115, 11.5335, 1, 0, '2017-10-19 19:34:01'),
(244, 115, 11.5335, 1, 0, '2017-10-19 19:34:01'),
(245, 115, 10.019, 1, 0, '2017-10-19 19:44:49'),
(246, 116, 40.4255, 0, 0, '2017-10-19 20:14:13'),
(247, 119, 6.524, 1, 0, '2017-10-19 20:24:17'),
(248, 117, 6.524, 1, 0, '2017-10-19 21:30:36'),
(249, 117, 10.1355, 0, 0, '2017-10-19 21:31:19'),
(250, 117, -1.0485, 1, 0, '2017-10-19 21:31:36'),
(251, 117, 10.019, 0, 0, '2017-10-19 21:31:53'),
(252, 118, 10.485, 0, 0, '2017-10-19 21:38:34'),
(253, 118, 5.2425, 1, 0, '2017-10-19 21:38:46'),
(254, 118, 9.6695, 0, 0, '2017-10-19 21:39:28'),
(255, 118, 5.0095, 1, 0, '2017-10-19 21:39:40'),
(256, 120, 21.7855, 0, 0, '2017-10-23 19:58:00'),
(257, 121, 7.223, 0, 0, '2017-10-23 20:05:59'),
(258, 121, 5.9415, 1, 0, '2017-10-23 20:06:01'),
(259, 121, 0, 1, 0, '2017-10-23 20:06:01'),
(260, 121, 5.2425, 0, 0, '2017-10-23 20:06:16'),
(261, 122, -5.825, 0, 0, '2017-10-23 20:11:04'),
(262, 122, -17.708, 1, 0, '2017-10-23 20:11:09'),
(263, 122, 0, 1, 0, '2017-10-23 20:11:09'),
(264, 122, -9.6695, 0, 0, '2017-10-23 20:11:11'),
(265, 122, -10.8345, 1, 0, '2017-10-23 20:11:13'),
(266, 122, -16.077, 0, 0, '2017-10-23 20:11:15'),
(267, 122, 45.901, 1, 0, '2017-10-23 20:11:30'),
(268, 122, 67.6865, 0, 0, '2017-10-23 20:11:37'),
(269, 122, 15.9605, 1, 0, '2017-10-23 20:11:52'),
(270, 123, 9.786, 0, 0, '2017-10-23 20:13:30'),
(271, 123, 13.6305, 1, 0, '2017-10-23 20:13:38'),
(272, 123, 6.757, 0, 0, '2017-10-23 20:14:57'),
(273, 124, 11.9995, 0, 0, '2017-10-23 20:15:56'),
(274, 124, 0, 1, 0, '2017-10-23 20:16:15'),
(275, 124, 14.3295, 0, 0, '2017-10-23 20:19:00'),
(276, 124, 0, 1, 0, '2017-10-23 20:19:16'),
(277, 125, 8.5045, 0, 0, '2017-10-23 20:27:48'),
(278, 125, 3.6115, 1, 0, '2017-10-23 20:27:50'),
(279, 125, 0, 1, 0, '2017-10-23 20:27:50'),
(280, 125, 7.3395, 0, 0, '2017-10-23 20:28:07'),
(281, 125, 1.9805, 1, 0, '2017-10-23 20:28:23'),
(282, 125, 4.427, 0, 0, '2017-10-23 20:28:58'),
(283, 125, 0, 0, 0, '2017-10-23 20:28:58'),
(284, 125, 1.631, 1, 0, '2017-10-23 20:29:02'),
(285, 128, 14.912, 0, 0, '2017-10-23 23:12:15'),
(286, 128, 4.5435, 1, 0, '2017-10-23 23:12:23'),
(287, 128, 6.757, 0, 0, '2017-10-23 23:13:23'),
(288, 128, 3.495, 1, 0, '2017-10-23 23:13:27'),
(289, 128, 31.8045, 0, 0, '2017-10-24 12:06:21'),
(290, 129, 20.271, 0, 0, '2017-10-24 12:10:34'),
(291, 129, 6.524, 1, 0, '2017-10-24 12:10:40'),
(292, 129, 0, 1, 0, '2017-10-24 12:10:40'),
(293, 129, 3.8445, 0, 0, '2017-10-24 12:10:49'),
(294, 126, 4.7765, 1, 0, '2017-10-24 12:19:03'),
(295, 126, 14.5625, 0, 0, '2017-10-24 12:19:04'),
(296, 126, 15.611, 1, 0, '2017-10-24 12:19:35'),
(297, 126, 11.7665, 0, 0, '2017-10-24 12:19:40'),
(298, 126, 4.0775, 1, 0, '2017-10-24 12:19:41'),
(299, 126, 7.223, 0, 0, '2017-10-24 12:19:42'),
(300, 126, 2.33, 1, 0, '2017-10-24 12:19:43'),
(301, 126, 2.9125, 0, 0, '2017-10-24 12:19:51'),
(302, 140, 7.456, 0, 0, '2017-11-06 14:40:17'),
(303, 140, 6.291, 1, 0, '2017-11-06 14:40:25'),
(304, 143, 3.3785, 1, 0, '2017-11-12 16:23:43'),
(305, 131, 26.562, 0, 0, '2017-11-29 10:12:29'),
(306, 131, 88.8895, 1, 0, '2017-11-29 10:15:01'),
(307, 132, 12.582, 0, 0, '2017-11-29 11:08:30'),
(308, 132, 21.5525, 1, 0, '2017-11-29 11:12:16'),
(309, 132, 46.2505, 0, 0, '2017-11-29 11:14:38'),
(310, 132, 23.6495, 1, 0, '2017-11-29 11:14:41'),
(311, 132, 15.9605, 0, 0, '2017-11-29 11:14:44'),
(312, 132, 17.708, 1, 0, '2017-11-29 11:14:47'),
(313, 132, 24.232, 0, 0, '2017-11-29 11:24:37'),
(314, 132, 1.2815, 1, 0, '2017-11-29 11:24:38'),
(315, 132, 3.8445, 0, 0, '2017-11-29 11:24:39'),
(316, 132, 2.2135, 1, 0, '2017-11-29 11:24:39'),
(317, 132, 4.6605, 0, 0, '2017-11-29 11:24:40'),
(318, 132, 0.3495, 1, 0, '2017-11-29 11:24:40'),
(319, 132, 7.805, 0, 0, '2017-11-29 11:24:42'),
(320, 132, 2.796, 1, 0, '2017-11-29 11:24:42'),
(321, 132, 1.5145, 0, 0, '2017-11-29 11:24:51'),
(322, 141, 8.854, 1, 0, '2017-11-29 11:34:07'),
(323, 141, 3.262, 0, 99, '2017-11-29 11:36:11'),
(324, 141, -29.358, 0, 0, '2017-11-29 11:51:44');

-- --------------------------------------------------------

--
-- Table structure for table `storage`
--

CREATE TABLE IF NOT EXISTS `storage` (
  `id` int(11) NOT NULL,
  `name` varchar(50) NOT NULL,
  `created_at` date NOT NULL,
  `deleted_at` date DEFAULT NULL,
  `updated_at` date DEFAULT NULL
) ENGINE=MyISAM AUTO_INCREMENT=3 DEFAULT CHARSET=latin1;

--
-- Dumping data for table `storage`
--

INSERT INTO `storage` (`id`, `name`, `created_at`, `deleted_at`, `updated_at`) VALUES
(1, 'Bodega 1.', '2017-02-10', NULL, '2017-03-02'),
(2, 'prueba', '2017-09-05', NULL, NULL);

-- --------------------------------------------------------

--
-- Table structure for table `trace`
--

CREATE TABLE IF NOT EXISTS `trace` (
  `id` int(11) NOT NULL,
  `valor` varchar(250) NOT NULL
) ENGINE=MyISAM AUTO_INCREMENT=454 DEFAULT CHARSET=latin1;

--
-- Dumping data for table `trace`
--

INSERT INTO `trace` (`id`, `valor`) VALUES
(1, '96 length= 0.000000 lengthDefect= 0.000000 short_length_n= 0 short_length_defect_n= 0 short_time_stamp_n=0 short_type_n=0'),
(2, '96 length= 22.135000 lengthDefect= 0.000000 short_length_n= 0 short_length_defect_n= 0 short_time_stamp_n=0 short_type_n=0'),
(3, '96 length= 30.756000 lengthDefect= 0.000000 short_length_n= 0 short_length_defect_n= 0 short_time_stamp_n=0 short_type_n=0'),
(4, '96 length= 30.756000 lengthDefect= 20.154500 short_length_n= 30.756000 short_length_defect_n= 0.000000 short_time_stamp_n=2017-10-17 18:05:58 short_type_n=0'),
(5, '96 length= 30.756000 lengthDefect= 20.154500 short_length_n= 30.756000 short_length_defect_n= 20.154500 short_time_stamp_n=2017-10-17 18:06:06 short_type_n=1'),
(6, '96 length= 52.425000 lengthDefect= 20.154500 short_length_n= 52.425000 short_length_defect_n= 20.154500 short_time_stamp_n=2017-10-17 18:06:14 short_type_n=0'),
(7, '96 length= 52.425000 lengthDefect= 29.591000 short_length_n= 52.425000 short_length_defect_n= 29.591000 short_time_stamp_n=2017-10-17 18:06:19 short_type_n=1'),
(8, '96 length= 56.735500 lengthDefect= 29.591000 short_length_n= 0 short_length_defect_n= 0 short_time_stamp_n=0 short_type_n=0'),
(9, '96 length= 71.414500 lengthDefect= 29.591000 short_length_n= 71.414500 short_length_defect_n= 29.591000 short_time_stamp_n=2017-10-17 18:08:43 short_type_n=0'),
(10, '96 length= 71.414500 lengthDefect= 41.940000 short_length_n= 71.414500 short_length_defect_n= 41.940000 short_time_stamp_n=2017-10-17 18:08:47 short_type_n=1'),
(11, '96 length= 84.579000 lengthDefect= 41.940000 short_length_n= 84.579000 short_length_defect_n= 41.940000 short_time_stamp_n=2017-10-17 18:08:52 short_type_n=0'),
(12, '96 length= 84.579000 lengthDefect= 53.240500 short_length_n= 84.579000 short_length_defect_n= 53.240500 short_time_stamp_n=2017-10-17 18:08:55 short_type_n=1'),
(13, '96 length= 97.627000 lengthDefect= 53.240500 short_length_n= 97.627000 short_length_defect_n= 53.240500 short_time_stamp_n=2017-10-17 18:08:59 short_type_n=0'),
(14, '96 length= 97.627000 lengthDefect= 72.230000 short_length_n= 0 short_length_defect_n= 0 short_time_stamp_n=0 short_type_n=0'),
(15, '96 length= 102.986000 lengthDefect= 72.230000 short_length_n= 0 short_length_defect_n= 0 short_time_stamp_n=0 short_type_n=0'),
(16, '96 length= 109.859500 lengthDefect= 72.230000 short_length_n= 0 short_length_defect_n= 0 short_time_stamp_n=0 short_type_n=0'),
(17, '97 length= 0.000000 lengthDefect= 0.000000 short_length_n= 0 short_length_defect_n= 0 short_time_stamp_n=0 short_type_n=0'),
(18, '97 length= 10.252000 lengthDefect= 0.000000 short_length_n= 0 short_length_defect_n= 0 short_time_stamp_n=0 short_type_n=0'),
(19, '97 length= 10.019000 lengthDefect= 5.126000 short_length_n= 10.019000 short_length_defect_n= 0.000000 short_time_stamp_n=2017-10-17 18:16:35 short_type_n=0'),
(20, '97 length= 18.989500 lengthDefect= 5.009500 short_length_n= 10.019000 short_length_defect_n= 5.009500 short_time_stamp_n=2017-10-17 18:16:46 short_type_n=1'),
(21, '97 length= 20.038000 lengthDefect= 5.009500 short_length_n= 0 short_length_defect_n= 0 short_time_stamp_n=0 short_type_n=0'),
(22, '97 length= 20.038000 lengthDefect= 10.019000 short_length_n= 20.038000 short_length_defect_n= 5.009500 short_time_stamp_n=2017-10-17 18:17:00 short_type_n=0'),
(23, '97 length= 23.999000 lengthDefect= 10.019000 short_length_n= 20.038000 short_length_defect_n= 10.019000 short_time_stamp_n=2017-10-17 18:17:07 short_type_n=1'),
(24, '97 length= 29.125000 lengthDefect= 10.019000 short_length_n= 0 short_length_defect_n= 0 short_time_stamp_n=0 short_type_n=0'),
(25, '97 length= 30.057000 lengthDefect= 10.019000 short_length_n= 0 short_length_defect_n= 0 short_time_stamp_n=0 short_type_n=0'),
(26, '97 length= 29.940500 lengthDefect= 10.019000 short_length_n= 0 short_length_defect_n= 0 short_time_stamp_n=0 short_type_n=0'),
(27, '97 length= 30.057000 lengthDefect= 10.019000 short_length_n= 0 short_length_defect_n= 0 short_time_stamp_n=0 short_type_n=0'),
(28, '97 length= 30.057000 lengthDefect= 15.261500 short_length_n= 30.057000 short_length_defect_n= 10.019000 short_time_stamp_n=2017-10-17 18:17:29 short_type_n=0'),
(29, '97 length= 39.610000 lengthDefect= 15.028500 short_length_n= 30.057000 short_length_defect_n= 15.028500 short_time_stamp_n=2017-10-17 18:17:38 short_type_n=1'),
(30, '97 length= 40.076000 lengthDefect= 15.028500 short_length_n= 0 short_length_defect_n= 0 short_time_stamp_n=0 short_type_n=0'),
(31, '97 length= 39.959500 lengthDefect= 15.028500 short_length_n= 0 short_length_defect_n= 0 short_time_stamp_n=0 short_type_n=0'),
(32, '97 length= 39.959500 lengthDefect= 15.028500 short_length_n= 0 short_length_defect_n= 0 short_time_stamp_n=0 short_type_n=0'),
(33, '97 length= 39.959500 lengthDefect= 17.941000 short_length_n= 39.959500 short_length_defect_n= 15.028500 short_time_stamp_n=2017-10-17 18:37:06 short_type_n=0'),
(34, '97 length= 39.959500 lengthDefect= 19.921500 short_length_n= 0 short_length_defect_n= 0 short_time_stamp_n=0 short_type_n=0'),
(35, '97 length= 39.959500 lengthDefect= 20.038000 short_length_n= 0 short_length_defect_n= 0 short_time_stamp_n=0 short_type_n=0'),
(36, '97 length= 49.629000 lengthDefect= 20.038000 short_length_n= 39.959500 short_length_defect_n= 20.038000 short_time_stamp_n=2017-10-17 18:37:17 short_type_n=1'),
(37, '97 length= 49.629000 lengthDefect= 20.038000 short_length_n= 0 short_length_defect_n= 0 short_time_stamp_n=0 short_type_n=0'),
(38, '97 length= 49.629000 lengthDefect= 20.038000 short_length_n= 49.629000 short_length_defect_n= 20.038000 short_time_stamp_n=0 short_type_n=1'),
(39, '97 length= 65.356500 lengthDefect= 20.038000 short_length_n= 49.629000 short_length_defect_n= 20.038000 short_time_stamp_n=2017-10-17 21:56:36 short_type_n=1'),
(40, '97 length= 65.356500 lengthDefect= 24.698000 short_length_n= 49.629000 short_length_defect_n= 20.038000 short_time_stamp_n=2017-10-17 21:56:36 short_type_n=1'),
(41, '97 length= 71.531000 lengthDefect= 24.698000 short_length_n= 49.629000 short_length_defect_n= 20.038000 short_time_stamp_n=2017-10-17 21:56:36 short_type_n=1'),
(42, '97 length= 71.531000 lengthDefect= 24.698000 short_length_n= 49.629000 short_length_defect_n= 20.038000 short_time_stamp_n=2017-10-17 21:56:36 short_type_n=1'),
(43, '97 length= 71.531000 lengthDefect= 24.698000 short_length_n= 49.629000 short_length_defect_n= 20.038000 short_time_stamp_n=2017-10-17 21:56:36 short_type_n=1'),
(44, '97 length= 71.531000 lengthDefect= 24.698000 short_length_n= 65.356500 short_length_defect_n= 20.038000 short_time_stamp_n=2017-10-17 21:56:42 short_type_n=0'),
(45, '97 length= 71.531000 lengthDefect= 24.698000 short_length_n= 65.356500 short_length_defect_n= 24.698000 short_time_stamp_n=2017-10-17 21:56:45 short_type_n=1'),
(46, '98 length= 0.000000 lengthDefect= 0.000000 short_length_n= 0 short_length_defect_n= 0 short_time_stamp_n=0 short_type_n=0'),
(47, '98 length= 9.436500 lengthDefect= 0.000000 short_length_n= 0 short_length_defect_n= 0 short_time_stamp_n=0 short_type_n=0'),
(48, '98 length= 42.755500 lengthDefect= 35.416000 short_length_n= 9.436500 short_length_defect_n= 0.000000 short_time_stamp_n=2017-10-17 22:09:43 short_type_n=0'),
(49, '98 length= 42.755500 lengthDefect= 35.416000 short_length_n= 10.368500 short_length_defect_n= 9.786000 short_time_stamp_n=2017-10-17 22:10:00 short_type_n=1'),
(50, '98 length= 42.755500 lengthDefect= 35.416000 short_length_n= 16.776000 short_length_defect_n= 11.883000 short_time_stamp_n=2017-10-17 22:10:01 short_type_n=0'),
(51, '98 length= 42.755500 lengthDefect= 35.416000 short_length_n= 16.776000 short_length_defect_n= 17.475000 short_time_stamp_n=2017-10-17 22:10:01 short_type_n=1'),
(52, '98 length= 42.755500 lengthDefect= 35.416000 short_length_n= 17.358500 short_length_defect_n= 17.475000 short_time_stamp_n=2017-10-17 22:10:02 short_type_n=1'),
(53, '98 length= 42.755500 lengthDefect= 35.416000 short_length_n= 26.795000 short_length_defect_n= 17.941000 short_time_stamp_n=2017-10-17 22:10:03 short_type_n=0'),
(54, '98 length= 42.755500 lengthDefect= 35.416000 short_length_n= 26.795000 short_length_defect_n= 25.630000 short_time_stamp_n=2017-10-17 22:10:03 short_type_n=1'),
(55, '98 length= 42.755500 lengthDefect= 35.416000 short_length_n= 42.289500 short_length_defect_n= 25.630000 short_time_stamp_n=2017-10-17 22:10:05 short_type_n=0'),
(56, '98 length= 42.755500 lengthDefect= 35.416000 short_length_n= 42.289500 short_length_defect_n= 35.416000 short_time_stamp_n=2017-10-17 22:10:06 short_type_n=1'),
(57, '98 length= 54.056000 lengthDefect= 35.416000 short_length_n= 0 short_length_defect_n= 0 short_time_stamp_n=0 short_type_n=0'),
(58, '98 length= 54.056000 lengthDefect= 35.416000 short_length_n= 54.056000 short_length_defect_n= 35.416000 short_time_stamp_n=0 short_type_n=0'),
(59, '99 length= 0.000000 lengthDefect= 0.000000 short_length_n= 0.000000 short_length_defect_n= 0.000000 short_time_stamp_n=0 short_type_n=0'),
(60, '99 length= 10.718000 lengthDefect= 0.349500 short_length_n= 10.718000 short_length_defect_n= 0.000000 short_time_stamp_n=2017-10-18 10:03:32 short_type_n=0'),
(61, '99 length= 37.979000 lengthDefect= 15.611000 short_length_n= 10.718000 short_length_defect_n= 5.825000 short_time_stamp_n=2017-10-18 10:03:35 short_type_n=1'),
(62, '99 length= 39.610000 lengthDefect= 15.611000 short_length_n= 10.718000 short_length_defect_n= 5.825000 short_time_stamp_n=2017-10-18 10:03:35 short_type_n=1'),
(63, '99 length= 39.610000 lengthDefect= 15.611000 short_length_n= 10.718000 short_length_defect_n= 5.825000 short_time_stamp_n=2017-10-18 10:03:35 short_type_n=1'),
(64, '99 length= 39.610000 lengthDefect= 15.611000 short_length_n= 10.718000 short_length_defect_n= 5.825000 short_time_stamp_n=2017-10-18 10:03:35 short_type_n=1'),
(65, '99 length= 39.610000 lengthDefect= 15.611000 short_length_n= 10.718000 short_length_defect_n= 5.825000 short_time_stamp_n=2017-10-18 10:03:35 short_type_n=1'),
(66, '99 length= 39.610000 lengthDefect= 15.611000 short_length_n= 10.718000 short_length_defect_n= 5.825000 short_time_stamp_n=2017-10-18 10:03:35 short_type_n=1'),
(67, '99 length= 39.610000 lengthDefect= 15.611000 short_length_n= 20.504000 short_length_defect_n= 5.825000 short_time_stamp_n=2017-10-18 10:03:39 short_type_n=0'),
(68, '100 length= 0.000000 lengthDefect= 0.000000 short_length_n= 0.000000 short_length_defect_n= 0.000000 short_time_stamp_n=0 short_type_n=0'),
(69, '100 length= 10.951000 lengthDefect= 17.591500 short_length_n= 10.834500 short_length_defect_n= 0.000000 short_time_stamp_n=2017-10-18 10:46:20 short_type_n=0'),
(70, '100 length= 54.988000 lengthDefect= 29.125000 short_length_n= 10.951000 short_length_defect_n= 17.591500 short_time_stamp_n=2017-10-18 10:46:27 short_type_n=1'),
(71, '100 length= 54.988000 lengthDefect= 29.125000 short_length_n= 10.951000 short_length_defect_n= 17.591500 short_time_stamp_n=2017-10-18 10:46:27 short_type_n=1'),
(72, '100 length= 54.988000 lengthDefect= 29.125000 short_length_n= 10.951000 short_length_defect_n= 17.591500 short_time_stamp_n=2017-10-18 10:46:27 short_type_n=1'),
(73, '100 length= 54.988000 lengthDefect= 29.125000 short_length_n= 10.951000 short_length_defect_n= 17.591500 short_time_stamp_n=2017-10-18 10:46:27 short_type_n=1'),
(74, '100 length= 54.988000 lengthDefect= 29.125000 short_length_n= 10.951000 short_length_defect_n= 17.591500 short_time_stamp_n=2017-10-18 10:46:27 short_type_n=1'),
(75, '100 length= 54.988000 lengthDefect= 29.125000 short_length_n= 10.951000 short_length_defect_n= 17.591500 short_time_stamp_n=2017-10-18 10:46:27 short_type_n=1'),
(76, '100 length= 54.988000 lengthDefect= 29.125000 short_length_n= 32.387000 short_length_defect_n= 17.591500 short_time_stamp_n=2017-10-18 10:46:33 short_type_n=0'),
(77, '100 length= 54.988000 lengthDefect= 29.125000 short_length_n= 32.503500 short_length_defect_n= 22.834000 short_time_stamp_n=2017-10-18 10:46:35 short_type_n=1'),
(78, '100 length= 54.988000 lengthDefect= 29.125000 short_length_n= 32.853000 short_length_defect_n= 22.834000 short_time_stamp_n=2017-10-18 10:46:35 short_type_n=1'),
(79, '100 length= 54.988000 lengthDefect= 29.125000 short_length_n= 43.804000 short_length_defect_n= 23.183500 short_time_stamp_n=2017-10-18 10:46:37 short_type_n=0'),
(80, '100 length= 54.988000 lengthDefect= 29.125000 short_length_n= 43.804000 short_length_defect_n= 23.533000 short_time_stamp_n=2017-10-18 10:46:37 short_type_n=0'),
(81, '100 length= 54.988000 lengthDefect= 29.125000 short_length_n= 44.153500 short_length_defect_n= 29.125000 short_time_stamp_n=2017-10-18 10:46:38 short_type_n=1'),
(82, '100 length= 91.452500 lengthDefect= 63.143000 short_length_n= 59.997500 short_length_defect_n= 29.241500 short_time_stamp_n=2017-10-18 10:47:58 short_type_n=0'),
(83, '100 length= 91.452500 lengthDefect= 63.143000 short_length_n= 60.580000 short_length_defect_n= 35.882000 short_time_stamp_n=2017-10-18 10:47:59 short_type_n=1'),
(84, '100 length= 91.452500 lengthDefect= 63.143000 short_length_n= 61.861500 short_length_defect_n= 35.882000 short_time_stamp_n=2017-10-18 10:47:59 short_type_n=1'),
(85, '100 length= 91.452500 lengthDefect= 63.143000 short_length_n= 67.803000 short_length_defect_n= 36.464500 short_time_stamp_n=2017-10-18 10:48:00 short_type_n=0'),
(86, '100 length= 91.452500 lengthDefect= 63.143000 short_length_n= 68.851500 short_length_defect_n= 42.988500 short_time_stamp_n=2017-10-18 10:48:01 short_type_n=1'),
(87, '100 length= 91.452500 lengthDefect= 63.143000 short_length_n= 75.026000 short_length_defect_n= 43.338000 short_time_stamp_n=2017-10-18 10:48:02 short_type_n=0'),
(88, '100 length= 91.452500 lengthDefect= 63.143000 short_length_n= 75.492000 short_length_defect_n= 50.444500 short_time_stamp_n=2017-10-18 10:48:03 short_type_n=1'),
(89, '100 length= 91.452500 lengthDefect= 63.143000 short_length_n= 79.336500 short_length_defect_n= 51.376500 short_time_stamp_n=2017-10-18 10:48:04 short_type_n=0'),
(90, '100 length= 91.452500 lengthDefect= 63.143000 short_length_n= 79.686000 short_length_defect_n= 57.201500 short_time_stamp_n=2017-10-18 10:48:06 short_type_n=1'),
(91, '100 length= 91.452500 lengthDefect= 63.143000 short_length_n= 80.501500 short_length_defect_n= 57.201500 short_time_stamp_n=2017-10-18 10:48:06 short_type_n=1'),
(92, '100 length= 91.452500 lengthDefect= 63.143000 short_length_n= 86.093500 short_length_defect_n= 57.551000 short_time_stamp_n=2017-10-18 10:48:07 short_type_n=0'),
(93, '100 length= 91.452500 lengthDefect= 63.143000 short_length_n= 86.792500 short_length_defect_n= 63.143000 short_time_stamp_n=2017-10-18 10:48:08 short_type_n=1'),
(94, '100 length= 91.452500 lengthDefect= 63.143000 short_length_n= 87.375000 short_length_defect_n= 63.143000 short_time_stamp_n=2017-10-18 10:48:08 short_type_n=1'),
(95, '100 length= 101.937500 lengthDefect= 63.143000 short_length_n= 101.937500 short_length_defect_n= 63.143000 short_time_stamp_n=0 short_type_n=0'),
(96, '100 length= 101.938000 lengthDefect= 63.143000 short_length_n= 101.938000 short_length_defect_n= 63.143000 short_time_stamp_n=0 short_type_n=0'),
(97, '101 length= 0.000000 lengthDefect= 0.000000 short_length_n= 0.000000 short_length_defect_n= 0.000000 short_time_stamp_n=0 short_type_n=0'),
(98, '101 length= 11.300500 lengthDefect= 0.233000 short_length_n= 11.300500 short_length_defect_n= 0.116500 short_time_stamp_n=2017-10-19 09:22:44 short_type_n=0'),
(99, '101 length= 11.300500 lengthDefect= 2.912500 short_length_n= 11.300500 short_length_defect_n= 2.912500 short_time_stamp_n=0 short_type_n=1'),
(100, '101 length= 11.300500 lengthDefect= 6.407500 short_length_n= 11.300500 short_length_defect_n= 6.407500 short_time_stamp_n=0 short_type_n=1'),
(101, '101 length= 16.892500 lengthDefect= 6.524000 short_length_n= 11.300500 short_length_defect_n= 6.524000 short_time_stamp_n=2017-10-19 09:22:48 short_type_n=1'),
(102, '101 length= 21.436000 lengthDefect= 6.524000 short_length_n= 21.436000 short_length_defect_n= 6.524000 short_time_stamp_n=0 short_type_n=0'),
(103, '101 length= 22.601000 lengthDefect= 10.252000 short_length_n= 21.436000 short_length_defect_n= 6.524000 short_time_stamp_n=2017-10-19 09:22:51 short_type_n=0'),
(104, '101 length= 31.222000 lengthDefect= 14.795500 short_length_n= 21.552500 short_length_defect_n= 10.252000 short_time_stamp_n=2017-10-19 09:22:53 short_type_n=1'),
(105, '101 length= 40.542000 lengthDefect= 14.795500 short_length_n= 31.222000 short_length_defect_n= 10.368500 short_time_stamp_n=2017-10-19 09:22:56 short_type_n=0'),
(106, '101 length= 40.891500 lengthDefect= 20.620500 short_length_n= 31.222000 short_length_defect_n= 14.795500 short_time_stamp_n=2017-10-19 09:22:59 short_type_n=1'),
(107, '101 length= 45.901000 lengthDefect= 20.970000 short_length_n= 40.542000 short_length_defect_n= 14.795500 short_time_stamp_n=2017-10-19 09:23:02 short_type_n=0'),
(108, '101 length= 59.881000 lengthDefect= 26.678500 short_length_n= 40.542000 short_length_defect_n= 20.620500 short_time_stamp_n=2017-10-19 09:23:05 short_type_n=1'),
(109, '101 length= 59.881000 lengthDefect= 26.678500 short_length_n= 45.901000 short_length_defect_n= 20.737000 short_time_stamp_n=2017-10-19 09:23:08 short_type_n=0'),
(110, '101 length= 59.881000 lengthDefect= 26.678500 short_length_n= 46.134000 short_length_defect_n= 26.678500 short_time_stamp_n=2017-10-19 09:23:11 short_type_n=1'),
(111, '101 length= 62.211000 lengthDefect= 26.678500 short_length_n= 62.211000 short_length_defect_n= 26.678500 short_time_stamp_n=0 short_type_n=0'),
(112, '101 length= 62.211000 lengthDefect= 26.678500 short_length_n= 62.211000 short_length_defect_n= 26.678500 short_time_stamp_n=0 short_type_n=0'),
(113, '102 length= 0.000000 lengthDefect= 0.000000 short_length_n= 0.000000 short_length_defect_n= 0.000000 short_time_stamp_n=0 short_type_n=0'),
(114, '102 length= 8.970500 lengthDefect= 0.000000 short_length_n= 8.970500 short_length_defect_n= 0.000000 short_time_stamp_n=0 short_type_n=0'),
(115, '102 length= 10.601500 lengthDefect= 0.000000 short_length_n= 10.601500 short_length_defect_n= 0.000000 short_time_stamp_n=0 short_type_n=1'),
(116, '102 length= 10.601500 lengthDefect= 6.174500 short_length_n= 10.601500 short_length_defect_n= 0.000000 short_time_stamp_n=2017-10-19 09:53:36 short_type_n=0'),
(117, '102 length= 14.562500 lengthDefect= 6.174500 short_length_n= 10.601500 short_length_defect_n= 6.174500 short_time_stamp_n=2017-10-19 09:53:40 short_type_n=1'),
(118, '102 length= 11.650000 lengthDefect= 6.174500 short_length_n= 14.562500 short_length_defect_n= 6.174500 short_time_stamp_n=2017-10-19 10:06:21 short_type_n=0'),
(119, '102 length= 21.669000 lengthDefect= 6.174500 short_length_n= 14.562500 short_length_defect_n= 6.174500 short_time_stamp_n=2017-10-19 10:06:34 short_type_n=1'),
(120, '102 length= 27.494000 lengthDefect= 6.174500 short_length_n= 14.562500 short_length_defect_n= 6.174500 short_time_stamp_n=2017-10-19 10:06:38 short_type_n=0'),
(121, '102 length= 42.872000 lengthDefect= 6.174500 short_length_n= 14.562500 short_length_defect_n= 6.174500 short_time_stamp_n=2017-10-19 10:06:39 short_type_n=1'),
(122, '102 length= 52.075500 lengthDefect= 6.174500 short_length_n= 14.562500 short_length_defect_n= 6.174500 short_time_stamp_n=2017-10-19 10:06:40 short_type_n=0'),
(123, '102 length= 52.075500 lengthDefect= 6.174500 short_length_n= 14.562500 short_length_defect_n= 6.174500 short_time_stamp_n=2017-10-19 10:06:41 short_type_n=1'),
(124, '102 length= 52.075500 lengthDefect= 6.174500 short_length_n= 14.562500 short_length_defect_n= 6.174500 short_time_stamp_n=2017-10-19 10:06:41 short_type_n=1'),
(125, '103 length= 0.000000 lengthDefect= 0.000000 short_length_n= 0.000000 short_length_defect_n= 0.000000 short_time_stamp_n=0 short_type_n=0'),
(126, '103 length= 3.611500 lengthDefect= 0.000000 short_length_n= 3.611500 short_length_defect_n= 0.000000 short_time_stamp_n=0 short_type_n=0'),
(127, '103 length= 13.514000 lengthDefect= 0.000000 short_length_n= 13.514000 short_length_defect_n= 0.000000 short_time_stamp_n=0 short_type_n=0'),
(128, '104 length= 0.000000 lengthDefect= 0.000000 short_length_n= 0.000000 short_length_defect_n= 0.000000 short_time_stamp_n=0 short_type_n=0'),
(129, '104 length= 13.397500 lengthDefect= 0.000000 short_length_n= 13.397500 short_length_defect_n= 0.000000 short_time_stamp_n=0 short_type_n=0'),
(130, '104 length= 13.397500 lengthDefect= 0.349500 short_length_n= 13.397500 short_length_defect_n= 0.000000 short_time_stamp_n=2017-10-19 10:29:04 short_type_n=0'),
(131, '104 length= 13.397500 lengthDefect= 0.349500 short_length_n= 13.397500 short_length_defect_n= 0.349500 short_time_stamp_n=2017-10-19 10:56:19 short_type_n=1'),
(132, '105 length= 0.000000 lengthDefect= 0.000000 short_length_n= 13.397500 short_length_defect_n= 0.349500 short_time_stamp_n=2017-10-19 10:56:42 short_type_n=0'),
(133, '105 length= 0.000000 lengthDefect= 0.000000 short_length_n= 0.000000 short_length_defect_n= 0.349500 short_time_stamp_n=2017-10-19 10:56:57 short_type_n=1'),
(134, '105 length= 23.533000 lengthDefect= 0.000000 short_length_n= 23.533000 short_length_defect_n= 0.000000 short_time_stamp_n=0 short_type_n=0'),
(135, '105 length= 23.533000 lengthDefect= 0.000000 short_length_n= 23.533000 short_length_defect_n= 0.000000 short_time_stamp_n=0 short_type_n=0'),
(136, '106 length= 0.000000 lengthDefect= 0.000000 short_length_n= 0.000000 short_length_defect_n= 0.000000 short_time_stamp_n=0 short_type_n=0'),
(137, '106 length= 8.737500 lengthDefect= 0.000000 short_length_n= 8.737500 short_length_defect_n= 0.000000 short_time_stamp_n=0 short_type_n=0'),
(138, '107 length= 0.000000 lengthDefect= 0.000000 short_length_n= 0.000000 short_length_defect_n= 0.000000 short_time_stamp_n=0 short_type_n=0'),
(139, '107 length= 15.960500 lengthDefect= 0.000000 short_length_n= 15.960500 short_length_defect_n= 0.000000 short_time_stamp_n=0 short_type_n=0'),
(140, '108 length= 0.000000 lengthDefect= 0.000000 short_length_n= 0.000000 short_length_defect_n= 0.000000 short_time_stamp_n=0 short_type_n=0'),
(141, '108 length= 11.883000 lengthDefect= 0.000000 short_length_n= 11.883000 short_length_defect_n= 0.000000 short_time_stamp_n=0 short_type_n=0'),
(142, '109 length= 0.000000 lengthDefect= 0.000000 short_length_n= 0.000000 short_length_defect_n= 0.000000 short_time_stamp_n=0 short_type_n=0'),
(143, '109 length= 10.135500 lengthDefect= 0.000000 short_length_n= 10.135500 short_length_defect_n= 0.000000 short_time_stamp_n=0 short_type_n=0'),
(144, '110 length= 0.000000 lengthDefect= 0.000000 short_length_n= 0.000000 short_length_defect_n= 0.000000 short_time_stamp_n=0 short_type_n=0'),
(145, '110 length= 27.377500 lengthDefect= 0.000000 short_length_n= 27.377500 short_length_defect_n= 0.000000 short_time_stamp_n=0 short_type_n=0'),
(146, '111 length= 0.000000 lengthDefect= 0.000000 short_length_n= 0.000000 short_length_defect_n= 0.000000 short_time_stamp_n=0 short_type_n=0'),
(147, '111 length= 53.473500 lengthDefect= 0.000000 short_length_n= 53.473500 short_length_defect_n= 0.000000 short_time_stamp_n=0 short_type_n=0'),
(148, '111 length= 53.473500 lengthDefect= 0.000000 short_length_n= 53.473500 short_length_defect_n= 0.000000 short_time_stamp_n=0 short_type_n=0'),
(149, '111 length= 53.473500 lengthDefect= 0.000000 short_length_n= 53.473500 short_length_defect_n= 0.000000 short_time_stamp_n=0 short_type_n=0'),
(150, 'catchnew 111 length= 53.473500 lengthDefect= 0.000000 defectSwitch='),
(151, '111 length= 53.473500 lengthDefect= 0.000000 short_length_n= 53.473500 short_length_defect_n= 0.000000 short_time_stamp_n=0 short_type_n=0'),
(152, 'catchnew 111 length= 53.473500 lengthDefect= 0.000000 defectSwitch='),
(153, '111 length= 53.473500 lengthDefect= 0.000000 short_length_n= 53.473500 short_length_defect_n= 0.000000 short_time_stamp_n=0 short_type_n=0'),
(154, 'catchnew 111 length= 53.473500 lengthDefect= 0.000000 defectSwitch='),
(155, '111 length= 53.473500 lengthDefect= 0.000000 short_length_n= 53.473500 short_length_defect_n= 0.000000 short_time_stamp_n=0 short_type_n=0'),
(156, 'catchnew 111 length= 53.473500 lengthDefect= 0.000000 defectSwitch=0'),
(157, '112 length= 0.000000 lengthDefect= 0.000000 short_length_n= 0.000000 short_length_defect_n= 0.000000 short_time_stamp_n=2017-10-19 19:17:38 short_type_n=0'),
(158, '112 length= 0.000000 lengthDefect= 0.000000 short_length_n= 0.000000 short_length_defect_n= 0.000000 short_time_stamp_n=2017-10-19 19:17:38 short_type_n=0'),
(159, '112 length= 0.000000 lengthDefect= 0.000000 short_length_n= 0.000000 short_length_defect_n= 0.000000 short_time_stamp_n=2017-10-19 19:17:38 short_type_n=0'),
(160, '112 length= 0.000000 lengthDefect= 0.000000 short_length_n= 0.000000 short_length_defect_n= 0.000000 short_time_stamp_n=2017-10-19 19:17:38 short_type_n=0'),
(161, '112 length= 0.000000 lengthDefect= 0.000000 short_length_n= 0.000000 short_length_defect_n= 0.000000 short_time_stamp_n=2017-10-19 19:17:38 short_type_n=0'),
(162, '112 length= 0.000000 lengthDefect= 3.495000 short_length_n= 0.000000 short_length_defect_n= 3.495000 short_time_stamp_n=0 short_type_n=1'),
(163, 'catchnew 112 length= 0.000000 lengthDefect= 3.495000 defectSwitch=1'),
(164, '113 length= 0.000000 lengthDefect= 0.000000 short_length_n= 0.000000 short_length_defect_n= 3.495000 short_time_stamp_n=2017-10-19 19:27:49 short_type_n=1'),
(165, '113 length= 0.000000 lengthDefect= 0.000000 short_length_n= 0.000000 short_length_defect_n= 3.495000 short_time_stamp_n=2017-10-19 19:27:49 short_type_n=1'),
(166, '113 length= 0.000000 lengthDefect= 0.000000 short_length_n= 0.000000 short_length_defect_n= 3.495000 short_time_stamp_n=2017-10-19 19:27:49 short_type_n=1'),
(167, '113 length= -0.233000 lengthDefect= 0.000000 short_length_n= 0.000000 short_length_defect_n= 3.495000 short_time_stamp_n=2017-10-19 19:27:49 short_type_n=1'),
(168, '113 length= 36.697500 lengthDefect= 22.834000 short_length_n= 0.000000 short_length_defect_n= 3.495000 short_time_stamp_n=2017-10-19 19:27:49 short_type_n=1'),
(169, '113 length= 36.697500 lengthDefect= 22.834000 short_length_n= 17.358500 short_length_defect_n= 0.000000 short_time_stamp_n=2017-10-19 19:28:01 short_type_n=0'),
(170, '113 length= 36.697500 lengthDefect= 22.834000 short_length_n= 17.358500 short_length_defect_n= 0.000000 short_time_stamp_n=2017-10-19 19:28:01 short_type_n=0'),
(171, 'catchnew 113 length= 36.697500 lengthDefect= 22.834000 defectSwitch=0'),
(172, '114 length= 0.000000 lengthDefect= 0.000000 short_length_n= 17.358500 short_length_defect_n= 0.000000 short_time_stamp_n=2017-10-19 19:28:01 short_type_n=0'),
(173, '114 length= 0.000000 lengthDefect= 0.000000 short_length_n= 17.358500 short_length_defect_n= 0.000000 short_time_stamp_n=2017-10-19 19:28:01 short_type_n=0'),
(174, '114 length= 0.000000 lengthDefect= 0.000000 short_length_n= 17.358500 short_length_defect_n= 0.000000 short_time_stamp_n=2017-10-19 19:28:01 short_type_n=0'),
(175, '114 length= 0.000000 lengthDefect= 0.000000 short_length_n= 17.358500 short_length_defect_n= 10.601500 short_time_stamp_n=2017-10-19 19:28:03 short_type_n=1'),
(176, '114 length= 0.000000 lengthDefect= 0.000000 short_length_n= 17.358500 short_length_defect_n= 10.601500 short_time_stamp_n=2017-10-19 19:28:03 short_type_n=1'),
(177, '114 length= 0.000000 lengthDefect= 0.000000 short_length_n= 17.358500 short_length_defect_n= 10.601500 short_time_stamp_n=2017-10-19 19:28:03 short_type_n=1'),
(178, '114 length= 0.116500 lengthDefect= 0.000000 short_length_n= 17.358500 short_length_defect_n= 10.601500 short_time_stamp_n=2017-10-19 19:28:03 short_type_n=1'),
(179, '114 length= 11.417000 lengthDefect= 0.116500 short_length_n= 17.358500 short_length_defect_n= 10.601500 short_time_stamp_n=2017-10-19 19:28:03 short_type_n=1'),
(180, '114 length= 11.417000 lengthDefect= 5.941500 short_length_n= 17.708000 short_length_defect_n= 10.601500 short_time_stamp_n=2017-10-19 19:28:03 short_type_n=1'),
(181, '114 length= 19.455500 lengthDefect= 5.941500 short_length_n= 17.708000 short_length_defect_n= 10.601500 short_time_stamp_n=2017-10-19 19:28:03 short_type_n=1'),
(182, '114 length= 20.387500 lengthDefect= 5.941500 short_length_n= 17.708000 short_length_defect_n= 10.601500 short_time_stamp_n=2017-10-19 19:28:03 short_type_n=1'),
(183, '114 length= 20.387500 lengthDefect= 5.941500 short_length_n= 17.708000 short_length_defect_n= 10.601500 short_time_stamp_n=2017-10-19 19:28:03 short_type_n=1'),
(184, '114 length= 20.387500 lengthDefect= 5.941500 short_length_n= 17.708000 short_length_defect_n= 10.601500 short_time_stamp_n=2017-10-19 19:28:03 short_type_n=1'),
(185, '114 length= 20.387500 lengthDefect= 5.941500 short_length_n= 29.707500 short_length_defect_n= 10.601500 short_time_stamp_n=2017-10-19 19:28:05 short_type_n=0'),
(186, '114 length= 20.387500 lengthDefect= 5.941500 short_length_n= 29.707500 short_length_defect_n= 10.601500 short_time_stamp_n=2017-10-19 19:28:05 short_type_n=0'),
(187, '114 length= 20.387500 lengthDefect= 5.941500 short_length_n= 29.707500 short_length_defect_n= 10.601500 short_time_stamp_n=2017-10-19 19:28:05 short_type_n=0'),
(188, '114 length= 20.387500 lengthDefect= 5.941500 short_length_n= 29.707500 short_length_defect_n= 10.601500 short_time_stamp_n=2017-10-19 19:28:05 short_type_n=0'),
(189, '114 length= 20.387500 lengthDefect= 5.941500 short_length_n= 29.707500 short_length_defect_n= 10.601500 short_time_stamp_n=2017-10-19 19:28:05 short_type_n=0'),
(190, 'catchnew 114 length= 20.387500 lengthDefect= 5.941500 defectSwitch=0'),
(191, '115 length= 0.000000 lengthDefect= 0.000000 short_length_n= 29.707500 short_length_defect_n= 22.834000 short_time_stamp_n=2017-10-19 19:28:07 short_type_n=1'),
(192, '115 length= 0.000000 lengthDefect= 0.000000 short_length_n= 29.707500 short_length_defect_n= 22.834000 short_time_stamp_n=2017-10-19 19:28:07 short_type_n=1'),
(193, '115 length= 0.000000 lengthDefect= 0.000000 short_length_n= 29.707500 short_length_defect_n= 22.834000 short_time_stamp_n=2017-10-19 19:28:07 short_type_n=1'),
(194, '115 length= 0.000000 lengthDefect= 0.000000 short_length_n= 29.707500 short_length_defect_n= 22.834000 short_time_stamp_n=2017-10-19 19:28:07 short_type_n=1'),
(195, '115 length= 0.000000 lengthDefect= 0.000000 short_length_n= 29.707500 short_length_defect_n= 22.834000 short_time_stamp_n=2017-10-19 19:28:07 short_type_n=1'),
(196, '115 length= 20.620500 lengthDefect= 0.000000 short_length_n= 11.417000 short_length_defect_n= 0.116500 short_time_stamp_n=2017-10-19 19:33:59 short_type_n=0'),
(197, '115 length= 20.620500 lengthDefect= 0.000000 short_length_n= 11.417000 short_length_defect_n= 0.116500 short_time_stamp_n=2017-10-19 19:33:59 short_type_n=0'),
(198, '115 length= 20.620500 lengthDefect= 0.000000 short_length_n= 11.417000 short_length_defect_n= 0.116500 short_time_stamp_n=2017-10-19 19:33:59 short_type_n=0'),
(199, '115 length= 20.620500 lengthDefect= 0.000000 short_length_n= 11.417000 short_length_defect_n= 0.116500 short_time_stamp_n=2017-10-19 19:33:59 short_type_n=0'),
(200, '115 length= 20.620500 lengthDefect= 0.000000 short_length_n= 11.417000 short_length_defect_n= 0.116500 short_time_stamp_n=2017-10-19 19:33:59 short_type_n=0'),
(201, '115 length= 20.620500 lengthDefect= 0.000000 short_length_n= 11.417000 short_length_defect_n= 5.941500 short_time_stamp_n=2017-10-19 19:34:01 short_type_n=1'),
(202, '115 length= 20.620500 lengthDefect= 0.000000 short_length_n= 11.417000 short_length_defect_n= 5.941500 short_time_stamp_n=2017-10-19 19:34:01 short_type_n=1'),
(203, '115 length= 20.620500 lengthDefect= 9.320000 short_length_n= 11.417000 short_length_defect_n= 5.941500 short_time_stamp_n=2017-10-19 19:34:01 short_type_n=1'),
(204, '115 length= 20.620500 lengthDefect= 10.019000 short_length_n= 11.417000 short_length_defect_n= 5.941500 short_time_stamp_n=2017-10-19 19:34:01 short_type_n=1'),
(205, '115 length= 20.620500 lengthDefect= 10.019000 short_length_n= 11.417000 short_length_defect_n= 5.941500 short_time_stamp_n=2017-10-19 19:34:01 short_type_n=1'),
(206, '115 length= 20.620500 lengthDefect= 10.019000 short_length_n= 11.533500 short_length_defect_n= 5.941500 short_time_stamp_n=2017-10-19 19:34:01 short_type_n=1'),
(207, '115 length= 20.620500 lengthDefect= 10.019000 short_length_n= 11.533500 short_length_defect_n= 5.941500 short_time_stamp_n=2017-10-19 19:34:01 short_type_n=1'),
(208, '115 length= 20.620500 lengthDefect= 10.019000 short_length_n= 11.533500 short_length_defect_n= 5.941500 short_time_stamp_n=2017-10-19 19:34:01 short_type_n=1'),
(209, 'catchnew 115 length= 20.620500 lengthDefect= 10.019000 defectSwitch=1'),
(210, '116 length= 0.000000 lengthDefect= 0.000000 short_length_n= 0.000000 short_length_defect_n= 0.000000 short_time_stamp_n=0 short_type_n=1'),
(211, '116 length= 0.000000 lengthDefect= 14.912000 short_length_n= 0.000000 short_length_defect_n= 14.912000 short_time_stamp_n=0 short_type_n=1'),
(212, '116 length= 0.000000 lengthDefect= 15.145000 short_length_n= 0.000000 short_length_defect_n= 15.145000 short_time_stamp_n=0 short_type_n=1'),
(213, '116 length= 40.425500 lengthDefect= 15.145000 short_length_n= 0.000000 short_length_defect_n= 15.145000 short_time_stamp_n=2017-10-19 19:55:44 short_type_n=1'),
(214, '116 length= 40.425500 lengthDefect= 15.145000 short_length_n= 0.000000 short_length_defect_n= 15.145000 short_time_stamp_n=2017-10-19 19:55:44 short_type_n=1'),
(215, '116 length= 40.425500 lengthDefect= 15.145000 short_length_n= 0.000000 short_length_defect_n= 15.145000 short_time_stamp_n=2017-10-19 19:55:44 short_type_n=1'),
(216, '116 length= 40.425500 lengthDefect= 15.145000 short_length_n= 0.000000 short_length_defect_n= 15.145000 short_time_stamp_n=2017-10-19 19:55:44 short_type_n=1'),
(217, '116 length= 40.425500 lengthDefect= 15.145000 short_length_n= 0.000000 short_length_defect_n= 15.145000 short_time_stamp_n=2017-10-19 19:55:44 short_type_n=1'),
(218, '116 length= 40.425500 lengthDefect= 15.145000 short_length_n= 40.425500 short_length_defect_n= 15.145000 short_time_stamp_n=0 short_type_n=0'),
(219, 'catchnew 116 length= 40.425500 lengthDefect= 15.145000 defectSwitch=0'),
(220, '119 length= 0.000000 lengthDefect= 0.000000 short_length_n= 0.000000 short_length_defect_n= 0.000000 short_time_stamp_n=0 short_type_n=0'),
(221, '119 length= 0.000000 lengthDefect= 0.000000 short_length_n= 0.000000 short_length_defect_n= 0.000000 short_time_stamp_n=0 short_type_n=0'),
(222, '119 length= 20.853500 lengthDefect= 0.000000 short_length_n= 20.853500 short_length_defect_n= 0.000000 short_time_stamp_n=0 short_type_n=0'),
(223, '119 length= 20.853500 lengthDefect= 3.378500 short_length_n= 20.853500 short_length_defect_n= 0.000000 short_time_stamp_n=2017-10-19 20:16:55 short_type_n=0'),
(224, '119 length= 20.853500 lengthDefect= 6.524000 short_length_n= 20.853500 short_length_defect_n= 6.524000 short_time_stamp_n=0 short_type_n=1'),
(225, 'catchnew 119 length= 20.853500 lengthDefect= 6.524000 defectSwitch=1'),
(226, '117 length= 0.000000 lengthDefect= 0.000000 short_length_n= 0.000000 short_length_defect_n= 6.524000 short_time_stamp_n=2017-10-19 21:30:36 short_type_n=1'),
(227, '117 length= 9.902500 lengthDefect= 0.000000 short_length_n= 9.902500 short_length_defect_n= 0.000000 short_time_stamp_n=0 short_type_n=0'),
(228, '117 length= 10.135500 lengthDefect= 0.000000 short_length_n= 10.135500 short_length_defect_n= 0.000000 short_time_stamp_n=0 short_type_n=0'),
(229, '117 length= 10.135500 lengthDefect= 5.475500 short_length_n= 10.135500 short_length_defect_n= 0.000000 short_time_stamp_n=2017-10-19 21:31:19 short_type_n=0'),
(230, '117 length= 14.329500 lengthDefect= 5.475500 short_length_n= 10.135500 short_length_defect_n= 5.475500 short_time_stamp_n=2017-10-19 21:31:36 short_type_n=1'),
(231, '117 length= 20.271000 lengthDefect= 5.475500 short_length_n= 20.271000 short_length_defect_n= 5.475500 short_time_stamp_n=0 short_type_n=0'),
(232, 'catchnew 117 length= 20.154500 lengthDefect= 5.475500 defectSwitch=0'),
(233, '118 length= 0.000000 lengthDefect= 0.000000 short_length_n= 0.000000 short_length_defect_n= 0.000000 short_time_stamp_n=0 short_type_n=0'),
(234, '118 length= 9.786000 lengthDefect= 0.000000 short_length_n= 9.786000 short_length_defect_n= 0.000000 short_time_stamp_n=0 short_type_n=0'),
(235, '118 length= 10.485000 lengthDefect= 0.000000 short_length_n= 10.485000 short_length_defect_n= 0.000000 short_time_stamp_n=0 short_type_n=0'),
(236, '118 length= 10.485000 lengthDefect= 3.495000 short_length_n= 10.485000 short_length_defect_n= 0.000000 short_time_stamp_n=2017-10-19 21:38:34 short_type_n=0'),
(237, '118 length= 10.485000 lengthDefect= 4.660000 short_length_n= 10.485000 short_length_defect_n= 4.660000 short_time_stamp_n=0 short_type_n=1'),
(238, '118 length= 10.485000 lengthDefect= 5.242500 short_length_n= 10.485000 short_length_defect_n= 5.242500 short_time_stamp_n=0 short_type_n=1'),
(239, '118 length= 17.708000 lengthDefect= 5.242500 short_length_n= 10.485000 short_length_defect_n= 5.242500 short_time_stamp_n=2017-10-19 21:38:46 short_type_n=1'),
(240, '118 length= 18.756500 lengthDefect= 5.242500 short_length_n= 18.756500 short_length_defect_n= 5.242500 short_time_stamp_n=0 short_type_n=0'),
(241, '118 length= 19.339000 lengthDefect= 5.242500 short_length_n= 19.339000 short_length_defect_n= 5.242500 short_time_stamp_n=0 short_type_n=0'),
(242, '118 length= 20.154500 lengthDefect= 5.242500 short_length_n= 20.154500 short_length_defect_n= 5.242500 short_time_stamp_n=0 short_type_n=0'),
(243, '118 length= 20.154500 lengthDefect= 5.242500 short_length_n= 20.154500 short_length_defect_n= 5.242500 short_time_stamp_n=0 short_type_n=0'),
(244, '118 length= 20.154500 lengthDefect= 8.970500 short_length_n= 20.154500 short_length_defect_n= 5.242500 short_time_stamp_n=2017-10-19 21:39:28 short_type_n=0'),
(245, '118 length= 20.154500 lengthDefect= 10.252000 short_length_n= 20.154500 short_length_defect_n= 10.252000 short_time_stamp_n=0 short_type_n=1'),
(246, 'catchnew 118 length= 20.154500 lengthDefect= 10.252000 defectSwitch=1'),
(247, '120 length= 0.000000 lengthDefect= 0.000000 short_length_n= 0.000000 short_length_defect_n= 0.000000 short_time_stamp_n=0 short_type_n=1'),
(248, 'catchnew 120 length= 21.785500 lengthDefect= 9.786000 defectSwitch=0'),
(249, '121 length= 0.000000 lengthDefect= 0.000000 short_length_n= 0.000000 short_length_defect_n= 0.000000 short_time_stamp_n=0 short_type_n=0'),
(250, '121 length= 12.465500 lengthDefect= 5.941500 short_length_n= 7.223000 short_length_defect_n= 0.233000 short_time_stamp_n=2017-10-23 20:05:59 short_type_n=0'),
(251, '121 length= 12.465500 lengthDefect= 5.941500 short_length_n= 7.223000 short_length_defect_n= 5.941500 short_time_stamp_n=2017-10-23 20:06:01 short_type_n=1'),
(252, '121 length= 12.465500 lengthDefect= 5.941500 short_length_n= 7.456000 short_length_defect_n= 5.941500 short_time_stamp_n=2017-10-23 20:06:01 short_type_n=1'),
(253, '121 length= 12.465500 lengthDefect= 5.941500 short_length_n= 12.465500 short_length_defect_n= 5.941500 short_time_stamp_n=0 short_type_n=0'),
(254, 'catchnew 121 length= 12.465500 lengthDefect= 5.941500 defectSwitch=0'),
(255, '122 length= 0.000000 lengthDefect= 0.000000 short_length_n= 0.000000 short_length_defect_n= 0.000000 short_time_stamp_n=0 short_type_n=0'),
(256, '122 length= 36.115000 lengthDefect= 33.319000 short_length_n= -5.825000 short_length_defect_n= -0.116500 short_time_stamp_n=2017-10-23 20:11:04 short_type_n=0'),
(257, '122 length= 36.115000 lengthDefect= 33.319000 short_length_n= -6.058000 short_length_defect_n= -17.708000 short_time_stamp_n=2017-10-23 20:11:09 short_type_n=1'),
(258, '122 length= 36.115000 lengthDefect= 33.319000 short_length_n= -6.407500 short_length_defect_n= -17.708000 short_time_stamp_n=2017-10-23 20:11:09 short_type_n=1'),
(259, '122 length= 36.115000 lengthDefect= 33.319000 short_length_n= -15.494500 short_length_defect_n= -18.756500 short_time_stamp_n=2017-10-23 20:11:11 short_type_n=0'),
(260, '122 length= 36.115000 lengthDefect= 33.319000 short_length_n= -16.077000 short_length_defect_n= -28.542500 short_time_stamp_n=2017-10-23 20:11:13 short_type_n=1'),
(261, '122 length= 36.115000 lengthDefect= 33.319000 short_length_n= -31.571500 short_length_defect_n= -29.358000 short_time_stamp_n=2017-10-23 20:11:15 short_type_n=0'),
(262, '122 length= 36.115000 lengthDefect= 33.319000 short_length_n= -31.571500 short_length_defect_n= 17.358500 short_time_stamp_n=2017-10-23 20:11:30 short_type_n=1'),
(263, '122 length= 36.115000 lengthDefect= 33.319000 short_length_n= 36.115000 short_length_defect_n= 17.358500 short_time_stamp_n=2017-10-23 20:11:37 short_type_n=0'),
(264, '122 length= 36.115000 lengthDefect= 33.319000 short_length_n= 36.115000 short_length_defect_n= 33.319000 short_time_stamp_n=2017-10-23 20:11:52 short_type_n=1'),
(265, '122 length= 36.115000 lengthDefect= 33.319000 short_length_n= 36.115000 short_length_defect_n= 33.319000 short_time_stamp_n=0 short_type_n=0'),
(266, 'catchnew 122 length= 36.115000 lengthDefect= 33.319000 defectSwitch=0'),
(267, '123 length= 0.000000 lengthDefect= 0.000000 short_length_n= 0.000000 short_length_defect_n= 0.000000 short_time_stamp_n=0 short_type_n=0'),
(268, '123 length= 16.543000 lengthDefect= 13.630500 short_length_n= 9.786000 short_length_defect_n= 0.233000 short_time_stamp_n=2017-10-23 20:13:30 short_type_n=0'),
(269, '123 length= 16.543000 lengthDefect= 13.630500 short_length_n= 9.902500 short_length_defect_n= 13.630500 short_time_stamp_n=2017-10-23 20:13:38 short_type_n=1'),
(270, '123 length= 16.543000 lengthDefect= 13.630500 short_length_n= 16.543000 short_length_defect_n= 13.630500 short_time_stamp_n=0 short_type_n=0'),
(271, 'catchnew 123 length= 16.543000 lengthDefect= 13.630500 defectSwitch=0'),
(272, '124 length= 0.000000 lengthDefect= 0.000000 short_length_n= 0.000000 short_length_defect_n= 0.000000 short_time_stamp_n=0 short_type_n=0'),
(273, '124 length= 8.388000 lengthDefect= 0.000000 short_length_n= 8.388000 short_length_defect_n= 0.000000 short_time_stamp_n=0 short_type_n=0'),
(274, '124 length= 11.883000 lengthDefect= 0.000000 short_length_n= 11.883000 short_length_defect_n= 0.000000 short_time_stamp_n=0 short_type_n=0'),
(275, '124 length= 11.999500 lengthDefect= 0.000000 short_length_n= 11.999500 short_length_defect_n= 0.000000 short_time_stamp_n=2017-10-23 20:15:56 short_type_n=0'),
(276, '124 length= 11.999500 lengthDefect= 0.000000 short_length_n= 11.999500 short_length_defect_n= 0.000000 short_time_stamp_n=2017-10-23 20:16:15 short_type_n=1'),
(277, '124 length= 11.999500 lengthDefect= 0.000000 short_length_n= 11.999500 short_length_defect_n= 0.000000 short_time_stamp_n=0 short_type_n=0'),
(278, '124 length= 11.999500 lengthDefect= 0.000000 short_length_n= 11.999500 short_length_defect_n= 0.000000 short_time_stamp_n=0 short_type_n=0'),
(279, '124 length= 11.999500 lengthDefect= 0.000000 short_length_n= 11.999500 short_length_defect_n= 0.000000 short_time_stamp_n=0 short_type_n=0'),
(280, '124 length= 26.329000 lengthDefect= 0.000000 short_length_n= 26.329000 short_length_defect_n= 0.000000 short_time_stamp_n=0 short_type_n=0'),
(281, '124 length= 26.329000 lengthDefect= 0.000000 short_length_n= 26.329000 short_length_defect_n= 0.000000 short_time_stamp_n=2017-10-23 20:19:00 short_type_n=0'),
(282, '124 length= 26.329000 lengthDefect= 0.000000 short_length_n= 26.329000 short_length_defect_n= 0.000000 short_time_stamp_n=2017-10-23 20:19:16 short_type_n=1'),
(283, '124 length= 26.329000 lengthDefect= 0.000000 short_length_n= 26.329000 short_length_defect_n= 0.000000 short_time_stamp_n=0 short_type_n=0'),
(284, 'catchnew 124 length= 26.329000 lengthDefect= 0.000000 defectSwitch=0'),
(285, '125 length= 0.000000 lengthDefect= 0.000000 short_length_n= 0.000000 short_length_defect_n= 0.000000 short_time_stamp_n=0 short_type_n=0'),
(286, '125 length= 12.465500 lengthDefect= 3.611500 short_length_n= 8.504500 short_length_defect_n= 0.116500 short_time_stamp_n=2017-10-23 20:27:48 short_type_n=0'),
(287, '125 length= 12.465500 lengthDefect= 3.611500 short_length_n= 8.854000 short_length_defect_n= 3.611500 short_time_stamp_n=2017-10-23 20:27:50 short_type_n=1'),
(288, '125 length= 12.465500 lengthDefect= 3.611500 short_length_n= 9.087000 short_length_defect_n= 3.611500 short_time_stamp_n=2017-10-23 20:27:50 short_type_n=1'),
(289, '125 length= 15.844000 lengthDefect= 3.611500 short_length_n= 15.844000 short_length_defect_n= 3.611500 short_time_stamp_n=0 short_type_n=0'),
(290, '125 length= 15.844000 lengthDefect= 3.611500 short_length_n= 15.844000 short_length_defect_n= 3.611500 short_time_stamp_n=2017-10-23 20:28:07 short_type_n=0'),
(291, '125 length= 15.844000 lengthDefect= 5.592000 short_length_n= 15.844000 short_length_defect_n= 5.592000 short_time_stamp_n=0 short_type_n=1'),
(292, '125 length= 15.844000 lengthDefect= 5.592000 short_length_n= 15.844000 short_length_defect_n= 5.592000 short_time_stamp_n=2017-10-23 20:28:23 short_type_n=1'),
(293, '125 length= 17.824500 lengthDefect= 5.592000 short_length_n= 17.824500 short_length_defect_n= 5.592000 short_time_stamp_n=0 short_type_n=0'),
(294, '125 length= 17.824500 lengthDefect= 5.592000 short_length_n= 17.824500 short_length_defect_n= 5.592000 short_time_stamp_n=0 short_type_n=0'),
(295, '125 length= 20.271000 lengthDefect= 5.592000 short_length_n= 20.271000 short_length_defect_n= 5.592000 short_time_stamp_n=2017-10-23 20:28:58 short_type_n=0'),
(296, '125 length= 20.271000 lengthDefect= 7.223000 short_length_n= 20.271000 short_length_defect_n= 5.592000 short_time_stamp_n=2017-10-23 20:28:58 short_type_n=0'),
(297, '125 length= 20.271000 lengthDefect= 7.223000 short_length_n= 20.271000 short_length_defect_n= 7.223000 short_time_stamp_n=2017-10-23 20:29:02 short_type_n=1'),
(298, '125 length= 20.271000 lengthDefect= 7.223000 short_length_n= 20.271000 short_length_defect_n= 7.223000 short_time_stamp_n=0 short_type_n=0'),
(299, '125 length= 20.271000 lengthDefect= 7.223000 short_length_n= 20.271000 short_length_defect_n= 7.223000 short_time_stamp_n=0 short_type_n=0'),
(300, 'catchnew 125 length= 20.271000 lengthDefect= 7.223000 defectSwitch=0'),
(301, '128 length= 0.000000 lengthDefect= 0.000000 short_length_n= 0.000000 short_length_defect_n= 0.000000 short_time_stamp_n=0 short_type_n=0'),
(302, '128 length= 2.446500 lengthDefect= 0.000000 short_length_n= 2.446500 short_length_defect_n= 0.000000 short_time_stamp_n=0 short_type_n=0'),
(303, '128 length= 6.407500 lengthDefect= 0.000000 short_length_n= 6.407500 short_length_defect_n= 0.000000 short_time_stamp_n=0 short_type_n=0'),
(304, '128 length= 9.553000 lengthDefect= 0.000000 short_length_n= 9.553000 short_length_defect_n= 0.000000 short_time_stamp_n=0 short_type_n=0'),
(305, '128 length= 14.912000 lengthDefect= 0.000000 short_length_n= 14.912000 short_length_defect_n= 0.000000 short_time_stamp_n=0 short_type_n=0'),
(306, '128 length= 14.912000 lengthDefect= 0.000000 short_length_n= 14.912000 short_length_defect_n= 0.000000 short_time_stamp_n=2017-10-23 23:12:15 short_type_n=0'),
(307, '128 length= 14.912000 lengthDefect= 1.281500 short_length_n= 14.912000 short_length_defect_n= 1.281500 short_time_stamp_n=0 short_type_n=1'),
(308, '128 length= 14.912000 lengthDefect= 4.543500 short_length_n= 14.912000 short_length_defect_n= 4.543500 short_time_stamp_n=0 short_type_n=1'),
(309, '128 length= 14.912000 lengthDefect= 4.543500 short_length_n= 14.912000 short_length_defect_n= 4.543500 short_time_stamp_n=2017-10-23 23:12:23 short_type_n=1'),
(310, '128 length= 16.659500 lengthDefect= 4.543500 short_length_n= 16.659500 short_length_defect_n= 4.543500 short_time_stamp_n=0 short_type_n=0'),
(311, '128 length= 21.669000 lengthDefect= 4.543500 short_length_n= 21.669000 short_length_defect_n= 4.543500 short_time_stamp_n=0 short_type_n=0'),
(312, '128 length= 23.882500 lengthDefect= 8.038500 short_length_n= 21.669000 short_length_defect_n= 4.543500 short_time_stamp_n=2017-10-23 23:13:23 short_type_n=0'),
(313, '128 length= 23.882500 lengthDefect= 8.038500 short_length_n= 21.669000 short_length_defect_n= 8.038500 short_time_stamp_n=2017-10-23 23:13:27 short_type_n=1'),
(314, '128 length= 23.882500 lengthDefect= 8.038500 short_length_n= 23.882500 short_length_defect_n= 8.038500 short_time_stamp_n=0 short_type_n=0'),
(315, '128 length= 23.882500 lengthDefect= 8.038500 short_length_n= 23.882500 short_length_defect_n= 8.038500 short_time_stamp_n=0 short_type_n=0'),
(316, '128 length= 23.882500 lengthDefect= 8.038500 short_length_n= 23.882500 short_length_defect_n= 8.038500 short_time_stamp_n=0 short_type_n=0'),
(317, '128 length= 23.882500 lengthDefect= 8.038500 short_length_n= 23.882500 short_length_defect_n= 8.038500 short_time_stamp_n=0 short_type_n=0'),
(318, '128 length= 23.882500 lengthDefect= 8.038500 short_length_n= 23.882500 short_length_defect_n= 8.038500 short_time_stamp_n=0 short_type_n=0'),
(319, '128 length= 32.154000 lengthDefect= 8.038500 short_length_n= 32.154000 short_length_defect_n= 8.038500 short_time_stamp_n=0 short_type_n=0'),
(320, '128 length= 36.348000 lengthDefect= 8.038500 short_length_n= 36.348000 short_length_defect_n= 8.038500 short_time_stamp_n=0 short_type_n=0'),
(321, '128 length= 41.357500 lengthDefect= 8.038500 short_length_n= 41.357500 short_length_defect_n= 8.038500 short_time_stamp_n=0 short_type_n=0'),
(322, '128 length= 41.357500 lengthDefect= 8.038500 short_length_n= 41.357500 short_length_defect_n= 8.038500 short_time_stamp_n=0 short_type_n=0'),
(323, 'catchnew 128 length= 41.357500 lengthDefect= 8.038500 defectSwitch='),
(324, 'catchnew 128 length= 41.357500 lengthDefect= 8.038500 defectSwitch='),
(325, '128 length= 41.357500 lengthDefect= 8.038500 short_length_n= 41.357500 short_length_defect_n= 8.038500 short_time_stamp_n=0 short_type_n=0'),
(326, '128 length= 41.357500 lengthDefect= 8.038500 short_length_n= 41.357500 short_length_defect_n= 8.038500 short_time_stamp_n=0 short_type_n=0'),
(327, 'catchnew 128 length= 41.357500 lengthDefect= 8.038500 defectSwitch='),
(328, 'catchnew 128 length= 41.357500 lengthDefect= 8.038500 defectSwitch='),
(329, '128 length= 41.357500 lengthDefect= 8.038500 short_length_n= 41.357500 short_length_defect_n= 8.038500 short_time_stamp_n=0 short_type_n=0'),
(330, '128 length= 42.639000 lengthDefect= 8.038500 short_length_n= 42.639000 short_length_defect_n= 8.038500 short_time_stamp_n=0 short_type_n=0'),
(331, '128 length= 42.639000 lengthDefect= 8.038500 short_length_n= 42.639000 short_length_defect_n= 8.038500 short_time_stamp_n=0 short_type_n=0');
INSERT INTO `trace` (`id`, `valor`) VALUES
(332, 'catchnew 128 length= 42.639000 lengthDefect= 8.038500 defectSwitch='),
(333, 'catchnew 128 length= 42.639000 lengthDefect= 8.038500 defectSwitch='),
(334, 'catchnew 128 length= 42.639000 lengthDefect= 8.038500 defectSwitch='),
(335, 'catchnew 128 length= 42.639000 lengthDefect= 8.038500 defectSwitch='),
(336, '128 length= 42.639000 lengthDefect= 8.038500 short_length_n= 42.639000 short_length_defect_n= 8.038500 short_time_stamp_n=0 short_type_n=0'),
(337, '128 length= 42.639000 lengthDefect= 8.038500 short_length_n= 42.639000 short_length_defect_n= 8.038500 short_time_stamp_n=0 short_type_n=0'),
(338, 'catchnew 128 length= 42.639000 lengthDefect= 8.038500 defectSwitch='),
(339, '128 length= 42.639000 lengthDefect= 8.038500 short_length_n= 42.639000 short_length_defect_n= 8.038500 short_time_stamp_n=0 short_type_n=0'),
(340, '128 length= 45.202000 lengthDefect= 8.038500 short_length_n= 45.202000 short_length_defect_n= 8.038500 short_time_stamp_n=0 short_type_n=0'),
(341, '128 length= 45.202000 lengthDefect= 8.038500 short_length_n= 45.202000 short_length_defect_n= 8.038500 short_time_stamp_n=0 short_type_n=0'),
(342, 'catchnew 128 length= 45.202000 lengthDefect= 8.038500 defectSwitch='),
(343, '128 length= 45.202000 lengthDefect= 8.038500 short_length_n= 45.202000 short_length_defect_n= 8.038500 short_time_stamp_n=0 short_type_n=0'),
(344, '128 length= 45.202000 lengthDefect= 8.038500 short_length_n= 45.202000 short_length_defect_n= 8.038500 short_time_stamp_n=0 short_type_n=0'),
(345, 'catchnew 128 length= 45.202000 lengthDefect= 8.038500 defectSwitch='),
(346, '128 length= 45.202000 lengthDefect= 8.038500 short_length_n= 45.202000 short_length_defect_n= 8.038500 short_time_stamp_n=0 short_type_n=0'),
(347, '128 length= 45.202000 lengthDefect= 8.038500 short_length_n= 45.202000 short_length_defect_n= 8.038500 short_time_stamp_n=0 short_type_n=0'),
(348, '128 length= 53.473500 lengthDefect= 8.038500 short_length_n= 53.473500 short_length_defect_n= 8.038500 short_time_stamp_n=0 short_type_n=0'),
(349, '128 length= 53.473500 lengthDefect= 8.038500 short_length_n= 53.473500 short_length_defect_n= 8.038500 short_time_stamp_n=0 short_type_n=0'),
(350, 'catchnew 128 length= 53.473500 lengthDefect= 8.038500 defectSwitch='),
(351, '128 length= 53.473500 lengthDefect= 8.038500 short_length_n= 53.473500 short_length_defect_n= 8.038500 short_time_stamp_n=0 short_type_n=0'),
(352, '128 length= 53.473500 lengthDefect= 8.038500 short_length_n= 53.473500 short_length_defect_n= 8.038500 short_time_stamp_n=0 short_type_n=0'),
(353, 'catchnew 128 length= 53.473500 lengthDefect= 8.038500 defectSwitch=0'),
(354, '129 length= 0.000000 lengthDefect= 0.000000 short_length_n= 0.000000 short_length_defect_n= 0.000000 short_time_stamp_n=0 short_type_n=0'),
(355, '129 length= 10.601500 lengthDefect= 0.000000 short_length_n= 10.601500 short_length_defect_n= 0.000000 short_time_stamp_n=0 short_type_n=0'),
(356, '129 length= 15.727500 lengthDefect= 0.000000 short_length_n= 15.727500 short_length_defect_n= 0.000000 short_time_stamp_n=0 short_type_n=0'),
(357, '129 length= 20.271000 lengthDefect= 0.000000 short_length_n= 20.271000 short_length_defect_n= 0.000000 short_time_stamp_n=0 short_type_n=0'),
(358, '129 length= 20.271000 lengthDefect= 0.000000 short_length_n= 20.271000 short_length_defect_n= 0.000000 short_time_stamp_n=2017-10-24 12:10:34 short_type_n=0'),
(359, '129 length= 20.271000 lengthDefect= 4.310500 short_length_n= 20.271000 short_length_defect_n= 4.310500 short_time_stamp_n=0 short_type_n=1'),
(360, '129 length= 24.115500 lengthDefect= 6.524000 short_length_n= 20.271000 short_length_defect_n= 6.524000 short_time_stamp_n=2017-10-24 12:10:40 short_type_n=1'),
(361, '129 length= 24.115500 lengthDefect= 6.524000 short_length_n= 20.271000 short_length_defect_n= 6.524000 short_time_stamp_n=2017-10-24 12:10:40 short_type_n=1'),
(362, '129 length= 24.115500 lengthDefect= 6.524000 short_length_n= 0 short_length_defect_n= 0 short_time_stamp_n=0 short_type_n=0'),
(363, 'catchnew 129 length= 24.115500 lengthDefect= 6.524000 defectSwitch=0'),
(364, '126 length= 0.000000 lengthDefect= 0.000000 short_length_n= 0.000000 short_length_defect_n= 0.000000 short_time_stamp_n=0 short_type_n=0'),
(365, '126 length= 14.562500 lengthDefect= 4.776500 short_length_n= 8.970500 short_length_defect_n= 4.776500 short_time_stamp_n=2017-10-24 12:19:03 short_type_n=1'),
(366, '126 length= 14.562500 lengthDefect= 4.776500 short_length_n= 14.562500 short_length_defect_n= 4.776500 short_time_stamp_n=2017-10-24 12:19:04 short_type_n=0'),
(367, '126 length= 14.562500 lengthDefect= 20.387500 short_length_n= 14.562500 short_length_defect_n= 20.387500 short_time_stamp_n=0 short_type_n=1'),
(368, '126 length= 36.464500 lengthDefect= 26.795000 short_length_n= 14.562500 short_length_defect_n= 20.387500 short_time_stamp_n=2017-10-24 12:19:35 short_type_n=1'),
(369, '126 length= 36.464500 lengthDefect= 26.795000 short_length_n= 26.329000 short_length_defect_n= 21.319500 short_time_stamp_n=2017-10-24 12:19:40 short_type_n=0'),
(370, '126 length= 36.464500 lengthDefect= 26.795000 short_length_n= 26.329000 short_length_defect_n= 22.368000 short_time_stamp_n=2017-10-24 12:19:40 short_type_n=0'),
(371, '126 length= 36.464500 lengthDefect= 26.795000 short_length_n= 26.329000 short_length_defect_n= 24.465000 short_time_stamp_n=2017-10-24 12:19:41 short_type_n=1'),
(372, '126 length= 36.464500 lengthDefect= 26.795000 short_length_n= 27.960000 short_length_defect_n= 24.465000 short_time_stamp_n=2017-10-24 12:19:41 short_type_n=1'),
(373, '126 length= 36.464500 lengthDefect= 26.795000 short_length_n= 33.552000 short_length_defect_n= 24.465000 short_time_stamp_n=2017-10-24 12:19:42 short_type_n=0'),
(374, '126 length= 36.464500 lengthDefect= 26.795000 short_length_n= 33.668500 short_length_defect_n= 26.795000 short_time_stamp_n=2017-10-24 12:19:43 short_type_n=1'),
(375, '126 length= 36.464500 lengthDefect= 26.795000 short_length_n= 0 short_length_defect_n= 0 short_time_stamp_n=0 short_type_n=0'),
(376, 'catchnew 126 length= 36.464500 lengthDefect= 26.795000 defectSwitch=0'),
(377, '140 length= 0.000000 lengthDefect= 0.000000 short_length_n= 0.000000 short_length_defect_n= 0.000000 short_time_stamp_n=0 short_type_n=0'),
(378, '140 length= 7.456000 lengthDefect= 0.000000 short_length_n= 7.456000 short_length_defect_n= 0.000000 short_time_stamp_n=0 short_type_n=0'),
(379, '140 length= 7.456000 lengthDefect= 4.893000 short_length_n= 7.456000 short_length_defect_n= 0.000000 short_time_stamp_n=2017-11-06 14:40:17 short_type_n=0'),
(380, '140 length= 7.456000 lengthDefect= 4.077500 short_length_n= 7.456000 short_length_defect_n= 0.000000 short_time_stamp_n=2017-11-06 14:40:17 short_type_n=0'),
(381, '140 length= 10.834500 lengthDefect= 6.291000 short_length_n= 7.456000 short_length_defect_n= 6.291000 short_time_stamp_n=2017-11-06 14:40:25 short_type_n=1'),
(382, '140 length= 16.659500 lengthDefect= 6.291000 short_length_n= 16.659500 short_length_defect_n= 6.291000 short_time_stamp_n=0 short_type_n=0'),
(383, '140 length= 9.087000 lengthDefect= 6.291000 short_length_n= 9.087000 short_length_defect_n= 6.291000 short_time_stamp_n=0 short_type_n=0'),
(384, '140 length= 2.563000 lengthDefect= 6.291000 short_length_n= 2.563000 short_length_defect_n= 6.291000 short_time_stamp_n=0 short_type_n=0'),
(385, '140 length= 76.890000 lengthDefect= 6.291000 short_length_n= 76.890000 short_length_defect_n= 6.291000 short_time_stamp_n=0 short_type_n=0'),
(386, '140 length= 111.840000 lengthDefect= 6.291000 short_length_n= 111.840000 short_length_defect_n= 6.291000 short_time_stamp_n=0 short_type_n=0'),
(387, '140 length= 111.840000 lengthDefect= 6.291000 short_length_n= 111.840000 short_length_defect_n= 6.291000 short_time_stamp_n=0 short_type_n=0'),
(388, '143 length= 0.000000 lengthDefect= 0.000000 short_length_n= 0.000000 short_length_defect_n= 0.000000 short_time_stamp_n=2017-11-12 16:20:43 short_type_n=0'),
(389, '143 length= 0.000000 lengthDefect= 1.398000 short_length_n= 0.000000 short_length_defect_n= 1.398000 short_time_stamp_n=0 short_type_n=1'),
(390, '143 length= 0.000000 lengthDefect= 3.611500 short_length_n= 0.000000 short_length_defect_n= 3.611500 short_time_stamp_n=0 short_type_n=1'),
(391, '143 length= 0.000000 lengthDefect= 3.378500 short_length_n= 0.000000 short_length_defect_n= 3.378500 short_time_stamp_n=2017-11-12 16:23:35 short_type_n=0'),
(392, 'catchnew 143 length= 0.000000 lengthDefect= 3.378500 defectSwitch=1'),
(393, '137 length= 0.000000 lengthDefect= 0.000000 short_length_n= 0.000000 short_length_defect_n= 0.000000 short_time_stamp_n=0 short_type_n=1'),
(394, '144 length= 0.000000 lengthDefect= 0.000000 short_length_n= 0.000000 short_length_defect_n= 0.000000 short_time_stamp_n=0 short_type_n=1'),
(395, '144 length= 0.000000 lengthDefect= 0.000000 short_length_n= 0.000000 short_length_defect_n= 0.000000 short_time_stamp_n=0 short_type_n=1'),
(396, '131 length= 0.000000 lengthDefect= 0.000000 short_length_n= 0.000000 short_length_defect_n= 0.000000 short_time_stamp_n=0 short_type_n=0'),
(397, '131 length= 0.000000 lengthDefect= 0.000000 short_length_n= 0.000000 short_length_defect_n= 0.000000 short_time_stamp_n=0 short_type_n=0'),
(398, '131 length= 0.000000 lengthDefect= 0.000000 short_length_n= 0.000000 short_length_defect_n= 0.000000 short_time_stamp_n=0 short_type_n=0'),
(399, '131 length= 26.562000 lengthDefect= 88.889500 short_length_n= 26.562000 short_length_defect_n= 0.000000 short_time_stamp_n=2017-11-29 10:12:29 short_type_n=0'),
(400, '131 length= 26.562000 lengthDefect= 88.889500 short_length_n= 26.562000 short_length_defect_n= 88.889500 short_time_stamp_n=0 short_type_n=1'),
(401, 'catchnew 131 length= 26.562000 lengthDefect= 88.889500 defectSwitch=1'),
(402, '132 length= 0.000000 lengthDefect= 0.000000 short_length_n= 0.000000 short_length_defect_n= 0.000000 short_time_stamp_n=0 short_type_n=1'),
(403, '132 length= 0.000000 lengthDefect= 0.000000 short_length_n= 0.000000 short_length_defect_n= 0.000000 short_time_stamp_n=0 short_type_n=1'),
(404, '132 length= 0.000000 lengthDefect= 0.000000 short_length_n= 0.000000 short_length_defect_n= 0.000000 short_time_stamp_n=2017-11-29 11:05:28 short_type_n=1'),
(405, '132 length= 0.000000 lengthDefect= 0.000000 short_length_n= 0.000000 short_length_defect_n= 0.000000 short_time_stamp_n=2017-11-29 11:05:28 short_type_n=1'),
(406, '132 length= 3.844500 lengthDefect= 0.000000 short_length_n= 3.844500 short_length_defect_n= 0.000000 short_time_stamp_n=0 short_type_n=0'),
(407, '132 length= 12.582000 lengthDefect= 0.000000 short_length_n= 12.582000 short_length_defect_n= 0.000000 short_time_stamp_n=0 short_type_n=0'),
(408, '132 length= 12.582000 lengthDefect= 0.000000 short_length_n= 12.582000 short_length_defect_n= 0.000000 short_time_stamp_n=2017-11-29 11:08:20 short_type_n=1'),
(409, '132 length= 12.582000 lengthDefect= 0.000000 short_length_n= 12.582000 short_length_defect_n= 0.000000 short_time_stamp_n=2017-11-29 11:08:30 short_type_n=0'),
(410, '132 length= 12.582000 lengthDefect= 15.727500 short_length_n= 12.582000 short_length_defect_n= 15.727500 short_time_stamp_n=0 short_type_n=1'),
(411, '132 length= 12.582000 lengthDefect= 21.552500 short_length_n= 12.582000 short_length_defect_n= 21.552500 short_time_stamp_n=0 short_type_n=1'),
(412, '132 length= 12.582000 lengthDefect= 21.552500 short_length_n= 12.582000 short_length_defect_n= 21.552500 short_time_stamp_n=2017-11-29 11:12:16 short_type_n=1'),
(413, '132 length= 12.582000 lengthDefect= 21.552500 short_length_n= 12.582000 short_length_defect_n= 21.552500 short_time_stamp_n=2017-11-29 11:12:16 short_type_n=1'),
(414, '132 length= 23.300000 lengthDefect= 21.552500 short_length_n= 23.300000 short_length_defect_n= 21.552500 short_time_stamp_n=0 short_type_n=0'),
(415, '132 length= 79.686000 lengthDefect= 62.910000 short_length_n= 58.832500 short_length_defect_n= 21.902000 short_time_stamp_n=2017-11-29 11:14:38 short_type_n=0'),
(416, '132 length= 79.686000 lengthDefect= 62.910000 short_length_n= 59.298500 short_length_defect_n= 45.202000 short_time_stamp_n=2017-11-29 11:14:41 short_type_n=1'),
(417, '132 length= 79.686000 lengthDefect= 62.910000 short_length_n= 59.764500 short_length_defect_n= 45.202000 short_time_stamp_n=2017-11-29 11:14:41 short_type_n=1'),
(418, '132 length= 79.686000 lengthDefect= 62.910000 short_length_n= 74.793000 short_length_defect_n= 46.134000 short_time_stamp_n=2017-11-29 11:14:44 short_type_n=0'),
(419, '132 length= 79.686000 lengthDefect= 62.910000 short_length_n= 75.608500 short_length_defect_n= 62.910000 short_time_stamp_n=2017-11-29 11:14:47 short_type_n=1'),
(420, '132 length= 86.909000 lengthDefect= 62.910000 short_length_n= 86.909000 short_length_defect_n= 62.910000 short_time_stamp_n=0 short_type_n=0'),
(421, '132 length= 116.849500 lengthDefect= 69.550500 short_length_n= 99.025000 short_length_defect_n= 63.259500 short_time_stamp_n=2017-11-29 11:24:37 short_type_n=0'),
(422, '132 length= 116.849500 lengthDefect= 69.550500 short_length_n= 99.141500 short_length_defect_n= 64.191500 short_time_stamp_n=2017-11-29 11:24:38 short_type_n=1'),
(423, '132 length= 116.849500 lengthDefect= 69.550500 short_length_n= 102.869500 short_length_defect_n= 64.424500 short_time_stamp_n=2017-11-29 11:24:39 short_type_n=0'),
(424, '132 length= 116.849500 lengthDefect= 69.550500 short_length_n= 102.869500 short_length_defect_n= 66.405000 short_time_stamp_n=2017-11-29 11:24:39 short_type_n=1'),
(425, '132 length= 116.849500 lengthDefect= 69.550500 short_length_n= 107.529500 short_length_defect_n= 66.638000 short_time_stamp_n=2017-11-29 11:24:40 short_type_n=0'),
(426, '132 length= 116.849500 lengthDefect= 69.550500 short_length_n= 107.995500 short_length_defect_n= 66.754500 short_time_stamp_n=2017-11-29 11:24:40 short_type_n=1'),
(427, '132 length= 116.849500 lengthDefect= 69.550500 short_length_n= 108.112000 short_length_defect_n= 66.754500 short_time_stamp_n=2017-11-29 11:24:40 short_type_n=1'),
(428, '132 length= 116.849500 lengthDefect= 69.550500 short_length_n= 115.335000 short_length_defect_n= 67.453500 short_time_stamp_n=2017-11-29 11:24:42 short_type_n=0'),
(429, '132 length= 116.849500 lengthDefect= 69.550500 short_length_n= 116.034000 short_length_defect_n= 69.550500 short_time_stamp_n=2017-11-29 11:24:42 short_type_n=1'),
(430, '132 length= 116.849500 lengthDefect= 69.550500 short_length_n= 0 short_length_defect_n= 0 short_time_stamp_n=0 short_type_n=0'),
(431, 'catchnew 132 length= 116.849500 lengthDefect= 69.550500 defectSwitch=0'),
(432, '141 length= 0.000000 lengthDefect= 0.000000 short_length_n= 0.000000 short_length_defect_n= 0.000000 short_time_stamp_n=0 short_type_n=0'),
(433, '141 length= 10.368500 lengthDefect= 0.000000 short_length_n= 10.368500 short_length_defect_n= 0.000000 short_time_stamp_n=0 short_type_n=0'),
(434, '141 length= 31.688000 lengthDefect= 0.000000 short_length_n= 31.688000 short_length_defect_n= 0.000000 short_time_stamp_n=0 short_type_n=0'),
(435, '141 length= 35.066500 lengthDefect= 8.854000 short_length_n= 31.688000 short_length_defect_n= 8.854000 short_time_stamp_n=2017-11-29 11:34:07 short_type_n=1'),
(436, '141 length= 35.066500 lengthDefect= 8.854000 short_length_n= 31.804500 short_length_defect_n= 8.854000 short_time_stamp_n=2017-11-29 11:34:07 short_type_n=1'),
(437, '141 length= 35.066500 lengthDefect= 8.854000 short_length_n= 35.066500 short_length_defect_n= 8.854000 short_time_stamp_n=0 short_type_n=0'),
(438, '141 length= 26.795000 lengthDefect= 8.854000 short_length_n= 26.795000 short_length_defect_n= 8.854000 short_time_stamp_n=0 short_type_n=0'),
(439, '141 length= 26.795000 lengthDefect= 8.854000 short_length_n= 26.795000 short_length_defect_n= 8.854000 short_time_stamp_n=0 short_type_n=0'),
(440, '141 length= 15.494500 lengthDefect= 8.854000 short_length_n= 15.494500 short_length_defect_n= 8.854000 short_time_stamp_n=0 short_type_n=0'),
(441, '141 length= 17.009000 lengthDefect= 8.854000 short_length_n= 17.009000 short_length_defect_n= 8.854000 short_time_stamp_n=0 short_type_n=0'),
(442, '141 length= 15.844000 lengthDefect= 8.854000 short_length_n= 15.844000 short_length_defect_n= 8.854000 short_time_stamp_n=0 short_type_n=0'),
(443, '141 length= 15.844000 lengthDefect= 8.854000 short_length_n= 15.844000 short_length_defect_n= 8.854000 short_time_stamp_n=2017-11-29 11:46:48 short_type_n=0'),
(444, '141 length= 15.844000 lengthDefect= 8.854000 short_length_n= 15.844000 short_length_defect_n= 8.854000 short_time_stamp_n=2017-11-29 11:46:48 short_type_n=0'),
(445, '141 length= 15.844000 lengthDefect= 8.854000 short_length_n= 15.844000 short_length_defect_n= 8.854000 short_time_stamp_n=2017-11-29 11:46:51 short_type_n=1'),
(446, '141 length= 15.844000 lengthDefect= 8.854000 short_length_n= 15.844000 short_length_defect_n= 8.854000 short_time_stamp_n=2017-11-29 11:46:51 short_type_n=1'),
(447, '141 length= 5.708500 lengthDefect= 8.854000 short_length_n= 5.708500 short_length_defect_n= 8.854000 short_time_stamp_n=0 short_type_n=0'),
(448, '141 length= 5.708500 lengthDefect= 8.854000 short_length_n= 5.708500 short_length_defect_n= 8.854000 short_time_stamp_n=2017-11-29 11:47:44 short_type_n=0'),
(449, '141 length= 5.708500 lengthDefect= 8.854000 short_length_n= 5.708500 short_length_defect_n= 8.854000 short_time_stamp_n=2017-11-29 11:47:45 short_type_n=1'),
(450, '141 length= 5.708500 lengthDefect= 8.854000 short_length_n= 5.708500 short_length_defect_n= 8.854000 short_time_stamp_n=2017-11-29 11:47:45 short_type_n=1'),
(451, '141 length= 5.708500 lengthDefect= 8.854000 short_length_n= 5.708500 short_length_defect_n= 8.854000 short_time_stamp_n=2017-11-29 11:51:44 short_type_n=0'),
(452, '141 length= 5.708500 lengthDefect= 8.854000 short_length_n= 5.708500 short_length_defect_n= 8.854000 short_time_stamp_n=2017-11-29 11:51:45 short_type_n=1'),
(453, '141 length= 5.708500 lengthDefect= 8.854000 short_length_n= 5.708500 short_length_defect_n= 8.854000 short_time_stamp_n=2017-11-29 11:51:46 short_type_n=1');

-- --------------------------------------------------------

--
-- Table structure for table `users`
--

CREATE TABLE IF NOT EXISTS `users` (
  `id` int(11) NOT NULL,
  `username` varchar(50) NOT NULL,
  `password` varchar(50) NOT NULL,
  `first_name` varchar(50) NOT NULL,
  `last_name` varchar(50) NOT NULL,
  `level_id` int(11) NOT NULL,
  `created_at` timestamp NOT NULL DEFAULT CURRENT_TIMESTAMP ON UPDATE CURRENT_TIMESTAMP,
  `deleted_at` timestamp NULL DEFAULT NULL,
  `updated_at` timestamp NULL DEFAULT NULL,
  `lang` int(11) NOT NULL DEFAULT '0'
) ENGINE=MyISAM AUTO_INCREMENT=67 DEFAULT CHARSET=latin1;

--
-- Dumping data for table `users`
--

INSERT INTO `users` (`id`, `username`, `password`, `first_name`, `last_name`, `level_id`, `created_at`, `deleted_at`, `updated_at`, `lang`) VALUES
(21, 'GERARDO P', 'sha1(Z3150227)', 'PADILLA HERNANDEZ, GERARDO GUADALUPE', '', 3, '2017-02-28 07:00:00', NULL, NULL, 0),
(20, 'HERIBERTO P', 'sha1(Z3114613)', 'PACHECO RAMIREZ, HERIBERTO', '', 3, '2017-02-28 07:00:00', NULL, NULL, 0),
(19, 'JOSE N', 'sha1(Z3131148)', 'NUÑEZ MOLINA, JOSE ALFREDO', '', 3, '2017-02-28 07:00:00', NULL, NULL, 0),
(8, 'admin', '8cb2237d0679ca88db6464eac60da96345513964', 'Administrador', 'General', 1, '2017-11-29 17:26:43', NULL, '2017-10-31 23:23:37', 0),
(18, 'SONIA L', 'sha1(Z3129735)', 'LOZOYA LOZOYA, SONIA YUDIT', '', 3, '2017-02-28 07:00:00', NULL, NULL, 0),
(17, 'BEATRIZ L', 'sha1(Z3128183)', 'LAZCANO COBOS, BEATRIZ', '', 3, '2017-02-28 07:00:00', NULL, NULL, 0),
(15, 'HUGO D', 'sha1(Z3143566)', 'DURAN PACHECO, HUGO ALEXIS', '', 3, '2017-02-28 07:00:00', NULL, NULL, 0),
(16, 'MANUEL F', 'sha1(Z341200)', 'FLORES MUÑIZ, MANUEL ALEJANDRO', '', 3, '2017-02-28 07:00:00', NULL, NULL, 0),
(13, 'prod', '7c4a8d09ca3762af61e59520943dc26494f8941b', 'Produccion', 'Operador', 3, '2017-10-16 23:59:51', NULL, NULL, 0),
(14, 'Fer', '7c4a8d09ca3762af61e59520943dc26494f8941b', 'Fernando', 'Cossio', 2, '2017-03-03 15:53:06', NULL, NULL, 0),
(22, 'ADRIAN S', 'sha1(Z3138873)', 'SALINAS COTA, ADRIAN', '', 3, '2017-02-28 07:00:00', NULL, NULL, 0),
(23, 'ROSALBA S', 'sha1(Z3125550)', 'SANSABAS SIFUENTES, ROSALBA', '', 3, '2017-02-28 07:00:00', NULL, NULL, 0),
(24, 'EDGAR S', 'sha1(Z3137185)', 'SILVA LOPEZ, EDGAR ARMANDO', '', 3, '2017-02-28 07:00:00', NULL, NULL, 0),
(25, 'HEBER S', 'sha1(Z3145347)', 'SOTO ESCARCEGA, HEBER HUMBERTO', '', 3, '2017-02-28 07:00:00', NULL, NULL, 0),
(26, 'EDI B', 'sha1(Z3137407)', 'BEATRIZ PEREZ, EDI', '', 2, '2017-02-28 07:00:00', NULL, NULL, 0),
(27, 'CARMEN H', 'sha1(Z1116644)', 'HERNANDEZ ANAYA CARMEN', '', 2, '2017-02-28 07:00:00', NULL, NULL, 0),
(28, 'JESUS L', 'sha1(Z2127923)', 'LASSO CARBAJAL, JESUS MANUEL', '', 2, '2017-02-28 07:00:00', NULL, NULL, 0),
(29, 'MARIO R', 'sha1(Z127138)', 'RUIZ NEVAREZ, MARIO ALFREDO', '', 1, '2017-02-28 07:00:00', NULL, NULL, 0),
(30, 'RODOLFO A', 'sha1(Z141466)', 'ALVARADO TORRES, RODOLFO GERARDO', '', 3, '2017-02-28 07:00:00', NULL, NULL, 0),
(31, 'OSMAN B', 'sha1(Z141218)', 'BALLESTEROS DUARTE, OSMAN GERARDO', '', 3, '2017-02-28 07:00:00', NULL, NULL, 0),
(32, 'ANCELMO B', 'sha1(Z1133697)', 'BARRIOS AGUILAR, ANCELMO', '', 3, '2017-02-28 07:00:00', NULL, NULL, 0),
(33, 'EDGAR B', 'sha1(Z140201)', 'BRECEDA CHAVARRIA, EDGAR ADRIAN', '', 3, '2017-02-28 07:00:00', NULL, NULL, 0),
(34, 'DIEGO C', 'sha1(Z1139830)', 'CORRAL MURGUIA, DIEGO JESUS', '', 3, '2017-02-28 07:00:00', NULL, NULL, 0),
(35, 'HERRERA D', 'sha1(Z140736)', 'DE LEON HERRERA, GERARDO', '', 3, '2017-02-28 07:00:00', NULL, NULL, 0),
(36, 'LUIS G', 'sha1(Z140135)', 'GARCIA GONZALEZ, LUIS ARMANDO', '', 3, '2017-02-28 07:00:00', NULL, NULL, 0),
(37, 'RAMON G', 'sha1(Z1144661)', 'GARCIA SOTELO, RAMON', '', 3, '2017-02-28 07:00:00', NULL, NULL, 0),
(38, 'MARIO O', 'sha1(Z141468)', 'ORONA VAZQUEZ, MARIO ARMANDO', '', 3, '2017-02-28 07:00:00', NULL, NULL, 0),
(39, 'LUIS P', 'sha1(Z1130764)', 'PAZ ESCOBEDO LUIS GERARDO', '', 2, '2017-02-28 07:00:00', NULL, NULL, 0),
(40, 'MIGUEL R', 'sha1(Z1137710)', 'RODRIGUEZ CARRILLO, MIGUEL ANGEL', '', 3, '2017-02-28 07:00:00', NULL, NULL, 0),
(41, 'HECTOR R', 'sha1(Z1134548)', 'RODRIGUEZ SANTANA HECTOR EFREN', '', 3, '2017-02-28 07:00:00', NULL, NULL, 0),
(42, 'RICARDO R', 'sha1(Z141130)', 'ROMERO GUTIERREZ, RICARDO', '', 3, '2017-02-28 07:00:00', NULL, NULL, 0),
(43, 'MIRNA S', 'sha1(Z1140879)', 'SEPULVEDA VALENZUELA, MIRNA VIRIDIANA', '', 2, '2017-02-28 07:00:00', NULL, NULL, 0),
(44, 'SERGIO T', 'sha1(Z1140231)', 'TAPIA MORALES, SERGIO GUILLERMO', '', 2, '2017-02-28 07:00:00', NULL, NULL, 0),
(45, 'IRVING A', 'sha1(Z241366)', 'ANCHONDO VILLALOBOS, IRVING', '', 3, '2017-02-28 07:00:00', NULL, NULL, 0),
(46, 'BRYAN A', 'sha1(Z2150265)', 'AVIÑA MENDIAS, BRYAN GERARDO', '', 3, '2017-02-28 07:00:00', NULL, NULL, 0),
(47, 'HUGO C', 'sha1(Z2140135)', 'CORRAL HERNANDEZ, HUGO', '', 3, '2017-02-28 07:00:00', NULL, NULL, 0),
(48, 'GERARDO G', 'sha1(Z2131007)', 'GALVAN RODRIGUEZ, GERARDO', '', 3, '2017-02-28 07:00:00', NULL, NULL, 0),
(49, 'CARLOS G', 'sha1(Z2128525)', 'GARDEA DANIEL, CARLOS MARIO', '', 3, '2017-02-28 07:00:00', NULL, NULL, 0),
(50, 'MARCO G', 'sha1(Z240854)', 'GONZALEZ MURILLO, MARCO ANTONIO', '', 3, '2017-02-28 07:00:00', NULL, NULL, 0),
(51, 'MANUEL G', 'sha1(Z241435)', 'GUTIERREZ SOSA, MANUEL ALEJANDRO', '', 3, '2017-02-28 07:00:00', NULL, NULL, 0),
(52, 'RAUL L', 'sha1(Z240735)', 'LOPEZ CARRERA, RAUL ABRAHAM', '', 3, '2017-02-28 07:00:00', NULL, NULL, 0),
(53, 'ZULEMA M', 'sha1(Z2135687)', 'MUÑIZ FLORES, ZULEMA', '', 3, '2017-02-28 07:00:00', NULL, NULL, 0),
(54, 'DONATO O', 'sha1(Z2141080)', 'OLIVERA IBARRA, DONATO', '', 3, '2017-02-28 07:00:00', NULL, NULL, 0),
(55, 'RUBEN R', 'sha1(Z240994)', 'RODRIGUEZ OLIVAS, RUBEN ERUBEY', '', 3, '2017-02-28 07:00:00', NULL, NULL, 0),
(56, 'MARCELINA R', 'sha1(Z241320)', 'ROMERO MENCHACA, MARCELINA', '', 3, '2017-02-28 07:00:00', NULL, NULL, 0),
(57, 'ERICK Z', 'sha1(Z286049)', 'ZAMARRON GARCIA, ERICK  DANIEL', '', 3, '2017-02-28 07:00:00', NULL, NULL, 0),
(58, 'FRANCISCO Z', 'sha1(Z2148428)', 'ZENDEJAS MALDONADO, FRANCISCO FERNANDO', '', 3, '2017-02-28 07:00:00', NULL, NULL, 0),
(59, 'JESUS G', 'sha1(Z143479)', 'GARCIA MARTINEZ, JESUS ABRAHAM', '', 1, '2017-02-28 07:00:00', NULL, NULL, 0),
(60, 'HUGO D', '0186aaebda0815bc1f069afa2ca39ff5aa047421', 'DURAN PACHECO, HUGO ALEXIS', '', 3, '2017-03-03 15:41:46', NULL, NULL, 0),
(61, 'root', 'c489933a16ee17604ba58a2bec7f3f4c2441f53f', 'root', 'root', 1, '2017-07-28 18:00:10', '2017-07-28 18:00:10', NULL, 0),
(62, 'root', 'c489933a16ee17604ba58a2bec7f3f4c2441f53f', 'root', 'root', 1, '2017-08-02 14:47:57', '2017-08-02 14:47:57', '2017-08-02 14:47:15', 0),
(63, 'mariogarcia', '7c4a8d09ca3762af61e59520943dc26494f8941b', 'Mario', 'Garcia', 1, '2017-08-03 00:13:27', NULL, NULL, 0),
(64, 'prueba', '40bd001563085fc35165329ea1ff5c5ecbdbbeef', 'prueba', 'prueba', 1, '2017-08-22 18:34:44', NULL, NULL, 0),
(65, 'nuevo usuario', '7c4a8d09ca3762af61e59520943dc26494f8941b', 'luis', 'perez', 1, '2017-09-01 20:31:12', NULL, '2017-09-01 20:19:45', 1),
(66, 'luis', '40bd001563085fc35165329ea1ff5c5ecbdbbeef', 'luis', 'perez', 1, '2017-09-12 17:23:13', NULL, NULL, 1);

-- --------------------------------------------------------

--
-- Table structure for table `user_levels`
--

CREATE TABLE IF NOT EXISTS `user_levels` (
  `id` int(11) NOT NULL,
  `level_name` varchar(50) NOT NULL,
  `created_at` timestamp NOT NULL DEFAULT CURRENT_TIMESTAMP ON UPDATE CURRENT_TIMESTAMP,
  `deleted_at` timestamp NULL DEFAULT NULL,
  `updated_at` timestamp NULL DEFAULT NULL
) ENGINE=MyISAM AUTO_INCREMENT=4 DEFAULT CHARSET=latin1;

--
-- Dumping data for table `user_levels`
--

INSERT INTO `user_levels` (`id`, `level_name`, `created_at`, `deleted_at`, `updated_at`) VALUES
(1, 'APUL', '2017-02-28 01:40:08', NULL, NULL),
(2, 'SME', '2017-02-28 01:40:16', NULL, NULL),
(3, 'OPERATOR', '2017-02-28 01:40:38', NULL, NULL);

-- --------------------------------------------------------

--
-- Table structure for table `user_levels_to_privileges`
--

CREATE TABLE IF NOT EXISTS `user_levels_to_privileges` (
  `user_level_id` int(11) NOT NULL,
  `privilege_id` int(11) NOT NULL,
  `created_at` timestamp NOT NULL DEFAULT CURRENT_TIMESTAMP ON UPDATE CURRENT_TIMESTAMP,
  `deleted_at` timestamp NULL DEFAULT NULL,
  `updated_at` timestamp NULL DEFAULT NULL
) ENGINE=MyISAM DEFAULT CHARSET=latin1;

--
-- Dumping data for table `user_levels_to_privileges`
--

INSERT INTO `user_levels_to_privileges` (`user_level_id`, `privilege_id`, `created_at`, `deleted_at`, `updated_at`) VALUES
(1, 1, '2016-12-30 03:20:37', NULL, NULL),
(1, 2, '2016-12-30 03:20:42', NULL, NULL);

-- --------------------------------------------------------

--
-- Table structure for table `user_privileges`
--

CREATE TABLE IF NOT EXISTS `user_privileges` (
  `id` int(11) NOT NULL,
  `privilege` varchar(50) NOT NULL,
  `created_at` timestamp NOT NULL DEFAULT CURRENT_TIMESTAMP ON UPDATE CURRENT_TIMESTAMP,
  `deleted_at` timestamp NULL DEFAULT NULL,
  `updated_at` timestamp NULL DEFAULT NULL
) ENGINE=MyISAM AUTO_INCREMENT=3 DEFAULT CHARSET=latin1;

--
-- Dumping data for table `user_privileges`
--

INSERT INTO `user_privileges` (`id`, `privilege`, `created_at`, `deleted_at`, `updated_at`) VALUES
(1, 'All', '2016-12-30 03:19:31', NULL, NULL),
(2, 'Read only', '2016-12-30 03:19:44', NULL, NULL);

--
-- Indexes for dumped tables
--

--
-- Indexes for table `cuts`
--
ALTER TABLE `cuts`
  ADD PRIMARY KEY (`id`), ADD KEY `mo` (`mo`), ADD KEY `fiber_id` (`fiber_id`);

--
-- Indexes for table `cut_defect`
--
ALTER TABLE `cut_defect`
  ADD PRIMARY KEY (`id`), ADD KEY `id_cut` (`id_cut`);

--
-- Indexes for table `cut_mos_to_products`
--
ALTER TABLE `cut_mos_to_products`
  ADD PRIMARY KEY (`mo`,`product_id`);

--
-- Indexes for table `cut_pause`
--
ALTER TABLE `cut_pause`
  ADD PRIMARY KEY (`id`), ADD KEY `id_cut` (`id_cut`);

--
-- Indexes for table `cut_presets`
--
ALTER TABLE `cut_presets`
  ADD PRIMARY KEY (`id`);

--
-- Indexes for table `cut_presets_to_products`
--
ALTER TABLE `cut_presets_to_products`
  ADD PRIMARY KEY (`preset_id`,`product_id`);

--
-- Indexes for table `cut_products`
--
ALTER TABLE `cut_products`
  ADD PRIMARY KEY (`id`);

--
-- Indexes for table `cut_type`
--
ALTER TABLE `cut_type`
  ADD PRIMARY KEY (`id`);

--
-- Indexes for table `defects`
--
ALTER TABLE `defects`
  ADD PRIMARY KEY (`id`);

--
-- Indexes for table `down_time_reason`
--
ALTER TABLE `down_time_reason`
  ADD PRIMARY KEY (`id`);

--
-- Indexes for table `languaje`
--
ALTER TABLE `languaje`
  ADD PRIMARY KEY (`id`);

--
-- Indexes for table `locations`
--
ALTER TABLE `locations`
  ADD PRIMARY KEY (`id`);

--
-- Indexes for table `location_capacities`
--
ALTER TABLE `location_capacities`
  ADD PRIMARY KEY (`id`), ADD KEY `id_location` (`id_location`);

--
-- Indexes for table `parte`
--
ALTER TABLE `parte`
  ADD PRIMARY KEY (`id`);

--
-- Indexes for table `parte_fibra`
--
ALTER TABLE `parte_fibra`
  ADD PRIMARY KEY (`id`), ADD KEY `id_parte` (`id_parte`), ADD KEY `id_fibra` (`id_fibra`);

--
-- Indexes for table `programas`
--
ALTER TABLE `programas`
  ADD PRIMARY KEY (`id`);

--
-- Indexes for table `programa_parte`
--
ALTER TABLE `programa_parte`
  ADD PRIMARY KEY (`id`), ADD KEY `programa` (`programa`), ADD KEY `parte` (`parte`);

--
-- Indexes for table `records`
--
ALTER TABLE `records`
  ADD PRIMARY KEY (`id`);

--
-- Indexes for table `record_reasons`
--
ALTER TABLE `record_reasons`
  ADD PRIMARY KEY (`id`);

--
-- Indexes for table `rolls`
--
ALTER TABLE `rolls`
  ADD PRIMARY KEY (`id`), ADD UNIQUE KEY `lote` (`lote`);

--
-- Indexes for table `roll_fibers`
--
ALTER TABLE `roll_fibers`
  ADD PRIMARY KEY (`id`);

--
-- Indexes for table `roll_providers`
--
ALTER TABLE `roll_providers`
  ADD PRIMARY KEY (`id`);

--
-- Indexes for table `roll_states`
--
ALTER TABLE `roll_states`
  ADD PRIMARY KEY (`id`);

--
-- Indexes for table `shorts`
--
ALTER TABLE `shorts`
  ADD PRIMARY KEY (`id`), ADD KEY `id_cut` (`id_cut`);

--
-- Indexes for table `storage`
--
ALTER TABLE `storage`
  ADD PRIMARY KEY (`id`);

--
-- Indexes for table `trace`
--
ALTER TABLE `trace`
  ADD PRIMARY KEY (`id`);

--
-- Indexes for table `users`
--
ALTER TABLE `users`
  ADD PRIMARY KEY (`id`);

--
-- Indexes for table `user_levels`
--
ALTER TABLE `user_levels`
  ADD PRIMARY KEY (`id`);

--
-- Indexes for table `user_levels_to_privileges`
--
ALTER TABLE `user_levels_to_privileges`
  ADD PRIMARY KEY (`user_level_id`,`privilege_id`);

--
-- Indexes for table `user_privileges`
--
ALTER TABLE `user_privileges`
  ADD PRIMARY KEY (`id`);

--
-- AUTO_INCREMENT for dumped tables
--

--
-- AUTO_INCREMENT for table `cuts`
--
ALTER TABLE `cuts`
  MODIFY `id` int(11) NOT NULL AUTO_INCREMENT,AUTO_INCREMENT=150;
--
-- AUTO_INCREMENT for table `cut_defect`
--
ALTER TABLE `cut_defect`
  MODIFY `id` int(11) NOT NULL AUTO_INCREMENT;
--
-- AUTO_INCREMENT for table `cut_pause`
--
ALTER TABLE `cut_pause`
  MODIFY `id` int(11) NOT NULL AUTO_INCREMENT,AUTO_INCREMENT=245;
--
-- AUTO_INCREMENT for table `cut_presets`
--
ALTER TABLE `cut_presets`
  MODIFY `id` int(11) NOT NULL AUTO_INCREMENT;
--
-- AUTO_INCREMENT for table `cut_products`
--
ALTER TABLE `cut_products`
  MODIFY `id` int(11) NOT NULL AUTO_INCREMENT;
--
-- AUTO_INCREMENT for table `cut_type`
--
ALTER TABLE `cut_type`
  MODIFY `id` int(11) NOT NULL AUTO_INCREMENT,AUTO_INCREMENT=6;
--
-- AUTO_INCREMENT for table `defects`
--
ALTER TABLE `defects`
  MODIFY `id` int(11) NOT NULL AUTO_INCREMENT,AUTO_INCREMENT=100;
--
-- AUTO_INCREMENT for table `down_time_reason`
--
ALTER TABLE `down_time_reason`
  MODIFY `id` int(11) NOT NULL AUTO_INCREMENT,AUTO_INCREMENT=6;
--
-- AUTO_INCREMENT for table `locations`
--
ALTER TABLE `locations`
  MODIFY `id` int(11) NOT NULL AUTO_INCREMENT,AUTO_INCREMENT=19;
--
-- AUTO_INCREMENT for table `location_capacities`
--
ALTER TABLE `location_capacities`
  MODIFY `id` int(11) NOT NULL AUTO_INCREMENT,AUTO_INCREMENT=153;
--
-- AUTO_INCREMENT for table `parte`
--
ALTER TABLE `parte`
  MODIFY `id` int(11) NOT NULL AUTO_INCREMENT,AUTO_INCREMENT=431;
--
-- AUTO_INCREMENT for table `parte_fibra`
--
ALTER TABLE `parte_fibra`
  MODIFY `id` int(11) NOT NULL AUTO_INCREMENT,AUTO_INCREMENT=844;
--
-- AUTO_INCREMENT for table `programas`
--
ALTER TABLE `programas`
  MODIFY `id` int(11) NOT NULL AUTO_INCREMENT,AUTO_INCREMENT=25;
--
-- AUTO_INCREMENT for table `programa_parte`
--
ALTER TABLE `programa_parte`
  MODIFY `id` int(11) NOT NULL AUTO_INCREMENT,AUTO_INCREMENT=847;
--
-- AUTO_INCREMENT for table `records`
--
ALTER TABLE `records`
  MODIFY `id` int(11) NOT NULL AUTO_INCREMENT;
--
-- AUTO_INCREMENT for table `record_reasons`
--
ALTER TABLE `record_reasons`
  MODIFY `id` int(11) NOT NULL AUTO_INCREMENT,AUTO_INCREMENT=3;
--
-- AUTO_INCREMENT for table `rolls`
--
ALTER TABLE `rolls`
  MODIFY `id` int(11) NOT NULL AUTO_INCREMENT,AUTO_INCREMENT=85;
--
-- AUTO_INCREMENT for table `roll_fibers`
--
ALTER TABLE `roll_fibers`
  MODIFY `id` int(11) NOT NULL AUTO_INCREMENT,AUTO_INCREMENT=50;
--
-- AUTO_INCREMENT for table `roll_providers`
--
ALTER TABLE `roll_providers`
  MODIFY `id` int(11) NOT NULL AUTO_INCREMENT,AUTO_INCREMENT=10;
--
-- AUTO_INCREMENT for table `roll_states`
--
ALTER TABLE `roll_states`
  MODIFY `id` int(11) NOT NULL AUTO_INCREMENT,AUTO_INCREMENT=7;
--
-- AUTO_INCREMENT for table `shorts`
--
ALTER TABLE `shorts`
  MODIFY `id` int(11) NOT NULL AUTO_INCREMENT,AUTO_INCREMENT=325;
--
-- AUTO_INCREMENT for table `storage`
--
ALTER TABLE `storage`
  MODIFY `id` int(11) NOT NULL AUTO_INCREMENT,AUTO_INCREMENT=3;
--
-- AUTO_INCREMENT for table `trace`
--
ALTER TABLE `trace`
  MODIFY `id` int(11) NOT NULL AUTO_INCREMENT,AUTO_INCREMENT=454;
--
-- AUTO_INCREMENT for table `users`
--
ALTER TABLE `users`
  MODIFY `id` int(11) NOT NULL AUTO_INCREMENT,AUTO_INCREMENT=67;
--
-- AUTO_INCREMENT for table `user_levels`
--
ALTER TABLE `user_levels`
  MODIFY `id` int(11) NOT NULL AUTO_INCREMENT,AUTO_INCREMENT=4;
--
-- AUTO_INCREMENT for table `user_privileges`
--
ALTER TABLE `user_privileges`
  MODIFY `id` int(11) NOT NULL AUTO_INCREMENT,AUTO_INCREMENT=3;
/*!40101 SET CHARACTER_SET_CLIENT=@OLD_CHARACTER_SET_CLIENT */;
/*!40101 SET CHARACTER_SET_RESULTS=@OLD_CHARACTER_SET_RESULTS */;
/*!40101 SET COLLATION_CONNECTION=@OLD_COLLATION_CONNECTION */;
